<?xml version="1.0" encoding="ISO-8859-1"?>
<!-- edited with XMLSPY v2004 rel. 2 U (http://www.xmlspy.com) by Ed Piper (Firaxis Games) -->
<Civ4GameText xmlns="http://www.firaxis.com">
	<!-- Customiser Text by Orion Veteran -->
	<TEXT>
		<Tag>TXT_KEY_OCC_TEXT</Tag>
		<English>[H1]Orion's Limited Religions Mod[\H1][NEWLINE][SPACE]Welcome to Orion's Civ4 mod customiser! To turn components on or off, please edit the respective values in the GlobalDefinesAlt.xml file. Here is the current status for each component:</English>
		<French>[H1]Orion's Limited Religions Mod[\H1][NEWLINE][SPACE]Welcome to Orion's Civ4 mod customiser! To turn components on or off, please edit the respective values in the GlobalDefinesAlt.xml file. Here is the current status for each component:</French>
		<German>[H1]Orion's Limited Religions Mod[\H1][NEWLINE][SPACE]Welcome to Orion's Civ4 mod customiser! To turn components on or off, please edit the respective values in the GlobalDefinesAlt.xml file. Here is the current status for each component:</German>
		<Italian>[H1]Orion's Limited Religions Mod[\H1][NEWLINE][SPACE]Welcome to Orion's Civ4 mod customiser! To turn components on or off, please edit the respective values in the GlobalDefinesAlt.xml file. Here is the current status for each component:</Italian>
		<Spanish>[H1]Orion's Limited Religions Mod[\H1][NEWLINE][SPACE]Welcome to Orion's Civ4 mod customiser! To turn components on or off, please edit the respective values in the GlobalDefinesAlt.xml file. Here is the current status for each component:</Spanish>
	</TEXT>
	<!-- End Customiser -->
</Civ4GameText>
