<?xml version="1.0" encoding="ISO-8859-1"?>
<!-- edited with XMLSPY v2004 rel. 2 U (http://www.xmlspy.com) by Ed Piper (Firaxis Games) -->
<Civ4GameText xmlns="http://www.firaxis.com">
	<!-- Customiser Text by Orion Veteran -->
	<TEXT>
		<Tag>TXT_KEY_ARBORETUM_PEDIA_TEXT</Tag>
		<English>[H1]Arboretum[\H1][NEWLINE][SPACE]The Imperial City Arboretum is the southeast district of the Imperial City from which the Imperial City, Arena District, the Imperial City, Temple District, and the Imperial City Palace can be accessed. The Arboretum is the city's botanical gardens and is one of the only non-residential districts, the Arena being the other. Located in the center of the Aboretum are the statues of the Nine Divines. Scores of the city's citizens visit the Arboretum throughout the day. Trees, flowers mushrooms, and other flora enhance the serenity of the courtyard. During the Thieves Guild quest The Ultimate Heist, the player must access the Imperial City Sewers from the grate located in the northwest section of the district.</English>
		<French></French>
		<German></German>
		<Italian></Italian>
		<Spanish></Spanish>
	</TEXT>
	<TEXT>
		<Tag>TXT_KEY_WINTERHOLD_PEDIA_TEXT</Tag>
		<English>[H1]The College of Winterhold[\H1][NEWLINE][SPACE]Winterhold was once a great, powerful and wealthy hold, and its relationship with the College of Winterhold was good. In 4E 122, an unprecedented, cataclysmic event struck Winterhold and most of the areas along the coastline. A massive storm came in from the Sea of Ghosts, which brought huge waves which crashed into Winterhold. Most of the city fell into the sea, leaving the city in ruins both physically in terms of the destruction of the city itself, and the emotional and psychological damage to Winterhold's people. This event would eventually be referred to as "The Great Collapse." The disaster left Winterhold in ruins, and some had said that things would never be the same again, including Winterhold's relationship with the College. The people of Winterhold would eventually begin to blame the College for causing the Great Collapse. Winterhold has yet to recover from the Great Collapse.</English>
		<French></French>
		<German></German>
		<Italian></Italian>
		<Spanish></Spanish>
	</TEXT>
	<TEXT>
		<Tag>TXT_KEY_WHITE_GOLD_PEDIA_TEXT</Tag>
		<English>[H1]The White-Gold Tower[\H1][NEWLINE][SPACE]The White-Gold Tower (or White Gold Tower), also known as the Imperial City Palace or White-Gold, is an ancient Ayleid structure and one of the Towers of Nirn, located in the Green Emperor Way District of the Imperial City in the province of Cyrodiil. Originally called the Temple of the Ancestors, the tower was the center of the Ayleid religion and the original home of a set of ancient Ayleid statues known as the Ten Ancestors. Its existence predates the rise of man and the writing of history in the Imperial Province. Today, it is used mainly as the home of the Elder Council and the priceless Elder Scrolls.</English>
		<French></French>
		<German></German>
		<Italian></Italian>
		<Spanish></Spanish>
	</TEXT>
	<TEXT>
		<Tag>TXT_KEY_MINISTRY_PEDIA_TEXT</Tag>
		<English>[H1]The Ministry of Truth[\H1][NEWLINE][SPACE]The Ministry of Truth, also known as Baar Dau, Lie Rock, or Vivec Ministry, was a large floating satellite above the Temple at Vivec suspended only by the power of the god Vivec, and later the Ingenium. The Ministry of Truth is used as an inescapable prison where prisoners that are dangerous to the Tribunal Temple are kept. Baar Dau was a large moonlet sent to destroy Vivec City by the Daedric Prince, Sheogorath. When Vivec saw Baar Dau falling from the sky, he merely lifted his hand and it froze above the city. Instead of destroying the meteor, Vivec decided to keep it above his city, the reason for this was so that if the people of Vivec ever stopped loving him, the meteor would descend on them and destroy them all. When Vivec disappeared during the Oblivion Crisis around the very end of the Third Era, the Ministry became unstable. Two Dunmer, Sul and Vuhon, made a pact with Clavicus Vile to create a device known as the Ingenium, which would keep it afloat. The device that used souls as power to keep the Ministry suspended in air. At first, only the captured souls of outlaws and prisoners were used, but eventually innocent people were as well. Sometime between 4E 4 and 4E 5, when Sul's lover Ilzheven was sacrificed by Vuhon, he attempted to save her from the Ingenium. This caused the device to be destroyed and subsequently nothing kept the Ministry afloat; resulting in it violently crashing into the city of Vivec and completely destroyed it, creating an area known as Scathing Bay. The vibrations from the crash caused Red Mountain to erupt, beginning the Red Year. Most of Vvardenfell was and covered with ash or burning in flames, forcing its few surviving residents to flee in a hurry off of the island.[4] This event is said to be the final contributor in officially ending the Tribunal Temple's worship in Morrowind.</English>
		<French></French>
		<German></German>
		<Italian></Italian>
		<Spanish></Spanish>
	</TEXT>
	<TEXT>
		<Tag>TXT_KEY_BUILDING_SILVENAR_PALACE_ROOMS_PEDIA_TEXT</Tag>
		<English>[H1]Silvenar Palace Rooms[\H1][NEWLINE][SPACE]Location: Silvenar, Valenwood.</English>
		<French></French>
		<German></German>
		<Italian></Italian>
		<Spanish></Spanish>
	</TEXT>
	<TEXT>
		<Tag>TXT_KEY_MINISTRY_GWYLIM_TEXT</Tag>
		<English>[H1]The University of Gwylim[\H1][NEWLINE][SPACE]The University of Gwylim (sometimes called the University of Gwilym) is a university based in Cyrodiil that serves as a school, but also publishes a great deal of lore about the history of Tamriel. One of its best Sages was Tjurhane Fyrre, who wrote about his people, the Ayleids. The book Ancient Tales of the Dwemer by Marobar Sul was only published after they encouraged the publisher to do so. The university also teaches a number of Spells, and it is known that Erer Darothil was a teacher of Illusion at the university at some point. The university translated the book Opusculus Lamae Bal in 3E 105. In 2E 455, "Homfrey" was an esteemed historian from this university.</English>
		<French></French>
		<German></German>
		<Italian></Italian>
		<Spanish></Spanish>
	</TEXT>




	<TEXT>
		<Tag>TXT_KEY_LEADER_TIBER_SEPTIM_PEDIA</Tag>
		<English>[H1]Emperor Tiber Septim[\H1][NEWLINE][SPACE]Tiber Septim (also called Hjalti) was a Dragonborn and the first Emperor of the Septim Empire. He is regarded as one of Tamriel's most famous figures. Starting with his service under the Cyrodilic king Cuhlecain, Tiber Septim fought as general Talos to unify Cyrodiil and finally all of Tamriel, an effort that culminated in the birth of the Third Empire. Tiber Septim gave his name to the lineage of Cyrodiil Emperors, the Septims. Upon his death he, arguably, became the god Talos and took his place in the pantheon of the Nine Divines..</English>
		<French></French>
		<German></German>
		<Italian></Italian>
		<Spanish></Spanish>
	</TEXT>
	<TEXT>
		<Tag>TXT_KEY_LEADER_MANE_PEDIA</Tag>
		<English>[H1]Mane Rid-Thar-ri'Datta[\H1][NEWLINE][SPACE]Rid-Thar-ri'Datta was the first Mane. The Riddle'Thar was revealed to Elsweyr by the prophet Rid-Thar-ri'Datta, the Mane. The Riddle'Thar is more a set of guidelines by which to live than a single entity, but some of his avatars like to appear as humble messengers of the gods.</English>
		<French></French>
		<German></German>
		<Italian></Italian>
		<Spanish></Spanish>
	</TEXT>
	<TEXT>
		<Tag>TXT_KEY_LEADER_THASSAD_PEDIA</Tag>
		<English>[H1]Cyrus the Restless[\H1][NEWLINE][SPACE]Cyrus the Restless, also known as Sura in Yoku, was a Redguard hero and rebel during 2E 864. The story of The Elder Scrolls Adventures: Redguard starts with Cyrus returning to Stros M'kai in search of his sister Iszara, who had gone missing.</English>
		<French></French>
		<German></German>
		<Italian></Italian>
		<Spanish></Spanish>
	</TEXT>
	<!-- End Customiser -->
</Civ4GameText>
