<?xml version="1.0"?>
<!-- edited with XMLSPY v2004 rel. 2 U (http://www.xmlspy.com) by Alex Mantzaris (Firaxis Games) -->
<!-- Sid Meier's Civilization 4 -->
<!-- Copyright Firaxis Games 2005 -->
<!-- -->
<!-- Building Class Infos -->
<Civ4BuildingClassInfos xmlns="x-schema:CIV4BuildingsSchema.xml">
	<BuildingClassInfos>
		<BuildingClassInfo>
			<Type>BUILDINGCLASS_PALACE</Type>
			<Description>TXT_KEY_BUILDING_PALACE</Description>
			<iMaxGlobalInstances>-1</iMaxGlobalInstances>
			<iMaxTeamInstances>-1</iMaxTeamInstances>
			<iMaxPlayerInstances>1</iMaxPlayerInstances>
			<iExtraPlayerInstances>1</iExtraPlayerInstances>
			<bNoLimit>1</bNoLimit>
			<bMonument>0</bMonument>
			<DefaultBuilding>BUILDING_PALACE</DefaultBuilding>
			<VictoryThresholds/>
		</BuildingClassInfo>
		<BuildingClassInfo>
			<Type>BUILDINGCLASS_WALLS</Type>
			<Description>TXT_KEY_BUILDING_WALLS</Description>
			<iMaxGlobalInstances>-1</iMaxGlobalInstances>
			<iMaxTeamInstances>-1</iMaxTeamInstances>
			<iMaxPlayerInstances>-1</iMaxPlayerInstances>
			<iExtraPlayerInstances>0</iExtraPlayerInstances>
			<bNoLimit>0</bNoLimit>
			<bMonument>0</bMonument>
			<DefaultBuilding>BUILDING_WALLS</DefaultBuilding>
			<VictoryThresholds/>
		</BuildingClassInfo>
		<BuildingClassInfo>
			<Type>BUILDINGCLASS_CASTLE</Type>
			<Description>TXT_KEY_BUILDING_CASTLE</Description>
			<iMaxGlobalInstances>-1</iMaxGlobalInstances>
			<iMaxTeamInstances>-1</iMaxTeamInstances>
			<iMaxPlayerInstances>-1</iMaxPlayerInstances>
			<iExtraPlayerInstances>0</iExtraPlayerInstances>
			<bNoLimit>0</bNoLimit>
			<bMonument>0</bMonument>
			<DefaultBuilding>BUILDING_CASTLE</DefaultBuilding>
			<VictoryThresholds/>
		</BuildingClassInfo>
		<BuildingClassInfo>
			<Type>BUILDINGCLASS_BARRACKS</Type>
			<Description>TXT_KEY_BUILDING_BARRACKS</Description>
			<iMaxGlobalInstances>-1</iMaxGlobalInstances>
			<iMaxTeamInstances>-1</iMaxTeamInstances>
			<iMaxPlayerInstances>-1</iMaxPlayerInstances>
			<iExtraPlayerInstances>0</iExtraPlayerInstances>
			<bNoLimit>0</bNoLimit>
			<bMonument>0</bMonument>
			<DefaultBuilding>BUILDING_BARRACKS</DefaultBuilding>
			<VictoryThresholds/>
		</BuildingClassInfo>
		<BuildingClassInfo>
			<Type>BUILDINGCLASS_FIGHTERS_GUILD</Type>
			<Description>TXT_KEY_BUILDING_FIGHTERS_GUILD</Description>
			<iMaxGlobalInstances>-1</iMaxGlobalInstances>
			<iMaxTeamInstances>-1</iMaxTeamInstances>
			<iMaxPlayerInstances>-1</iMaxPlayerInstances>
			<iExtraPlayerInstances>0</iExtraPlayerInstances>
			<bNoLimit>0</bNoLimit>
			<bMonument>0</bMonument>
			<DefaultBuilding>BUILDING_FIGHTERS_GUILD</DefaultBuilding>
			<VictoryThresholds/>
		</BuildingClassInfo>
		<BuildingClassInfo>
			<Type>BUILDINGCLASS_MAGES_GUILD</Type>
			<Description>TXT_KEY_BUILDING_MAGES_GUILD</Description>
			<iMaxGlobalInstances>-1</iMaxGlobalInstances>
			<iMaxTeamInstances>-1</iMaxTeamInstances>
			<iMaxPlayerInstances>-1</iMaxPlayerInstances>
			<iExtraPlayerInstances>0</iExtraPlayerInstances>
			<bNoLimit>0</bNoLimit>
			<bMonument>0</bMonument>
			<DefaultBuilding>BUILDING_MAGES_GUILD</DefaultBuilding>
			<VictoryThresholds/>
		</BuildingClassInfo>
		<BuildingClassInfo>
			<Type>BUILDINGCLASS_STABLE</Type>
			<Description>TXT_KEY_BUILDING_STABLE</Description>
			<iMaxGlobalInstances>-1</iMaxGlobalInstances>
			<iMaxTeamInstances>-1</iMaxTeamInstances>
			<iMaxPlayerInstances>-1</iMaxPlayerInstances>
			<iExtraPlayerInstances>0</iExtraPlayerInstances>
			<bNoLimit>0</bNoLimit>
			<bMonument>0</bMonument>
			<DefaultBuilding>BUILDING_STABLE</DefaultBuilding>
			<VictoryThresholds/>
		</BuildingClassInfo>
		<BuildingClassInfo>
			<Type>BUILDINGCLASS_GRANARY</Type>
			<Description>TXT_KEY_BUILDING_GRANARY</Description>
			<iMaxGlobalInstances>-1</iMaxGlobalInstances>
			<iMaxTeamInstances>-1</iMaxTeamInstances>
			<iMaxPlayerInstances>-1</iMaxPlayerInstances>
			<iExtraPlayerInstances>0</iExtraPlayerInstances>
			<bNoLimit>0</bNoLimit>
			<bMonument>0</bMonument>
			<DefaultBuilding>BUILDING_GRANARY</DefaultBuilding>
			<VictoryThresholds/>
		</BuildingClassInfo>
		<BuildingClassInfo>
			<Type>BUILDINGCLASS_AQUEDUCT</Type>
			<Description>TXT_KEY_BUILDING_AQUEDUCT</Description>
			<iMaxGlobalInstances>-1</iMaxGlobalInstances>
			<iMaxTeamInstances>-1</iMaxTeamInstances>
			<iMaxPlayerInstances>-1</iMaxPlayerInstances>
			<iExtraPlayerInstances>0</iExtraPlayerInstances>
			<bNoLimit>0</bNoLimit>
			<bMonument>0</bMonument>
			<DefaultBuilding>BUILDING_AQUEDUCT</DefaultBuilding>
			<VictoryThresholds/>
		</BuildingClassInfo>
		<BuildingClassInfo>
			<Type>BUILDINGCLASS_LIGHTHOUSE</Type>
			<Description>TXT_KEY_BUILDING_LIGHTHOUSE</Description>
			<iMaxGlobalInstances>-1</iMaxGlobalInstances>
			<iMaxTeamInstances>-1</iMaxTeamInstances>
			<iMaxPlayerInstances>-1</iMaxPlayerInstances>
			<iExtraPlayerInstances>0</iExtraPlayerInstances>
			<bNoLimit>0</bNoLimit>
			<bMonument>0</bMonument>
			<DefaultBuilding>BUILDING_LIGHTHOUSE</DefaultBuilding>
			<VictoryThresholds/>
		</BuildingClassInfo>
		<BuildingClassInfo>
			<Type>BUILDINGCLASS_HARBOR</Type>
			<Description>TXT_KEY_BUILDING_HARBOR</Description>
			<iMaxGlobalInstances>-1</iMaxGlobalInstances>
			<iMaxTeamInstances>-1</iMaxTeamInstances>
			<iMaxPlayerInstances>-1</iMaxPlayerInstances>
			<iExtraPlayerInstances>0</iExtraPlayerInstances>
			<bNoLimit>0</bNoLimit>
			<bMonument>0</bMonument>
			<DefaultBuilding>BUILDING_HARBOR</DefaultBuilding>
			<VictoryThresholds/>
		</BuildingClassInfo>
		<BuildingClassInfo>
			<Type>BUILDINGCLASS_FORGE</Type>
			<Description>TXT_KEY_BUILDING_FORGE</Description>
			<iMaxGlobalInstances>-1</iMaxGlobalInstances>
			<iMaxTeamInstances>-1</iMaxTeamInstances>
			<iMaxPlayerInstances>-1</iMaxPlayerInstances>
			<iExtraPlayerInstances>0</iExtraPlayerInstances>
			<bNoLimit>0</bNoLimit>
			<bMonument>0</bMonument>
			<DefaultBuilding>BUILDING_FORGE</DefaultBuilding>
			<VictoryThresholds/>
		</BuildingClassInfo>
		<BuildingClassInfo>
			<Type>BUILDINGCLASS_OBELISK</Type>
			<Description>TXT_KEY_BUILDING_OBELISK</Description>
			<iMaxGlobalInstances>-1</iMaxGlobalInstances>
			<iMaxTeamInstances>-1</iMaxTeamInstances>
			<iMaxPlayerInstances>-1</iMaxPlayerInstances>
			<iExtraPlayerInstances>0</iExtraPlayerInstances>
			<bNoLimit>0</bNoLimit>
			<bMonument>1</bMonument>
			<DefaultBuilding>BUILDING_OBELISK</DefaultBuilding>
			<VictoryThresholds/>
		</BuildingClassInfo>
		<BuildingClassInfo>
			<Type>BUILDINGCLASS_ACADEMY</Type>
			<Description>TXT_KEY_BUILDING_ACADEMY</Description>
			<iMaxGlobalInstances>-1</iMaxGlobalInstances>
			<iMaxTeamInstances>-1</iMaxTeamInstances>
			<iMaxPlayerInstances>-1</iMaxPlayerInstances>
			<iExtraPlayerInstances>0</iExtraPlayerInstances>
			<bNoLimit>0</bNoLimit>
			<bMonument>0</bMonument>
			<DefaultBuilding>BUILDING_ACADEMY</DefaultBuilding>
			<VictoryThresholds/>
		</BuildingClassInfo>
		<BuildingClassInfo>
			<Type>BUILDINGCLASS_MILITARY_ACADEMY</Type>
			<Description>TXT_KEY_BUILDING_MILITARY_ACADEMY</Description>
			<iMaxGlobalInstances>-1</iMaxGlobalInstances>
			<iMaxTeamInstances>-1</iMaxTeamInstances>
			<iMaxPlayerInstances>-1</iMaxPlayerInstances>
			<iExtraPlayerInstances>0</iExtraPlayerInstances>
			<bNoLimit>0</bNoLimit>
			<bMonument>0</bMonument>
			<DefaultBuilding>BUILDING_MILITARY_ACADEMY</DefaultBuilding>
			<VictoryThresholds/>
		</BuildingClassInfo>
		<BuildingClassInfo>
			<Type>BUILDINGCLASS_LIBRARY</Type>
			<Description>TXT_KEY_BUILDING_LIBRARY</Description>
			<iMaxGlobalInstances>-1</iMaxGlobalInstances>
			<iMaxTeamInstances>-1</iMaxTeamInstances>
			<iMaxPlayerInstances>-1</iMaxPlayerInstances>
			<iExtraPlayerInstances>0</iExtraPlayerInstances>
			<bNoLimit>0</bNoLimit>
			<bMonument>0</bMonument>
			<DefaultBuilding>BUILDING_LIBRARY</DefaultBuilding>
			<VictoryThresholds/>
		</BuildingClassInfo>
		<BuildingClassInfo>
			<Type>BUILDINGCLASS_THEATRE</Type>
			<Description>TXT_KEY_BUILDING_THEATRE</Description>
			<iMaxGlobalInstances>-1</iMaxGlobalInstances>
			<iMaxTeamInstances>-1</iMaxTeamInstances>
			<iMaxPlayerInstances>-1</iMaxPlayerInstances>
			<iExtraPlayerInstances>0</iExtraPlayerInstances>
			<bNoLimit>0</bNoLimit>
			<bMonument>0</bMonument>
			<DefaultBuilding>BUILDING_THEATRE</DefaultBuilding>
			<VictoryThresholds/>
		</BuildingClassInfo>
		<BuildingClassInfo>
			<Type>BUILDINGCLASS_MARKET</Type>
			<Description>TXT_KEY_BUILDING_MARKET</Description>
			<iMaxGlobalInstances>-1</iMaxGlobalInstances>
			<iMaxTeamInstances>-1</iMaxTeamInstances>
			<iMaxPlayerInstances>-1</iMaxPlayerInstances>
			<iExtraPlayerInstances>0</iExtraPlayerInstances>
			<bNoLimit>0</bNoLimit>
			<bMonument>0</bMonument>
			<DefaultBuilding>BUILDING_MARKET</DefaultBuilding>
			<VictoryThresholds/>
		</BuildingClassInfo>
		<BuildingClassInfo>
			<Type>BUILDINGCLASS_GROCER</Type>
			<Description>TXT_KEY_BUILDING_GROCER</Description>
			<iMaxGlobalInstances>-1</iMaxGlobalInstances>
			<iMaxTeamInstances>-1</iMaxTeamInstances>
			<iMaxPlayerInstances>-1</iMaxPlayerInstances>
			<iExtraPlayerInstances>0</iExtraPlayerInstances>
			<bNoLimit>0</bNoLimit>
			<bMonument>0</bMonument>
			<DefaultBuilding>BUILDING_GROCER</DefaultBuilding>
			<VictoryThresholds/>
		</BuildingClassInfo>
		<BuildingClassInfo>
			<Type>BUILDINGCLASS_ALCHEMIST_SHOP</Type>
			<Description>TXT_KEY_BUILDING_ALCHEMIST_SHOP</Description>
			<iMaxGlobalInstances>-1</iMaxGlobalInstances>
			<iMaxTeamInstances>-1</iMaxTeamInstances>
			<iMaxPlayerInstances>-1</iMaxPlayerInstances>
			<iExtraPlayerInstances>0</iExtraPlayerInstances>
			<bNoLimit>0</bNoLimit>
			<bMonument>0</bMonument>
			<DefaultBuilding>BUILDING_ALCHEMIST_SHOP</DefaultBuilding>
			<VictoryThresholds/>
		</BuildingClassInfo>
		<BuildingClassInfo>
			<Type>BUILDINGCLASS_HEALER</Type>
			<Description>TXT_KEY_BUILDING_HEALER</Description>
			<iMaxGlobalInstances>-1</iMaxGlobalInstances>
			<iMaxTeamInstances>-1</iMaxTeamInstances>
			<iMaxPlayerInstances>-1</iMaxPlayerInstances>
			<iExtraPlayerInstances>0</iExtraPlayerInstances>
			<bNoLimit>0</bNoLimit>
			<bMonument>0</bMonument>
			<DefaultBuilding>BUILDING_HEALER</DefaultBuilding>
			<VictoryThresholds/>
		</BuildingClassInfo>
		<BuildingClassInfo>
			<Type>BUILDINGCLASS_MONEY_CHANGER</Type>
			<Description>TXT_KEY_BUILDING_MONEY_CHANGER</Description>
			<iMaxGlobalInstances>-1</iMaxGlobalInstances>
			<iMaxTeamInstances>-1</iMaxTeamInstances>
			<iMaxPlayerInstances>-1</iMaxPlayerInstances>
			<iExtraPlayerInstances>0</iExtraPlayerInstances>
			<bNoLimit>0</bNoLimit>
			<bMonument>0</bMonument>
			<DefaultBuilding>BUILDING_MONEY_CHANGER</DefaultBuilding>
			<VictoryThresholds/>
		</BuildingClassInfo>
		<BuildingClassInfo>
			<Type>BUILDINGCLASS_TAVERN</Type>
			<Description>TXT_KEY_BUILDING_TAVERN</Description>
			<iMaxGlobalInstances>-1</iMaxGlobalInstances>
			<iMaxTeamInstances>-1</iMaxTeamInstances>
			<iMaxPlayerInstances>-1</iMaxPlayerInstances>
			<iExtraPlayerInstances>0</iExtraPlayerInstances>
			<bNoLimit>0</bNoLimit>
			<bMonument>0</bMonument>
			<DefaultBuilding>BUILDING_TAVERN</DefaultBuilding>
			<VictoryThresholds/>
		</BuildingClassInfo>
		<BuildingClassInfo>
			<Type>BUILDINGCLASS_GARDEN</Type>
			<Description>TXT_KEY_BUILDING_GARDEN</Description>
			<iMaxGlobalInstances>-1</iMaxGlobalInstances>
			<iMaxTeamInstances>-1</iMaxTeamInstances>
			<iMaxPlayerInstances>-1</iMaxPlayerInstances>
			<iExtraPlayerInstances>0</iExtraPlayerInstances>
			<bNoLimit>0</bNoLimit>
			<bMonument>0</bMonument>
			<DefaultBuilding>BUILDING_GARDEN</DefaultBuilding>
			<VictoryThresholds/>
		</BuildingClassInfo>
		<BuildingClassInfo>
			<Type>BUILDINGCLASS_ARENA</Type>
			<Description>TXT_KEY_BUILDING_ARENA</Description>
			<iMaxGlobalInstances>-1</iMaxGlobalInstances>
			<iMaxTeamInstances>-1</iMaxTeamInstances>
			<iMaxPlayerInstances>-1</iMaxPlayerInstances>
			<iExtraPlayerInstances>0</iExtraPlayerInstances>
			<bNoLimit>0</bNoLimit>
			<bMonument>0</bMonument>
			<DefaultBuilding>BUILDING_ARENA</DefaultBuilding>
			<VictoryThresholds/>
		</BuildingClassInfo>
		<BuildingClassInfo>
			<Type>BUILDINGCLASS_BURIAL_TOMB</Type>
			<Description>TXT_KEY_BUILDING_BURIAL_TOMB</Description>
			<iMaxGlobalInstances>-1</iMaxGlobalInstances>
			<iMaxTeamInstances>-1</iMaxTeamInstances>
			<iMaxPlayerInstances>-1</iMaxPlayerInstances>
			<iExtraPlayerInstances>0</iExtraPlayerInstances>
			<bNoLimit>0</bNoLimit>
			<bMonument>0</bMonument>
			<DefaultBuilding>BUILDING_BURIAL_TOMB</DefaultBuilding>
			<VictoryThresholds/>
		</BuildingClassInfo>
		<BuildingClassInfo>
			<Type>BUILDINGCLASS_ENCHANTING_ALTAR</Type>
			<Description>TXT_KEY_BUILDING_ENCHANTING_ALTAR</Description>
			<iMaxGlobalInstances>-1</iMaxGlobalInstances>
			<iMaxTeamInstances>-1</iMaxTeamInstances>
			<iMaxPlayerInstances>-1</iMaxPlayerInstances>
			<iExtraPlayerInstances>0</iExtraPlayerInstances>
			<bNoLimit>0</bNoLimit>
			<bMonument>0</bMonument>
			<DefaultBuilding>BUILDING_ENCHANTING_ALTAR</DefaultBuilding>
			<VictoryThresholds/>
		</BuildingClassInfo>
		<BuildingClassInfo>
			<Type>BUILDINGCLASS_INGENIUM</Type>
			<Description>TXT_KEY_BUILDING_INGENIUM</Description>
			<iMaxGlobalInstances>1</iMaxGlobalInstances>
			<iMaxTeamInstances>-1</iMaxTeamInstances>
			<iMaxPlayerInstances>-1</iMaxPlayerInstances>
			<iExtraPlayerInstances>0</iExtraPlayerInstances>
			<bNoLimit>0</bNoLimit>
			<bMonument>0</bMonument>
			<DefaultBuilding>BUILDING_INGENIUM</DefaultBuilding>
			<VictoryThresholds/>
		</BuildingClassInfo>
		<BuildingClassInfo>
			<Type>BUILDINGCLASS_SMITHY</Type>
			<Description>TXT_KEY_BUILDING_SMITHY</Description>
			<iMaxGlobalInstances>-1</iMaxGlobalInstances>
			<iMaxTeamInstances>-1</iMaxTeamInstances>
			<iMaxPlayerInstances>-1</iMaxPlayerInstances>
			<iExtraPlayerInstances>0</iExtraPlayerInstances>
			<bNoLimit>0</bNoLimit>
			<bMonument>0</bMonument>
			<DefaultBuilding>BUILDING_SMITHY</DefaultBuilding>
			<VictoryThresholds/>
		</BuildingClassInfo>
		<BuildingClassInfo>
			<Type>BUILDINGCLASS_MAGES_COLLEGE</Type>
			<Description>TXT_KEY_BUILDING_MAGES_COLLEGE</Description>
			<iMaxGlobalInstances>-1</iMaxGlobalInstances>
			<iMaxTeamInstances>-1</iMaxTeamInstances>
			<iMaxPlayerInstances>-1</iMaxPlayerInstances>
			<iExtraPlayerInstances>0</iExtraPlayerInstances>
			<bNoLimit>0</bNoLimit>
			<bMonument>0</bMonument>
			<DefaultBuilding>BUILDING_MAGES_COLLEGE</DefaultBuilding>
			<VictoryThresholds/>
		</BuildingClassInfo>
		<BuildingClassInfo>
			<Type>BUILDINGCLASS_SCROLLS_SCRIBE</Type>
			<Description>TXT_KEY_BUILDING_SCROLLS_SCRIBE</Description>
			<iMaxGlobalInstances>-1</iMaxGlobalInstances>
			<iMaxTeamInstances>-1</iMaxTeamInstances>
			<iMaxPlayerInstances>-1</iMaxPlayerInstances>
			<iExtraPlayerInstances>0</iExtraPlayerInstances>
			<bNoLimit>0</bNoLimit>
			<bMonument>0</bMonument>
			<DefaultBuilding>BUILDING_SCROLLS_SCRIBE</DefaultBuilding>
			<VictoryThresholds/>
		</BuildingClassInfo>
		<BuildingClassInfo>
			<Type>BUILDINGCLASS_SCHOOL_OF_MAGIC</Type>
			<Description>TXT_KEY_BUILDING_SCHOOL_OF_MAGIC</Description>
			<iMaxGlobalInstances>-1</iMaxGlobalInstances>
			<iMaxTeamInstances>-1</iMaxTeamInstances>
			<iMaxPlayerInstances>-1</iMaxPlayerInstances>
			<iExtraPlayerInstances>0</iExtraPlayerInstances>
			<bNoLimit>0</bNoLimit>
			<bMonument>0</bMonument>
			<DefaultBuilding>BUILDING_SCHOOL_OF_MAGIC</DefaultBuilding>
			<VictoryThresholds/>
		</BuildingClassInfo>
		<BuildingClassInfo>
			<Type>BUILDINGCLASS_LABORATORY</Type>
			<Description>TXT_KEY_BUILDING_LABORATORY</Description>
			<iMaxGlobalInstances>-1</iMaxGlobalInstances>
			<iMaxTeamInstances>-1</iMaxTeamInstances>
			<iMaxPlayerInstances>-1</iMaxPlayerInstances>
			<iExtraPlayerInstances>0</iExtraPlayerInstances>
			<bNoLimit>0</bNoLimit>
			<bMonument>0</bMonument>
			<DefaultBuilding>BUILDING_LABORATORY</DefaultBuilding>
			<VictoryThresholds/>
		</BuildingClassInfo>
		<BuildingClassInfo>
			<Type>BUILDINGCLASS_HOTEL</Type>
			<Description>TXT_KEY_BUILDING_HOTEL</Description>
			<iMaxGlobalInstances>-1</iMaxGlobalInstances>
			<iMaxTeamInstances>-1</iMaxTeamInstances>
			<iMaxPlayerInstances>-1</iMaxPlayerInstances>
			<iExtraPlayerInstances>0</iExtraPlayerInstances>
			<bNoLimit>0</bNoLimit>
			<bMonument>0</bMonument>
			<DefaultBuilding>BUILDING_HOTEL</DefaultBuilding>
			<VictoryThresholds/>
		</BuildingClassInfo>
		<BuildingClassInfo>
			<Type>BUILDINGCLASS_COURTHOUSE</Type>
			<Description>TXT_KEY_BUILDING_COURTHOUSE</Description>
			<iMaxGlobalInstances>-1</iMaxGlobalInstances>
			<iMaxTeamInstances>-1</iMaxTeamInstances>
			<iMaxPlayerInstances>-1</iMaxPlayerInstances>
			<iExtraPlayerInstances>0</iExtraPlayerInstances>
			<bNoLimit>0</bNoLimit>
			<bMonument>0</bMonument>
			<DefaultBuilding>BUILDING_COURTHOUSE</DefaultBuilding>
			<VictoryThresholds/>
		</BuildingClassInfo>
		<BuildingClassInfo>
			<Type>BUILDINGCLASS_HEROIC_EPIC</Type>
			<Description>TXT_KEY_BUILDING_HEROIC_EPIC</Description>
			<iMaxGlobalInstances>-1</iMaxGlobalInstances>
			<iMaxTeamInstances>-1</iMaxTeamInstances>
			<iMaxPlayerInstances>1</iMaxPlayerInstances>
			<iExtraPlayerInstances>0</iExtraPlayerInstances>
			<bNoLimit>0</bNoLimit>
			<bMonument>1</bMonument>
			<DefaultBuilding>BUILDING_HEROIC_EPIC</DefaultBuilding>
			<VictoryThresholds/>
		</BuildingClassInfo>
		<BuildingClassInfo>
			<Type>BUILDINGCLASS_NATIONAL_EPIC</Type>
			<Description>TXT_KEY_BUILDING_NATIONAL_EPIC</Description>
			<iMaxGlobalInstances>-1</iMaxGlobalInstances>
			<iMaxTeamInstances>-1</iMaxTeamInstances>
			<iMaxPlayerInstances>1</iMaxPlayerInstances>
			<iExtraPlayerInstances>0</iExtraPlayerInstances>
			<bNoLimit>0</bNoLimit>
			<bMonument>1</bMonument>
			<DefaultBuilding>BUILDING_NATIONAL_EPIC</DefaultBuilding>
			<VictoryThresholds/>
		</BuildingClassInfo>
		<BuildingClassInfo>
			<Type>BUILDINGCLASS_GREAT_ARENA</Type>
			<Description>TXT_KEY_BUILDING_GREAT_ARENA</Description>
			<iMaxGlobalInstances>-1</iMaxGlobalInstances>
			<iMaxTeamInstances>-1</iMaxTeamInstances>
			<iMaxPlayerInstances>1</iMaxPlayerInstances>
			<iExtraPlayerInstances>0</iExtraPlayerInstances>
			<bNoLimit>0</bNoLimit>
			<bMonument>1</bMonument>
			<DefaultBuilding>BUILDING_GREAT_ARENA</DefaultBuilding>
			<VictoryThresholds/>
		</BuildingClassInfo>
		<BuildingClassInfo>
			<Type>BUILDINGCLASS_GREAT_BAZAAR</Type>
			<Description>TXT_KEY_BUILDING_GREAT_BAZAAR</Description>
			<iMaxGlobalInstances>-1</iMaxGlobalInstances>
			<iMaxTeamInstances>-1</iMaxTeamInstances>
			<iMaxPlayerInstances>1</iMaxPlayerInstances>
			<iExtraPlayerInstances>0</iExtraPlayerInstances>
			<bNoLimit>0</bNoLimit>
			<bMonument>1</bMonument>
			<DefaultBuilding>BUILDING_GREAT_BAZAAR</DefaultBuilding>
			<VictoryThresholds/>
		</BuildingClassInfo>
		<BuildingClassInfo>
			<Type>BUILDINGCLASS_NECROMANCERS_GUILD</Type>
			<Description>TXT_KEY_BUILDING_NECROMANCERS_GUILD</Description>
			<iMaxGlobalInstances>-1</iMaxGlobalInstances>
			<iMaxTeamInstances>-1</iMaxTeamInstances>
			<iMaxPlayerInstances>1</iMaxPlayerInstances>
			<iExtraPlayerInstances>0</iExtraPlayerInstances>
			<bNoLimit>0</bNoLimit>
			<bMonument>1</bMonument>
			<DefaultBuilding>BUILDING_NECROMANCERS_GUILD</DefaultBuilding>
			<VictoryThresholds/>
		</BuildingClassInfo>
		<BuildingClassInfo>
			<Type>BUILDINGCLASS_BATTLESPIRE</Type>
			<Description>TXT_KEY_BUILDING_BATTLESPIRE</Description>
			<iMaxGlobalInstances>-1</iMaxGlobalInstances>
			<iMaxTeamInstances>-1</iMaxTeamInstances>
			<iMaxPlayerInstances>1</iMaxPlayerInstances>
			<iExtraPlayerInstances>0</iExtraPlayerInstances>
			<bNoLimit>0</bNoLimit>
			<bMonument>1</bMonument>
			<DefaultBuilding>BUILDING_BATTLESPIRE</DefaultBuilding>
			<VictoryThresholds/>
		</BuildingClassInfo>
		<BuildingClassInfo>
			<Type>BUILDINGCLASS_DWEMER_FORGE</Type>
			<Description>TXT_KEY_BUILDING_DWEMER_FORGE</Description>
			<iMaxGlobalInstances>-1</iMaxGlobalInstances>
			<iMaxTeamInstances>-1</iMaxTeamInstances>
			<iMaxPlayerInstances>1</iMaxPlayerInstances>
			<iExtraPlayerInstances>0</iExtraPlayerInstances>
			<bNoLimit>0</bNoLimit>
			<bMonument>1</bMonument>
			<DefaultBuilding>BUILDING_DWEMER_FORGE</DefaultBuilding>
			<VictoryThresholds/>
		</BuildingClassInfo>
		<BuildingClassInfo>
			<Type>BUILDINGCLASS_UNIVERSITY_OF_MAGIC</Type>
			<Description>TXT_KEY_BUILDING_UNIVERSITY_OF_MAGIC</Description>
			<iMaxGlobalInstances>-1</iMaxGlobalInstances>
			<iMaxTeamInstances>-1</iMaxTeamInstances>
			<iMaxPlayerInstances>1</iMaxPlayerInstances>
			<iExtraPlayerInstances>0</iExtraPlayerInstances>
			<bNoLimit>0</bNoLimit>
			<bMonument>1</bMonument>
			<DefaultBuilding>BUILDING_UNIVERSITY_OF_MAGIC</DefaultBuilding>
			<VictoryThresholds/>
		</BuildingClassInfo>
		<BuildingClassInfo>
			<Type>BUILDINGCLASS_SEA_EXPLOITS</Type>
			<Description>TXT_KEY_BUILDING_SEA_EXPLOITS</Description>
			<iMaxGlobalInstances>-1</iMaxGlobalInstances>
			<iMaxTeamInstances>-1</iMaxTeamInstances>
			<iMaxPlayerInstances>1</iMaxPlayerInstances>
			<iExtraPlayerInstances>0</iExtraPlayerInstances>
			<bNoLimit>0</bNoLimit>
			<bMonument>1</bMonument>
			<DefaultBuilding>BUILDING_SEA_EXPLOITS</DefaultBuilding>
			<VictoryThresholds/>
		</BuildingClassInfo>
		<BuildingClassInfo>
			<Type>BUILDINGCLASS_RIVER_TRADE_DEPOT</Type>
			<Description>TXT_KEY_BUILDING_RIVER_TRADE_DEPOT</Description>
			<iMaxGlobalInstances>-1</iMaxGlobalInstances>
			<iMaxTeamInstances>-1</iMaxTeamInstances>
			<iMaxPlayerInstances>1</iMaxPlayerInstances>
			<iExtraPlayerInstances>0</iExtraPlayerInstances>
			<bNoLimit>0</bNoLimit>
			<bMonument>1</bMonument>
			<DefaultBuilding>BUILDING_RIVER_TRADE_DEPOT</DefaultBuilding>
			<VictoryThresholds/>
		</BuildingClassInfo>
		<BuildingClassInfo>
			<Type>BUILDINGCLASS_DARKBROTHERHOOD</Type>
			<Description>TXT_KEY_BUILDING_DARKBROTHERHOOD</Description>
			<iMaxGlobalInstances>-1</iMaxGlobalInstances>
			<iMaxTeamInstances>-1</iMaxTeamInstances>
			<iMaxPlayerInstances>1</iMaxPlayerInstances>
			<iExtraPlayerInstances>0</iExtraPlayerInstances>
			<bNoLimit>0</bNoLimit>
			<bMonument>1</bMonument>
			<DefaultBuilding>BUILDING_DARKBROTHERHOOD</DefaultBuilding>
			<VictoryThresholds/>
		</BuildingClassInfo>
		<BuildingClassInfo>
			<Type>BUILDINGCLASS_GREAT_LIBRARY</Type>
			<Description>TXT_KEY_BUILDING_GREAT_LIBRARY</Description>
			<iMaxGlobalInstances>1</iMaxGlobalInstances>
			<iMaxTeamInstances>-1</iMaxTeamInstances>
			<iMaxPlayerInstances>-1</iMaxPlayerInstances>
			<iExtraPlayerInstances>0</iExtraPlayerInstances>
			<bNoLimit>0</bNoLimit>
			<bMonument>0</bMonument>
			<DefaultBuilding>BUILDING_GREAT_LIBRARY</DefaultBuilding>
			<VictoryThresholds/>
		</BuildingClassInfo>
		<BuildingClassInfo>
			<Type>BUILDINGCLASS_GREAT_LIGHTHOUSE</Type>
			<Description>TXT_KEY_BUILDING_GREAT_LIGHTHOUSE</Description>
			<iMaxGlobalInstances>1</iMaxGlobalInstances>
			<iMaxTeamInstances>-1</iMaxTeamInstances>
			<iMaxPlayerInstances>-1</iMaxPlayerInstances>
			<iExtraPlayerInstances>0</iExtraPlayerInstances>
			<bNoLimit>0</bNoLimit>
			<bMonument>0</bMonument>
			<DefaultBuilding>BUILDING_GREAT_LIGHTHOUSE</DefaultBuilding>
			<VictoryThresholds/>
		</BuildingClassInfo>
		<BuildingClassInfo>
			<Type>BUILDINGCLASS_HANGING_GARDEN</Type>
			<Description>TXT_KEY_BUILDING_HANGING_GARDEN</Description>
			<iMaxGlobalInstances>1</iMaxGlobalInstances>
			<iMaxTeamInstances>-1</iMaxTeamInstances>
			<iMaxPlayerInstances>-1</iMaxPlayerInstances>
			<iExtraPlayerInstances>0</iExtraPlayerInstances>
			<bNoLimit>0</bNoLimit>
			<bMonument>0</bMonument>
			<DefaultBuilding>BUILDING_HANGING_GARDEN</DefaultBuilding>
			<VictoryThresholds/>
		</BuildingClassInfo>
		<BuildingClassInfo>
			<Type>BUILDINGCLASS_CLOUD_RULER_TEMPLE</Type>
			<Description>TXT_KEY_BUILDING_CLOUD_RULER_TEMPLE</Description>
			<iMaxGlobalInstances>1</iMaxGlobalInstances>
			<iMaxTeamInstances>-1</iMaxTeamInstances>
			<iMaxPlayerInstances>-1</iMaxPlayerInstances>
			<iExtraPlayerInstances>0</iExtraPlayerInstances>
			<bNoLimit>0</bNoLimit>
			<bMonument>0</bMonument>
			<DefaultBuilding>BUILDING_CLOUD_RULER_TEMPLE</DefaultBuilding>
			<VictoryThresholds/>
		</BuildingClassInfo>
		<BuildingClassInfo>
			<Type>BUILDINGCLASS_RIMMEN_PALACE</Type>
			<Description>TXT_KEY_BUILDING_RIMMEN_PALACE</Description>
			<iMaxGlobalInstances>1</iMaxGlobalInstances>
			<iMaxTeamInstances>-1</iMaxTeamInstances>
			<iMaxPlayerInstances>-1</iMaxPlayerInstances>
			<iExtraPlayerInstances>0</iExtraPlayerInstances>
			<bNoLimit>0</bNoLimit>
			<bMonument>0</bMonument>
			<DefaultBuilding>BUILDING_RIMMEN_PALACE</DefaultBuilding>
			<VictoryThresholds/>
		</BuildingClassInfo>
		<BuildingClassInfo>
			<Type>BUILDINGCLASS_WHITE_GOLD_TOWER</Type>
			<Description>TXT_KEY_BUILDING_WHITE_GOLD_TOWER</Description>
			<iMaxGlobalInstances>1</iMaxGlobalInstances>
			<iMaxTeamInstances>-1</iMaxTeamInstances>
			<iMaxPlayerInstances>-1</iMaxPlayerInstances>
			<iExtraPlayerInstances>0</iExtraPlayerInstances>
			<bNoLimit>0</bNoLimit>
			<bMonument>0</bMonument>
			<DefaultBuilding>BUILDING_WHITE_GOLD_TOWER</DefaultBuilding>
			<VictoryThresholds/>
		</BuildingClassInfo>
		<BuildingClassInfo>
			<Type>BUILDINGCLASS_ARCANE_UNIVERSITY</Type>
			<Description>TXT_KEY_BUILDING_ARCANE_UNIVERSITY</Description>
			<iMaxGlobalInstances>1</iMaxGlobalInstances>
			<iMaxTeamInstances>-1</iMaxTeamInstances>
			<iMaxPlayerInstances>-1</iMaxPlayerInstances>
			<iExtraPlayerInstances>0</iExtraPlayerInstances>
			<bNoLimit>0</bNoLimit>
			<bMonument>0</bMonument>
			<DefaultBuilding>BUILDING_ARCANE_UNIVERSITY</DefaultBuilding>
			<VictoryThresholds/>
		</BuildingClassInfo>
		<BuildingClassInfo>
			<Type>BUILDINGCLASS_ARANSEL</Type>
			<Description>TXT_KEY_BUILDING_ARANSEL</Description>
			<iMaxGlobalInstances>1</iMaxGlobalInstances>
			<iMaxTeamInstances>-1</iMaxTeamInstances>
			<iMaxPlayerInstances>-1</iMaxPlayerInstances>
			<iExtraPlayerInstances>0</iExtraPlayerInstances>
			<bNoLimit>0</bNoLimit>
			<bMonument>0</bMonument>
			<DefaultBuilding>BUILDING_ARANSEL</DefaultBuilding>
			<VictoryThresholds/>
		</BuildingClassInfo>
		<BuildingClassInfo>
			<Type>BUILDINGCLASS_CEPORAH_TOWER</Type>
			<Description>TXT_KEY_BUILDING_CEPORAH_TOWER</Description>
			<iMaxGlobalInstances>1</iMaxGlobalInstances>
			<iMaxTeamInstances>-1</iMaxTeamInstances>
			<iMaxPlayerInstances>-1</iMaxPlayerInstances>
			<iExtraPlayerInstances>0</iExtraPlayerInstances>
			<bNoLimit>0</bNoLimit>
			<bMonument>0</bMonument>
			<DefaultBuilding>BUILDING_CEPORAH_TOWER</DefaultBuilding>
			<VictoryThresholds/>
		</BuildingClassInfo>
		<BuildingClassInfo>
			<Type>BUILDINGCLASS_MAGES_TRAINER</Type>
			<Description>TXT_KEY_BUILDING_MAGES_TRAINER</Description>
			<iMaxGlobalInstances>-1</iMaxGlobalInstances>
			<iMaxTeamInstances>-1</iMaxTeamInstances>
			<iMaxPlayerInstances>-1</iMaxPlayerInstances>
			<iExtraPlayerInstances>0</iExtraPlayerInstances>
			<bNoLimit>0</bNoLimit>
			<bMonument>0</bMonument>
			<DefaultBuilding>BUILDING_MAGES_TRAINER</DefaultBuilding>
			<VictoryThresholds/>
		</BuildingClassInfo>
		<BuildingClassInfo>
			<Type>BUILDINGCLASS_CRYSTAL_TOWER</Type>
			<Description>TXT_KEY_BUILDING_CRYSTAL_TOWER</Description>
			<iMaxGlobalInstances>1</iMaxGlobalInstances>
			<iMaxTeamInstances>-1</iMaxTeamInstances>
			<iMaxPlayerInstances>-1</iMaxPlayerInstances>
			<iExtraPlayerInstances>0</iExtraPlayerInstances>
			<bNoLimit>0</bNoLimit>
			<bMonument>0</bMonument>
			<DefaultBuilding>BUILDING_CRYSTAL_TOWER</DefaultBuilding>
			<VictoryThresholds/>
		</BuildingClassInfo>
		<BuildingClassInfo>
			<Type>BUILDINGCLASS_CLOCKWORK_CITY</Type>
			<Description>TXT_KEY_BUILDING_CLOCKWORK_CITY</Description>
			<iMaxGlobalInstances>1</iMaxGlobalInstances>
			<iMaxTeamInstances>-1</iMaxTeamInstances>
			<iMaxPlayerInstances>-1</iMaxPlayerInstances>
			<iExtraPlayerInstances>0</iExtraPlayerInstances>
			<bNoLimit>0</bNoLimit>
			<bMonument>0</bMonument>
			<DefaultBuilding>BUILDING_CLOCKWORK_CITY</DefaultBuilding>
			<VictoryThresholds/>
		</BuildingClassInfo>
		<BuildingClassInfo>
			<Type>BUILDINGCLASS_MOURNHOLD_TEMPLE</Type>
			<Description>TXT_KEY_BUILDING_MOURNHOLD_TEMPLE</Description>
			<iMaxGlobalInstances>1</iMaxGlobalInstances>
			<iMaxTeamInstances>-1</iMaxTeamInstances>
			<iMaxPlayerInstances>-1</iMaxPlayerInstances>
			<iExtraPlayerInstances>0</iExtraPlayerInstances>
			<bNoLimit>0</bNoLimit>
			<bMonument>0</bMonument>
			<DefaultBuilding>BUILDING_MOURNHOLD_TEMPLE</DefaultBuilding>
			<VictoryThresholds/>
		</BuildingClassInfo>
		<BuildingClassInfo>
			<Type>BUILDINGCLASS_SILVENAR_PALACE_ROOMS</Type>
			<Description>TXT_KEY_BUILDING_SILVENAR_PALACE_ROOMS</Description>
			<iMaxGlobalInstances>1</iMaxGlobalInstances>
			<iMaxTeamInstances>-1</iMaxTeamInstances>
			<iMaxPlayerInstances>-1</iMaxPlayerInstances>
			<iExtraPlayerInstances>0</iExtraPlayerInstances>
			<bNoLimit>0</bNoLimit>
			<bMonument>0</bMonument>
			<DefaultBuilding>BUILDING_SILVENAR_PALACE_ROOMS</DefaultBuilding>
			<VictoryThresholds/>
		</BuildingClassInfo>
		<BuildingClassInfo>
			<Type>BUILDINGCLASS_VIVECS_PALACE</Type>
			<Description>TXT_KEY_BUILDING_VIVECS_PALACE</Description>
			<iMaxGlobalInstances>1</iMaxGlobalInstances>
			<iMaxTeamInstances>-1</iMaxTeamInstances>
			<iMaxPlayerInstances>-1</iMaxPlayerInstances>
			<iExtraPlayerInstances>0</iExtraPlayerInstances>
			<bNoLimit>0</bNoLimit>
			<bMonument>0</bMonument>
			<DefaultBuilding>BUILDING_VIVECS_PALACE</DefaultBuilding>
			<VictoryThresholds/>
		</BuildingClassInfo>
		<BuildingClassInfo>
			<Type>BUILDINGCLASS_ANTI_MAGE</Type>
			<Description>TXT_KEY_BUILDING_ANTI_MAGE</Description>
			<iMaxGlobalInstances>-1</iMaxGlobalInstances>
			<iMaxTeamInstances>-1</iMaxTeamInstances>
			<iMaxPlayerInstances>-1</iMaxPlayerInstances>
			<iExtraPlayerInstances>0</iExtraPlayerInstances>
			<bNoLimit>0</bNoLimit>
			<bMonument>0</bMonument>
			<DefaultBuilding>BUILDING_ANTI_MAGE</DefaultBuilding>
			<VictoryThresholds/>
		</BuildingClassInfo>
		<BuildingClassInfo>
			<Type>BUILDINGCLASS_GHOST_FENCE</Type>
			<Description>TXT_KEY_BUILDING_GHOST_FENCE</Description>
			<iMaxGlobalInstances>1</iMaxGlobalInstances>
			<iMaxTeamInstances>-1</iMaxTeamInstances>
			<iMaxPlayerInstances>-1</iMaxPlayerInstances>
			<iExtraPlayerInstances>0</iExtraPlayerInstances>
			<bNoLimit>0</bNoLimit>
			<bMonument>0</bMonument>
			<DefaultBuilding>BUILDING_GHOST_FENCE</DefaultBuilding>
			<VictoryThresholds/>
		</BuildingClassInfo>
		<BuildingClassInfo>
			<Type>BUILDINGCLASS_AKATOSH_STATUE</Type>
			<Description>TXT_KEY_BUILDING_AKATOSH_STATUE</Description>
			<iMaxGlobalInstances>1</iMaxGlobalInstances>
			<iMaxTeamInstances>-1</iMaxTeamInstances>
			<iMaxPlayerInstances>-1</iMaxPlayerInstances>
			<iExtraPlayerInstances>0</iExtraPlayerInstances>
			<bNoLimit>0</bNoLimit>
			<bMonument>0</bMonument>
			<DefaultBuilding>BUILDING_AKATOSH_STATUE</DefaultBuilding>
			<VictoryThresholds/>
		</BuildingClassInfo>
		<BuildingClassInfo>
			<Type>BUILDINGCLASS_UNIVERSITY_OF_GWILYM</Type>
			<Description>TXT_KEY_BUILDING_UNIVERSITY_OF_GWILYM</Description>
			<iMaxGlobalInstances>1</iMaxGlobalInstances>
			<iMaxTeamInstances>-1</iMaxTeamInstances>
			<iMaxPlayerInstances>-1</iMaxPlayerInstances>
			<iExtraPlayerInstances>0</iExtraPlayerInstances>
			<bNoLimit>0</bNoLimit>
			<bMonument>0</bMonument>
			<DefaultBuilding>BUILDING_UNIVERSITY_OF_GWILYM</DefaultBuilding>
			<VictoryThresholds/>
		</BuildingClassInfo>
		<BuildingClassInfo>
			<Type>BUILDINGCLASS_CENTRAL_MARKET</Type>
			<Description>TXT_KEY_BUILDING_CENTRAL_MARKET</Description>
			<iMaxGlobalInstances>1</iMaxGlobalInstances>
			<iMaxTeamInstances>-1</iMaxTeamInstances>
			<iMaxPlayerInstances>-1</iMaxPlayerInstances>
			<iExtraPlayerInstances>0</iExtraPlayerInstances>
			<bNoLimit>0</bNoLimit>
			<bMonument>0</bMonument>
			<DefaultBuilding>BUILDING_CENTRAL_MARKET</DefaultBuilding>
			<VictoryThresholds/>
		</BuildingClassInfo>
		<BuildingClassInfo>
			<Type>BUILDINGCLASS_GREAT_HARBOR</Type>
			<Description>TXT_KEY_BUILDING_GREAT_HARBOR</Description>
			<iMaxGlobalInstances>1</iMaxGlobalInstances>
			<iMaxTeamInstances>-1</iMaxTeamInstances>
			<iMaxPlayerInstances>-1</iMaxPlayerInstances>
			<iExtraPlayerInstances>0</iExtraPlayerInstances>
			<bNoLimit>0</bNoLimit>
			<bMonument>0</bMonument>
			<DefaultBuilding>BUILDING_GREAT_HARBOR</DefaultBuilding>
			<VictoryThresholds/>
		</BuildingClassInfo>
		<BuildingClassInfo>
			<Type>BUILDINGCLASS_DREAMING_CAVERN</Type>
			<Description>TXT_KEY_BUILDING_DREAMING_CAVERN</Description>
			<iMaxGlobalInstances>1</iMaxGlobalInstances>
			<iMaxTeamInstances>-1</iMaxTeamInstances>
			<iMaxPlayerInstances>-1</iMaxPlayerInstances>
			<iExtraPlayerInstances>0</iExtraPlayerInstances>
			<bNoLimit>0</bNoLimit>
			<bMonument>0</bMonument>
			<DefaultBuilding>BUILDING_DREAMING_CAVERN</DefaultBuilding>
			<VictoryThresholds/>
		</BuildingClassInfo>
		<BuildingClassInfo>
			<Type>BUILDINGCLASS_GREAT_ZIGGURAT</Type>
			<Description>TXT_KEY_BUILDING_GREAT_ZIGGURAT</Description>
			<iMaxGlobalInstances>1</iMaxGlobalInstances>
			<iMaxTeamInstances>-1</iMaxTeamInstances>
			<iMaxPlayerInstances>-1</iMaxPlayerInstances>
			<iExtraPlayerInstances>0</iExtraPlayerInstances>
			<bNoLimit>0</bNoLimit>
			<bMonument>0</bMonument>
			<DefaultBuilding>BUILDING_GREAT_ZIGGURAT</DefaultBuilding>
			<VictoryThresholds/>
		</BuildingClassInfo>
		<BuildingClassInfo>
			<Type>BUILDINGCLASS_SANCRE_TOR</Type>
			<Description>TXT_KEY_BUILDING_SANCRE_TOR</Description>
			<iMaxGlobalInstances>1</iMaxGlobalInstances>
			<iMaxTeamInstances>-1</iMaxTeamInstances>
			<iMaxPlayerInstances>-1</iMaxPlayerInstances>
			<iExtraPlayerInstances>0</iExtraPlayerInstances>
			<bNoLimit>0</bNoLimit>
			<bMonument>0</bMonument>
			<DefaultBuilding>BUILDING_SANCRE_TOR</DefaultBuilding>
			<VictoryThresholds/>
		</BuildingClassInfo>
		<BuildingClassInfo>
			<Type>BUILDINGCLASS_ARBORETUM</Type>
			<Description>TXT_KEY_BUILDING_ARBORETUM</Description>
			<iMaxGlobalInstances>1</iMaxGlobalInstances>
			<iMaxTeamInstances>-1</iMaxTeamInstances>
			<iMaxPlayerInstances>-1</iMaxPlayerInstances>
			<iExtraPlayerInstances>0</iExtraPlayerInstances>
			<bNoLimit>0</bNoLimit>
			<bMonument>0</bMonument>
			<DefaultBuilding>BUILDING_ARBORETUM</DefaultBuilding>
			<VictoryThresholds/>
		</BuildingClassInfo>
		<BuildingClassInfo>
			<Type>BUILDINGCLASS_CITY_OF_IRON</Type>
			<Description>TXT_KEY_BUILDING_CITY_OF_IRON</Description>
			<iMaxGlobalInstances>1</iMaxGlobalInstances>
			<iMaxTeamInstances>-1</iMaxTeamInstances>
			<iMaxPlayerInstances>-1</iMaxPlayerInstances>
			<iExtraPlayerInstances>0</iExtraPlayerInstances>
			<bNoLimit>0</bNoLimit>
			<bMonument>0</bMonument>
			<DefaultBuilding>BUILDING_CITY_OF_IRON</DefaultBuilding>
			<VictoryThresholds/>
		</BuildingClassInfo>
		<BuildingClassInfo>
			<Type>BUILDINGCLASS_ELDER_SCROLLS</Type>
			<Description>TXT_KEY_BUILDING_ELDER_SCROLLS</Description>
			<iMaxGlobalInstances>1</iMaxGlobalInstances>
			<iMaxTeamInstances>-1</iMaxTeamInstances>
			<iMaxPlayerInstances>-1</iMaxPlayerInstances>
			<iExtraPlayerInstances>0</iExtraPlayerInstances>
			<bNoLimit>0</bNoLimit>
			<bMonument>0</bMonument>
			<DefaultBuilding>BUILDING_ELDER_SCROLLS</DefaultBuilding>
			<VictoryThresholds/>
		</BuildingClassInfo>
		<BuildingClassInfo>
			<Type>BUILDINGCLASS_ORRERY</Type>
			<Description>TXT_KEY_BUILDING_ORRERY</Description>
			<iMaxGlobalInstances>1</iMaxGlobalInstances>
			<iMaxTeamInstances>-1</iMaxTeamInstances>
			<iMaxPlayerInstances>-1</iMaxPlayerInstances>
			<iExtraPlayerInstances>0</iExtraPlayerInstances>
			<bNoLimit>0</bNoLimit>
			<bMonument>0</bMonument>
			<DefaultBuilding>BUILDING_ORRERY</DefaultBuilding>
			<VictoryThresholds/>
		</BuildingClassInfo>
		<BuildingClassInfo>
			<Type>BUILDINGCLASS_OBSERVATORY</Type>
			<Description>TXT_KEY_BUILDING_OBSERVATORY</Description>
			<iMaxGlobalInstances>1</iMaxGlobalInstances>
			<iMaxTeamInstances>-1</iMaxTeamInstances>
			<iMaxPlayerInstances>-1</iMaxPlayerInstances>
			<iExtraPlayerInstances>0</iExtraPlayerInstances>
			<bNoLimit>0</bNoLimit>
			<bMonument>0</bMonument>
			<DefaultBuilding>BUILDING_OBSERVATORY</DefaultBuilding>
			<VictoryThresholds/>
		</BuildingClassInfo>
		<BuildingClassInfo>
			<Type>BUILDINGCLASS_THIRSK</Type>
			<Description>TXT_KEY_BUILDING_THIRSK</Description>
			<iMaxGlobalInstances>1</iMaxGlobalInstances>
			<iMaxTeamInstances>-1</iMaxTeamInstances>
			<iMaxPlayerInstances>-1</iMaxPlayerInstances>
			<iExtraPlayerInstances>0</iExtraPlayerInstances>
			<bNoLimit>0</bNoLimit>
			<bMonument>0</bMonument>
			<DefaultBuilding>BUILDING_THIRSK</DefaultBuilding>
			<VictoryThresholds/>
		</BuildingClassInfo>
		<BuildingClassInfo>
			<Type>BUILDINGCLASS_BARD</Type>
			<Description>TXT_KEY_BUILDING_BARD</Description>
			<iMaxGlobalInstances>1</iMaxGlobalInstances>
			<iMaxTeamInstances>-1</iMaxTeamInstances>
			<iMaxPlayerInstances>-1</iMaxPlayerInstances>
			<iExtraPlayerInstances>0</iExtraPlayerInstances>
			<bNoLimit>0</bNoLimit>
			<bMonument>0</bMonument>
			<DefaultBuilding>BUILDING_BARD</DefaultBuilding>
			<VictoryThresholds/>
		</BuildingClassInfo>
		
		
		
		<BuildingClassInfo>
			<Type>BUILDINGCLASS_AEDRA_TEMPLE</Type>
			<Description>TXT_KEY_BUILDING_AEDRA_TEMPLE</Description>
			<iMaxGlobalInstances>-1</iMaxGlobalInstances>
			<iMaxTeamInstances>-1</iMaxTeamInstances>
			<iMaxPlayerInstances>-1</iMaxPlayerInstances>
			<iExtraPlayerInstances>0</iExtraPlayerInstances>
			<bNoLimit>0</bNoLimit>
			<bMonument>1</bMonument>
			<DefaultBuilding>BUILDING_AEDRA_TEMPLE</DefaultBuilding>
			<VictoryThresholds/>
		</BuildingClassInfo>
		<BuildingClassInfo>
			<Type>BUILDINGCLASS_AEDRA_CATHEDRAL</Type>
			<Description>TXT_KEY_BUILDING_AEDRA_CATHEDRAL</Description>
			<iMaxGlobalInstances>-1</iMaxGlobalInstances>
			<iMaxTeamInstances>-1</iMaxTeamInstances>
			<iMaxPlayerInstances>-1</iMaxPlayerInstances>
			<iExtraPlayerInstances>0</iExtraPlayerInstances>
			<bNoLimit>0</bNoLimit>
			<bMonument>1</bMonument>
			<DefaultBuilding>BUILDING_AEDRA_CATHEDRAL</DefaultBuilding>
			<VictoryThresholds/>
		</BuildingClassInfo>
		<BuildingClassInfo>
			<Type>BUILDINGCLASS_AEDRA_MONASTERY</Type>
			<Description>TXT_KEY_BUILDING_AEDRA_MONASTERY</Description>
			<iMaxGlobalInstances>-1</iMaxGlobalInstances>
			<iMaxTeamInstances>-1</iMaxTeamInstances>
			<iMaxPlayerInstances>-1</iMaxPlayerInstances>
			<iExtraPlayerInstances>0</iExtraPlayerInstances>
			<bNoLimit>0</bNoLimit>
			<bMonument>0</bMonument>
			<DefaultBuilding>BUILDING_AEDRA_MONASTERY</DefaultBuilding>
			<VictoryThresholds/>
		</BuildingClassInfo>
		<BuildingClassInfo>
			<Type>BUILDINGCLASS_AEDRA_SHRINE</Type>
			<Description>TXT_KEY_BUILDING_AEDRA_SHRINE</Description>
			<iMaxGlobalInstances>1</iMaxGlobalInstances>
			<iMaxTeamInstances>-1</iMaxTeamInstances>
			<iMaxPlayerInstances>-1</iMaxPlayerInstances>
			<iExtraPlayerInstances>0</iExtraPlayerInstances>
			<bNoLimit>0</bNoLimit>
			<bMonument>0</bMonument>
			<DefaultBuilding>BUILDING_AEDRA_SHRINE</DefaultBuilding>
			<VictoryThresholds/>
		</BuildingClassInfo>
		<BuildingClassInfo>
			<Type>BUILDINGCLASS_EIGHT_DIVINES_TEMPLE</Type>
			<Description>TXT_KEY_BUILDING_EIGHT_DIVINES_TEMPLE</Description>
			<iMaxGlobalInstances>-1</iMaxGlobalInstances>
			<iMaxTeamInstances>-1</iMaxTeamInstances>
			<iMaxPlayerInstances>-1</iMaxPlayerInstances>
			<iExtraPlayerInstances>0</iExtraPlayerInstances>
			<bNoLimit>0</bNoLimit>
			<bMonument>1</bMonument>
			<DefaultBuilding>BUILDING_EIGHT_DIVINES_TEMPLE</DefaultBuilding>
			<VictoryThresholds/>
		</BuildingClassInfo>
		<BuildingClassInfo>
			<Type>BUILDINGCLASS_EIGHT_DIVINES_CATHEDRAL</Type>
			<Description>TXT_KEY_BUILDING_EIGHT_DIVINES_CATHEDRAL</Description>
			<iMaxGlobalInstances>-1</iMaxGlobalInstances>
			<iMaxTeamInstances>-1</iMaxTeamInstances>
			<iMaxPlayerInstances>-1</iMaxPlayerInstances>
			<iExtraPlayerInstances>0</iExtraPlayerInstances>
			<bNoLimit>0</bNoLimit>
			<bMonument>1</bMonument>
			<DefaultBuilding>BUILDING_EIGHT_DIVINES_CATHEDRAL</DefaultBuilding>
			<VictoryThresholds/>
		</BuildingClassInfo>
		<BuildingClassInfo>
			<Type>BUILDINGCLASS_EIGHT_DIVINES_MONASTERY</Type>
			<Description>TXT_KEY_BUILDING_EIGHT_DIVINES_MONASTERY</Description>
			<iMaxGlobalInstances>-1</iMaxGlobalInstances>
			<iMaxTeamInstances>-1</iMaxTeamInstances>
			<iMaxPlayerInstances>-1</iMaxPlayerInstances>
			<iExtraPlayerInstances>0</iExtraPlayerInstances>
			<bNoLimit>0</bNoLimit>
			<bMonument>0</bMonument>
			<DefaultBuilding>BUILDING_EIGHT_DIVINES_MONASTERY</DefaultBuilding>
			<VictoryThresholds/>
		</BuildingClassInfo>
		<BuildingClassInfo>
			<Type>BUILDINGCLASS_EIGHT_DIVINES_SHRINE</Type>
			<Description>TXT_KEY_BUILDING_EIGHT_DIVINES_SHRINE</Description>
			<iMaxGlobalInstances>1</iMaxGlobalInstances>
			<iMaxTeamInstances>-1</iMaxTeamInstances>
			<iMaxPlayerInstances>-1</iMaxPlayerInstances>
			<iExtraPlayerInstances>0</iExtraPlayerInstances>
			<bNoLimit>0</bNoLimit>
			<bMonument>0</bMonument>
			<DefaultBuilding>BUILDING_EIGHT_DIVINES_SHRINE</DefaultBuilding>
			<VictoryThresholds/>
		</BuildingClassInfo>
		<BuildingClassInfo>
			<Type>BUILDINGCLASS_ANCESTRAL_TEMPLE</Type>
			<Description>TXT_KEY_BUILDING_ANCESTRAL_TEMPLE</Description>
			<iMaxGlobalInstances>-1</iMaxGlobalInstances>
			<iMaxTeamInstances>-1</iMaxTeamInstances>
			<iMaxPlayerInstances>-1</iMaxPlayerInstances>
			<iExtraPlayerInstances>0</iExtraPlayerInstances>
			<bNoLimit>0</bNoLimit>
			<bMonument>1</bMonument>
			<DefaultBuilding>BUILDING_ANCESTRAL_TEMPLE</DefaultBuilding>
			<VictoryThresholds/>
		</BuildingClassInfo>
		<BuildingClassInfo>
			<Type>BUILDINGCLASS_ANCESTRAL_CATHEDRAL</Type>
			<Description>TXT_KEY_BUILDING_ANCESTRAL_CATHEDRAL</Description>
			<iMaxGlobalInstances>-1</iMaxGlobalInstances>
			<iMaxTeamInstances>-1</iMaxTeamInstances>
			<iMaxPlayerInstances>-1</iMaxPlayerInstances>
			<iExtraPlayerInstances>0</iExtraPlayerInstances>
			<bNoLimit>0</bNoLimit>
			<bMonument>1</bMonument>
			<DefaultBuilding>BUILDING_ANCESTRAL_CATHEDRAL</DefaultBuilding>
			<VictoryThresholds/>
		</BuildingClassInfo>
		<BuildingClassInfo>
			<Type>BUILDINGCLASS_ANCESTRAL_MONASTERY</Type>
			<Description>TXT_KEY_BUILDING_ANCESTRAL_MONASTERY</Description>
			<iMaxGlobalInstances>-1</iMaxGlobalInstances>
			<iMaxTeamInstances>-1</iMaxTeamInstances>
			<iMaxPlayerInstances>-1</iMaxPlayerInstances>
			<iExtraPlayerInstances>0</iExtraPlayerInstances>
			<bNoLimit>0</bNoLimit>
			<bMonument>0</bMonument>
			<DefaultBuilding>BUILDING_ANCESTRAL_MONASTERY</DefaultBuilding>
			<VictoryThresholds/>
		</BuildingClassInfo>
		<BuildingClassInfo>
			<Type>BUILDINGCLASS_ANCESTRAL_SHRINE</Type>
			<Description>TXT_KEY_BUILDING_ANCESTRAL_SHRINE</Description>
			<iMaxGlobalInstances>1</iMaxGlobalInstances>
			<iMaxTeamInstances>-1</iMaxTeamInstances>
			<iMaxPlayerInstances>-1</iMaxPlayerInstances>
			<iExtraPlayerInstances>0</iExtraPlayerInstances>
			<bNoLimit>0</bNoLimit>
			<bMonument>0</bMonument>
			<DefaultBuilding>BUILDING_ANCESTRAL_SHRINE</DefaultBuilding>
			<VictoryThresholds/>
		</BuildingClassInfo>
		<BuildingClassInfo>
			<Type>BUILDINGCLASS_MONOTHEISTIC_TEMPLE</Type>
			<Description>TXT_KEY_BUILDING_MONOTHEISTIC_TEMPLE</Description>
			<iMaxGlobalInstances>-1</iMaxGlobalInstances>
			<iMaxTeamInstances>-1</iMaxTeamInstances>
			<iMaxPlayerInstances>-1</iMaxPlayerInstances>
			<iExtraPlayerInstances>0</iExtraPlayerInstances>
			<bNoLimit>0</bNoLimit>
			<bMonument>1</bMonument>
			<DefaultBuilding>BUILDING_MONOTHEISTIC_TEMPLE</DefaultBuilding>
			<VictoryThresholds/>
		</BuildingClassInfo>
		<BuildingClassInfo>
			<Type>BUILDINGCLASS_MONOTHEISTIC_CATHEDRAL</Type>
			<Description>TXT_KEY_BUILDING_MONOTHEISTIC_CATHEDRAL</Description>
			<iMaxGlobalInstances>-1</iMaxGlobalInstances>
			<iMaxTeamInstances>-1</iMaxTeamInstances>
			<iMaxPlayerInstances>-1</iMaxPlayerInstances>
			<iExtraPlayerInstances>0</iExtraPlayerInstances>
			<bNoLimit>0</bNoLimit>
			<bMonument>1</bMonument>
			<DefaultBuilding>BUILDING_BUDDHIST_CATHEDRAL</DefaultBuilding>
			<VictoryThresholds/>
		</BuildingClassInfo>
		<BuildingClassInfo>
			<Type>BUILDINGCLASS_MONOTHEISTIC_MONASTERY</Type>
			<Description>TXT_KEY_BUILDING_MONOTHEISTIC_MONASTERY</Description>
			<iMaxGlobalInstances>-1</iMaxGlobalInstances>
			<iMaxTeamInstances>-1</iMaxTeamInstances>
			<iMaxPlayerInstances>-1</iMaxPlayerInstances>
			<iExtraPlayerInstances>0</iExtraPlayerInstances>
			<bNoLimit>0</bNoLimit>
			<bMonument>0</bMonument>
			<DefaultBuilding>BUILDING_MONOTHEISTIC_MONASTERY</DefaultBuilding>
			<VictoryThresholds/>
		</BuildingClassInfo>
		<BuildingClassInfo>
			<Type>BUILDINGCLASS_MONOTHEISTIC_SHRINE</Type>
			<Description>TXT_KEY_BUILDING_MONOTHEISTIC_SHRINE</Description>
			<iMaxGlobalInstances>1</iMaxGlobalInstances>
			<iMaxTeamInstances>-1</iMaxTeamInstances>
			<iMaxPlayerInstances>-1</iMaxPlayerInstances>
			<iExtraPlayerInstances>0</iExtraPlayerInstances>
			<bNoLimit>0</bNoLimit>
			<bMonument>0</bMonument>
			<DefaultBuilding>BUILDING_MONOTHEISTIC_SHRINE</DefaultBuilding>
			<VictoryThresholds/>
		</BuildingClassInfo>
		<BuildingClassInfo>
			<Type>BUILDINGCLASS_TRIBUNAL_TEMPLE</Type>
			<Description>TXT_KEY_BUILDING_TRIBUNAL_TEMPLE</Description>
			<iMaxGlobalInstances>-1</iMaxGlobalInstances>
			<iMaxTeamInstances>-1</iMaxTeamInstances>
			<iMaxPlayerInstances>-1</iMaxPlayerInstances>
			<iExtraPlayerInstances>0</iExtraPlayerInstances>
			<bNoLimit>0</bNoLimit>
			<bMonument>1</bMonument>
			<DefaultBuilding>BUILDING_TRIBUNAL_TEMPLE</DefaultBuilding>
			<VictoryThresholds/>
		</BuildingClassInfo>
		<BuildingClassInfo>
			<Type>BUILDINGCLASS_TRIBUNAL_CATHEDRAL</Type>
			<Description>TXT_KEY_BUILDING_TRIBUNAL_CATHEDRAL</Description>
			<iMaxGlobalInstances>-1</iMaxGlobalInstances>
			<iMaxTeamInstances>-1</iMaxTeamInstances>
			<iMaxPlayerInstances>-1</iMaxPlayerInstances>
			<iExtraPlayerInstances>0</iExtraPlayerInstances>
			<bNoLimit>0</bNoLimit>
			<bMonument>1</bMonument>
			<DefaultBuilding>BUILDING_TRIBUNAL_CATHEDRAL</DefaultBuilding>
			<VictoryThresholds/>
		</BuildingClassInfo>
		<BuildingClassInfo>
			<Type>BUILDINGCLASS_TRIBUNAL_MONASTERY</Type>
			<Description>TXT_KEY_BUILDING_TRIBUNAL_MONASTERY</Description>
			<iMaxGlobalInstances>-1</iMaxGlobalInstances>
			<iMaxTeamInstances>-1</iMaxTeamInstances>
			<iMaxPlayerInstances>-1</iMaxPlayerInstances>
			<iExtraPlayerInstances>0</iExtraPlayerInstances>
			<bNoLimit>0</bNoLimit>
			<bMonument>0</bMonument>
			<DefaultBuilding>BUILDING_TRIBUNAL_MONASTERY</DefaultBuilding>
			<VictoryThresholds/>
		</BuildingClassInfo>
		<BuildingClassInfo>
			<Type>BUILDINGCLASS_TRIBUNAL_SHRINE</Type>
			<Description>TXT_KEY_BUILDING_TRIBUNAL_SHRINE</Description>
			<iMaxGlobalInstances>1</iMaxGlobalInstances>
			<iMaxTeamInstances>-1</iMaxTeamInstances>
			<iMaxPlayerInstances>-1</iMaxPlayerInstances>
			<iExtraPlayerInstances>0</iExtraPlayerInstances>
			<bNoLimit>0</bNoLimit>
			<bMonument>0</bMonument>
			<DefaultBuilding>BUILDING_TRIBUNAL_SHRINE</DefaultBuilding>
			<VictoryThresholds/>
		</BuildingClassInfo>
		<BuildingClassInfo>
			<Type>BUILDINGCLASS_DAEDRA_TEMPLE</Type>
			<Description>TXT_KEY_BUILDING_DAEDRA_TEMPLE</Description>
			<iMaxGlobalInstances>-1</iMaxGlobalInstances>
			<iMaxTeamInstances>-1</iMaxTeamInstances>
			<iMaxPlayerInstances>-1</iMaxPlayerInstances>
			<iExtraPlayerInstances>0</iExtraPlayerInstances>
			<bNoLimit>0</bNoLimit>
			<bMonument>1</bMonument>
			<DefaultBuilding>BUILDING_DAEDRA_TEMPLE</DefaultBuilding>
			<VictoryThresholds/>
		</BuildingClassInfo>
		<BuildingClassInfo>
			<Type>BUILDINGCLASS_DAEDRA_CATHEDRAL</Type>
			<Description>TXT_KEY_BUILDING_DAEDRA_CATHEDRAL</Description>
			<iMaxGlobalInstances>-1</iMaxGlobalInstances>
			<iMaxTeamInstances>-1</iMaxTeamInstances>
			<iMaxPlayerInstances>-1</iMaxPlayerInstances>
			<iExtraPlayerInstances>0</iExtraPlayerInstances>
			<bNoLimit>0</bNoLimit>
			<bMonument>1</bMonument>
			<DefaultBuilding>BUILDING_DAEDRA_CATHEDRAL</DefaultBuilding>
			<VictoryThresholds/>
		</BuildingClassInfo>
		<BuildingClassInfo>
			<Type>BUILDINGCLASS_DAEDRA_MONASTERY</Type>
			<Description>TXT_KEY_BUILDING_DAEDRA_MONASTERY</Description>
			<iMaxGlobalInstances>-1</iMaxGlobalInstances>
			<iMaxTeamInstances>-1</iMaxTeamInstances>
			<iMaxPlayerInstances>-1</iMaxPlayerInstances>
			<iExtraPlayerInstances>0</iExtraPlayerInstances>
			<bNoLimit>0</bNoLimit>
			<bMonument>0</bMonument>
			<DefaultBuilding>BUILDING_DAEDRA_MONASTERY</DefaultBuilding>
			<VictoryThresholds/>
		</BuildingClassInfo>
		<BuildingClassInfo>
			<Type>BUILDINGCLASS_DAEDRA_SHRINE</Type>
			<Description>TXT_KEY_BUILDING_DAEDRA_SHRINE</Description>
			<iMaxGlobalInstances>1</iMaxGlobalInstances>
			<iMaxTeamInstances>-1</iMaxTeamInstances>
			<iMaxPlayerInstances>-1</iMaxPlayerInstances>
			<iExtraPlayerInstances>0</iExtraPlayerInstances>
			<bNoLimit>0</bNoLimit>
			<bMonument>0</bMonument>
			<DefaultBuilding>BUILDING_DAEDRA_SHRINE</DefaultBuilding>
			<VictoryThresholds/>
		</BuildingClassInfo>
		<BuildingClassInfo>
			<Type>BUILDINGCLASS_RIDDLETHAR_TEMPLE</Type>
			<Description>TXT_KEY_BUILDING_RIDDLETHAR_TEMPLE</Description>
			<iMaxGlobalInstances>-1</iMaxGlobalInstances>
			<iMaxTeamInstances>-1</iMaxTeamInstances>
			<iMaxPlayerInstances>-1</iMaxPlayerInstances>
			<iExtraPlayerInstances>0</iExtraPlayerInstances>
			<bNoLimit>0</bNoLimit>
			<bMonument>1</bMonument>
			<DefaultBuilding>BUILDING_RIDDLETHAR_TEMPLE</DefaultBuilding>
			<VictoryThresholds/>
		</BuildingClassInfo>
		<BuildingClassInfo>
			<Type>BUILDINGCLASS_RIDDLETHAR_CATHEDRAL</Type>
			<Description>TXT_KEY_BUILDING_RIDDLETHAR_CATHEDRAL</Description>
			<iMaxGlobalInstances>-1</iMaxGlobalInstances>
			<iMaxTeamInstances>-1</iMaxTeamInstances>
			<iMaxPlayerInstances>-1</iMaxPlayerInstances>
			<iExtraPlayerInstances>0</iExtraPlayerInstances>
			<bNoLimit>0</bNoLimit>
			<bMonument>1</bMonument>
			<DefaultBuilding>BUILDING_RIDDLETHAR_CATHEDRAL</DefaultBuilding>
			<VictoryThresholds/>
		</BuildingClassInfo>
		<BuildingClassInfo>
			<Type>BUILDINGCLASS_RIDDLETHAR_MONASTERY</Type>
			<Description>TXT_KEY_BUILDING_RIDDLETHAR_MONASTERY</Description>
			<iMaxGlobalInstances>-1</iMaxGlobalInstances>
			<iMaxTeamInstances>-1</iMaxTeamInstances>
			<iMaxPlayerInstances>-1</iMaxPlayerInstances>
			<iExtraPlayerInstances>0</iExtraPlayerInstances>
			<bNoLimit>0</bNoLimit>
			<bMonument>0</bMonument>
			<DefaultBuilding>BUILDING_RIDDLETHAR_MONASTERY</DefaultBuilding>
			<VictoryThresholds/>
		</BuildingClassInfo>
		<BuildingClassInfo>
			<Type>BUILDINGCLASS_RIDDLETHAR_SHRINE</Type>
			<Description>TXT_KEY_BUILDING_RIDDLETHAR_SHRINE</Description>
			<iMaxGlobalInstances>1</iMaxGlobalInstances>
			<iMaxTeamInstances>-1</iMaxTeamInstances>
			<iMaxPlayerInstances>-1</iMaxPlayerInstances>
			<iExtraPlayerInstances>0</iExtraPlayerInstances>
			<bNoLimit>0</bNoLimit>
			<bMonument>0</bMonument>
			<DefaultBuilding>BUILDING_RIDDLETHAR_SHRINE</DefaultBuilding>
			<VictoryThresholds/>
		</BuildingClassInfo>
		<BuildingClassInfo>
			<Type>BUILDINGCLASS_YOKUDA_TEMPLE</Type>
			<Description>TXT_KEY_BUILDING_YOKUDA_TEMPLE</Description>
			<iMaxGlobalInstances>-1</iMaxGlobalInstances>
			<iMaxTeamInstances>-1</iMaxTeamInstances>
			<iMaxPlayerInstances>-1</iMaxPlayerInstances>
			<iExtraPlayerInstances>0</iExtraPlayerInstances>
			<bNoLimit>0</bNoLimit>
			<bMonument>1</bMonument>
			<DefaultBuilding>BUILDING_YOKUDA_TEMPLE</DefaultBuilding>
			<VictoryThresholds/>
		</BuildingClassInfo>
		<BuildingClassInfo>
			<Type>BUILDINGCLASS_YOKUDA_CATHEDRAL</Type>
			<Description>TXT_KEY_BUILDING_YOKUDA_CATHEDRAL</Description>
			<iMaxGlobalInstances>-1</iMaxGlobalInstances>
			<iMaxTeamInstances>-1</iMaxTeamInstances>
			<iMaxPlayerInstances>-1</iMaxPlayerInstances>
			<iExtraPlayerInstances>0</iExtraPlayerInstances>
			<bNoLimit>0</bNoLimit>
			<bMonument>1</bMonument>
			<DefaultBuilding>BUILDING_YOKUDA_CATHEDRAL</DefaultBuilding>
			<VictoryThresholds/>
		</BuildingClassInfo>
		<BuildingClassInfo>
			<Type>BUILDINGCLASS_YOKUDA_MONASTERY</Type>
			<Description>TXT_KEY_BUILDING_YOKUDA_MONASTERY</Description>
			<iMaxGlobalInstances>-1</iMaxGlobalInstances>
			<iMaxTeamInstances>-1</iMaxTeamInstances>
			<iMaxPlayerInstances>-1</iMaxPlayerInstances>
			<iExtraPlayerInstances>0</iExtraPlayerInstances>
			<bNoLimit>0</bNoLimit>
			<bMonument>0</bMonument>
			<DefaultBuilding>BUILDING_YOKUDA_MONASTERY</DefaultBuilding>
			<VictoryThresholds/>
		</BuildingClassInfo>
		<BuildingClassInfo>
			<Type>BUILDINGCLASS_YOKUDA_SHRINE</Type>
			<Description>TXT_KEY_BUILDING_YOKUDA_SHRINE</Description>
			<iMaxGlobalInstances>1</iMaxGlobalInstances>
			<iMaxTeamInstances>-1</iMaxTeamInstances>
			<iMaxPlayerInstances>-1</iMaxPlayerInstances>
			<iExtraPlayerInstances>0</iExtraPlayerInstances>
			<bNoLimit>0</bNoLimit>
			<bMonument>0</bMonument>
			<DefaultBuilding>BUILDING_YOKUDA_SHRINE</DefaultBuilding>
			<VictoryThresholds/>
		</BuildingClassInfo>
		<BuildingClassInfo>
			<Type>BUILDINGCLASS_MALAKAT_TEMPLE</Type>
			<Description>TXT_KEY_BUILDING_MALAKAT_TEMPLE</Description>
			<iMaxGlobalInstances>-1</iMaxGlobalInstances>
			<iMaxTeamInstances>-1</iMaxTeamInstances>
			<iMaxPlayerInstances>-1</iMaxPlayerInstances>
			<iExtraPlayerInstances>0</iExtraPlayerInstances>
			<bNoLimit>0</bNoLimit>
			<bMonument>1</bMonument>
			<DefaultBuilding>BUILDING_MALAKAT_TEMPLE</DefaultBuilding>
			<VictoryThresholds/>
		</BuildingClassInfo>
		<BuildingClassInfo>
			<Type>BUILDINGCLASS_MALAKAT_CATHEDRAL</Type>
			<Description>TXT_KEY_BUILDING_MALAKAT_CATHEDRAL</Description>
			<iMaxGlobalInstances>-1</iMaxGlobalInstances>
			<iMaxTeamInstances>-1</iMaxTeamInstances>
			<iMaxPlayerInstances>-1</iMaxPlayerInstances>
			<iExtraPlayerInstances>0</iExtraPlayerInstances>
			<bNoLimit>0</bNoLimit>
			<bMonument>1</bMonument>
			<DefaultBuilding>BUILDING_MALAKAT_CATHEDRAL</DefaultBuilding>
			<VictoryThresholds/>
		</BuildingClassInfo>
		<BuildingClassInfo>
			<Type>BUILDINGCLASS_MALAKAT_MONASTERY</Type>
			<Description>TXT_KEY_BUILDING_MALAKAT_MONASTERY</Description>
			<iMaxGlobalInstances>-1</iMaxGlobalInstances>
			<iMaxTeamInstances>-1</iMaxTeamInstances>
			<iMaxPlayerInstances>-1</iMaxPlayerInstances>
			<iExtraPlayerInstances>0</iExtraPlayerInstances>
			<bNoLimit>0</bNoLimit>
			<bMonument>0</bMonument>
			<DefaultBuilding>BUILDING_MALAKAT_MONASTERY</DefaultBuilding>
			<VictoryThresholds/>
		</BuildingClassInfo>
		<BuildingClassInfo>
			<Type>BUILDINGCLASS_MALAKAT_SHRINE</Type>
			<Description>TXT_KEY_BUILDING_MALAKAT_SHRINE</Description>
			<iMaxGlobalInstances>1</iMaxGlobalInstances>
			<iMaxTeamInstances>-1</iMaxTeamInstances>
			<iMaxPlayerInstances>-1</iMaxPlayerInstances>
			<iExtraPlayerInstances>0</iExtraPlayerInstances>
			<bNoLimit>0</bNoLimit>
			<bMonument>0</bMonument>
			<DefaultBuilding>BUILDING_MALAKAT_SHRINE</DefaultBuilding>
			<VictoryThresholds/>
		</BuildingClassInfo>
		<BuildingClassInfo>
			<Type>BUILDINGCLASS_HIST_TEMPLE</Type>
			<Description>TXT_KEY_BUILDING_HIST_TEMPLE</Description>
			<iMaxGlobalInstances>-1</iMaxGlobalInstances>
			<iMaxTeamInstances>-1</iMaxTeamInstances>
			<iMaxPlayerInstances>-1</iMaxPlayerInstances>
			<iExtraPlayerInstances>0</iExtraPlayerInstances>
			<bNoLimit>0</bNoLimit>
			<bMonument>1</bMonument>
			<DefaultBuilding>BUILDING_HIST_TEMPLE</DefaultBuilding>
			<VictoryThresholds/>
		</BuildingClassInfo>
		<BuildingClassInfo>
			<Type>BUILDINGCLASS_HIST_CATHEDRAL</Type>
			<Description>TXT_KEY_BUILDING_HIST_CATHEDRAL</Description>
			<iMaxGlobalInstances>-1</iMaxGlobalInstances>
			<iMaxTeamInstances>-1</iMaxTeamInstances>
			<iMaxPlayerInstances>-1</iMaxPlayerInstances>
			<iExtraPlayerInstances>0</iExtraPlayerInstances>
			<bNoLimit>0</bNoLimit>
			<bMonument>1</bMonument>
			<DefaultBuilding>BUILDING_HIST_CATHEDRAL</DefaultBuilding>
			<VictoryThresholds/>
		</BuildingClassInfo>
		<BuildingClassInfo>
			<Type>BUILDINGCLASS_HIST_MONASTERY</Type>
			<Description>TXT_KEY_BUILDING_HIST_MONASTERY</Description>
			<iMaxGlobalInstances>-1</iMaxGlobalInstances>
			<iMaxTeamInstances>-1</iMaxTeamInstances>
			<iMaxPlayerInstances>-1</iMaxPlayerInstances>
			<iExtraPlayerInstances>0</iExtraPlayerInstances>
			<bNoLimit>0</bNoLimit>
			<bMonument>0</bMonument>
			<DefaultBuilding>BUILDING_HIST_MONASTERY</DefaultBuilding>
			<VictoryThresholds/>
		</BuildingClassInfo>
		<BuildingClassInfo>
			<Type>BUILDINGCLASS_HIST_SHRINE</Type>
			<Description>TXT_KEY_BUILDING_HIST_SHRINE</Description>
			<iMaxGlobalInstances>1</iMaxGlobalInstances>
			<iMaxTeamInstances>-1</iMaxTeamInstances>
			<iMaxPlayerInstances>-1</iMaxPlayerInstances>
			<iExtraPlayerInstances>0</iExtraPlayerInstances>
			<bNoLimit>0</bNoLimit>
			<bMonument>0</bMonument>
			<DefaultBuilding>BUILDING_HIST_SHRINE</DefaultBuilding>
			<VictoryThresholds/>
		</BuildingClassInfo>
		<BuildingClassInfo>
			<Type>BUILDINGCLASS_SKY_FORGE</Type>
			<Description>TXT_KEY_BUILDING_SKY_FORGE</Description>
			<iMaxGlobalInstances>1</iMaxGlobalInstances>
			<iMaxTeamInstances>-1</iMaxTeamInstances>
			<iMaxPlayerInstances>-1</iMaxPlayerInstances>
			<iExtraPlayerInstances>0</iExtraPlayerInstances>
			<bNoLimit>0</bNoLimit>
			<bMonument>0</bMonument>
			<DefaultBuilding>BUILDING_SKY_FORGE</DefaultBuilding>
			<VictoryThresholds/>
		</BuildingClassInfo>
		
		
		
		<BuildingClassInfo>
			<Type>BUILDINGCLASS_SCOTLAND_YARD</Type>
			<Description>TXT_KEY_BUILDING_SCOTLAND_YARD</Description>
			<iMaxGlobalInstances>-1</iMaxGlobalInstances>
			<iMaxTeamInstances>-1</iMaxTeamInstances>
			<iMaxPlayerInstances>-1</iMaxPlayerInstances>
			<iExtraPlayerInstances>0</iExtraPlayerInstances>
			<bNoLimit>0</bNoLimit>
			<bMonument>0</bMonument>
			<DefaultBuilding>BUILDING_SCOTLAND_YARD</DefaultBuilding>
			<VictoryThresholds/>
		</BuildingClassInfo>
		<BuildingClassInfo>
			<Type>BUILDINGCLASS_INTELLIGENCE_AGENCY</Type>
			<Description>TXT_KEY_BUILDING_INTELLIGENCE_AGENCY</Description>
			<iMaxGlobalInstances>-1</iMaxGlobalInstances>
			<iMaxTeamInstances>-1</iMaxTeamInstances>
			<iMaxPlayerInstances>-1</iMaxPlayerInstances>
			<iExtraPlayerInstances>0</iExtraPlayerInstances>
			<bNoLimit>0</bNoLimit>
			<bMonument>0</bMonument>
			<DefaultBuilding>BUILDING_INTELLIGENCE_AGENCY</DefaultBuilding>
			<VictoryThresholds/>
		</BuildingClassInfo>
		
		
		
	</BuildingClassInfos>
</Civ4BuildingClassInfos>
