<!-- Created by Tech Tree Editor v0.7.2BtS by TheLopez-->
<!-- Sid Meier's Civilization 4 -->
<!-- Copyright Firaxis Games 2005 -->
<!-- -->
<!-- Special Building -->
<Civ4SpecialBuildingInfos xmlns="x-schema:CIV4BuildingsSchema.xml">
	<SpecialBuildingInfos>
		<SpecialBuildingInfo>
			<Type>SPECIALBUILDING_BOMB_SHELTER</Type>
			<Description>TXT_KEY_SPECIALBUILDING_BOMB_SHELTER</Description>
			<ObsoleteTech>NONE</ObsoleteTech>
			<TechPrereq>NONE</TechPrereq>
			<TechPrereqAnyone>NONE</TechPrereqAnyone>
			<bValid>0</bValid>
			<ProductionTraits/>
			<Button>Art/Interface/Buttons/Buildings/BombShelters.dds</Button>
		</SpecialBuildingInfo>
		<SpecialBuildingInfo>
			<Type>SPECIALBUILDING_TEMPLE</Type>
			<Description>TXT_KEY_SPECIALBUILDING_TEMPLE</Description>
			<ObsoleteTech>NONE</ObsoleteTech>
			<TechPrereq>TECH_PRIESTHOOD</TechPrereq>
			<TechPrereqAnyone>NONE</TechPrereqAnyone>
			<bValid>1</bValid>
			<ProductionTraits>
				<ProductionTrait>
					<ProductionTraitType>TRAIT_DUNMER</ProductionTraitType>
					<iProductionTrait>100</iProductionTrait>
				</ProductionTrait>
				<ProductionTrait>
					<ProductionTraitType>TRAIT_FOCUSED</ProductionTraitType>
					<iProductionTrait>100</iProductionTrait>
				</ProductionTrait>
			</ProductionTraits>
			<Button>Art/Interface/Buttons/Buildings/Temple.dds</Button>
		</SpecialBuildingInfo>
		<SpecialBuildingInfo>
			<Type>SPECIALBUILDING_CATHEDRAL</Type>
			<Description>TXT_KEY_SPECIALBUILDING_CATHEDRAL</Description>
			<ObsoleteTech>NONE</ObsoleteTech>
			<TechPrereq>TECH_CONSTRUCTION</TechPrereq>
			<TechPrereqAnyone>NONE</TechPrereqAnyone>
			<bValid>1</bValid>
			<ProductionTraits>
				<ProductionTrait>
					<ProductionTraitType>TRAIT_FOCUSED</ProductionTraitType>
					<iProductionTrait>100</iProductionTrait>
				</ProductionTrait>
			</ProductionTraits>
			<Button>Art/Interface/Buttons/Buildings/Cathedral.dds</Button>
		</SpecialBuildingInfo>
		<SpecialBuildingInfo>
			<Type>SPECIALBUILDING_MONASTERY</Type>
			<Description>TXT_KEY_SPECIALBUILDING_MONASTERY</Description>
			<ObsoleteTech>NONE</ObsoleteTech>
			<TechPrereq>TECH_METAPHYSICS</TechPrereq>
			<TechPrereqAnyone>NONE</TechPrereqAnyone>
			<bValid>1</bValid>
			<ProductionTraits>
				<ProductionTrait>
					<ProductionTraitType>TRAIT_FOCUSED</ProductionTraitType>
					<iProductionTrait>100</iProductionTrait>
				</ProductionTrait>
			</ProductionTraits>
			<Button>Art/Interface/Buttons/Buildings/Monastery_Hindu.dds</Button>
		</SpecialBuildingInfo>
	</SpecialBuildingInfos>
</Civ4SpecialBuildingInfos>
