

		<UnitInfo>
			<Class>UNITCLASS_HERO</Class>
			<Type>UNIT_HERO</Type>
			<UniqueNames/>
			<Special>NONE</Special>
			<Capture>NONE</Capture>
			<Combat>UNITCOMBAT_MELEE</Combat>
			<Domain>DOMAIN_LAND</Domain>
			<DefaultUnitAI>UNITAI_ATTACK</DefaultUnitAI>
			<Invisible>NONE</Invisible>
			<SeeInvisible>NONE</SeeInvisible>
			<Description>Hero</Description>
			<Civilopedia>TXT_KEY_UNIT_MACEMAN_PEDIA</Civilopedia>
			<Strategy>TXT_KEY_UNIT_MACEMAN_STRATEGY</Strategy>
			<Help/>
			<Advisor>ADVISOR_MILITARY</Advisor>
			<bAnimal>0</bAnimal>
			<bFood>0</bFood>
			<bNoBadGoodies>0</bNoBadGoodies>
			<bOnlyDefensive>0</bOnlyDefensive>
			<bNoCapture>0</bNoCapture>
			<bQuickCombat>0</bQuickCombat>
			<bRivalTerritory>0</bRivalTerritory>
			<bMilitaryHappiness>1</bMilitaryHappiness>
			<bMilitarySupport>1</bMilitarySupport>
			<bMilitaryProduction>1</bMilitaryProduction>
			<bPillage>1</bPillage>
			<bSpy>0</bSpy>
			<bSabotage>0</bSabotage>
			<bDestroy>0</bDestroy>
			<bStealPlans>0</bStealPlans>
			<bInvestigate>0</bInvestigate>
			<bCounterSpy>0</bCounterSpy>
			<bFound>0</bFound>
			<bGoldenAge>0</bGoldenAge>
			<bInvisible>0</bInvisible>
			<bFirstStrikeImmune>0</bFirstStrikeImmune>
			<bNoDefensiveBonus>0</bNoDefensiveBonus>
			<bIgnoreBuildingDefense>0</bIgnoreBuildingDefense>
			<bCanMoveImpassable>0</bCanMoveImpassable>
			<bCanMoveAllTerrain>0</bCanMoveAllTerrain>
			<bFlatMovementCost>0</bFlatMovementCost>
			<bIgnoreTerrainCost>0</bIgnoreTerrainCost>
			<bNukeImmune>0</bNukeImmune>
			<bPrereqBonuses>0</bPrereqBonuses>
			<bPrereqReligion>0</bPrereqReligion>
			<bMechanized>0</bMechanized>
			<bSuicide>0</bSuicide>
			<bHiddenNationality>0</bHiddenNationality>
			<bAlwaysHostile>0</bAlwaysHostile>
			<UnitClassUpgrades>
				<UnitClassUpgrade>
					<UnitClassUpgradeType>UNITCLASS_HERO2</UnitClassUpgradeType>
					<bUnitClassUpgrade>1</bUnitClassUpgrade>
				</UnitClassUpgrade>
			</UnitClassUpgrades>
			<UnitClassTargets/>
			<UnitCombatTargets/>
			<UnitClassDefenders/>
			<UnitCombatDefenders/>
			<FlankingStrikes/>
			<UnitAIs>
				<UnitAI>
					<UnitAIType>UNITAI_ATTACK</UnitAIType>
					<bUnitAI>1</bUnitAI>
				</UnitAI>
				<UnitAI>
					<UnitAIType>UNITAI_ATTACK_CITY</UnitAIType>
					<bUnitAI>1</bUnitAI>
				</UnitAI>
				<UnitAI>
					<UnitAIType>UNITAI_RESERVE</UnitAIType>
					<bUnitAI>1</bUnitAI>
				</UnitAI>
				<UnitAI>
					<UnitAIType>UNITAI_COUNTER</UnitAIType>
					<bUnitAI>1</bUnitAI>
				</UnitAI>
			</UnitAIs>
			<NotUnitAIs/>
			<Builds/>
			<ReligionSpreads/>
			<CorporationSpreads/>
			<GreatPeoples/>
			<Buildings/>
			<ForceBuildings/>
			<HolyCity>NONE</HolyCity>
			<ReligionType>NONE</ReligionType>
			<StateReligion>NONE</StateReligion>
			<PrereqReligion>NONE</PrereqReligion>
			<PrereqCorporation>NONE</PrereqCorporation>
			<PrereqBuilding>NONE</PrereqBuilding>
			<PrereqTech>TECH_HUNTING</PrereqTech>
			<TechTypes/>
			<BonusType>NONE</BonusType>
			<PrereqBonuses/>
			<ProductionTraits/>
			<Flavors/>
			<iAIWeight>0</iAIWeight>
			<iCost>150</iCost>
			<iHurryCostModifier>0</iHurryCostModifier>
			<iAdvancedStartCost>100</iAdvancedStartCost>
			<iAdvancedStartCostIncrease>0</iAdvancedStartCostIncrease>
			<iMinAreaSize>-1</iMinAreaSize>
			<iMoves>1</iMoves>
			<bNoRevealMap>0</bNoRevealMap>
			<iAirRange>0</iAirRange>
			<iAirUnitCap>0</iAirUnitCap>
			<iDropRange>0</iDropRange>
			<iNukeRange>-1</iNukeRange>
			<iWorkRate>0</iWorkRate>
			<iBaseDiscover>0</iBaseDiscover>
			<iDiscoverMultiplier>0</iDiscoverMultiplier>
			<iBaseHurry>0</iBaseHurry>
			<iHurryMultiplier>0</iHurryMultiplier>
			<iBaseTrade>0</iBaseTrade>
			<iTradeMultiplier>0</iTradeMultiplier>
			<iGreatWorkCulture>0</iGreatWorkCulture>
			<iEspionagePoints>0</iEspionagePoints>
			<TerrainImpassables/>
			<FeatureImpassables/>
			<TerrainPassableTechs/>
			<FeaturePassableTechs/>
			<iCombat>4</iCombat>
			<iCombatLimit>100</iCombatLimit>
			<iAirCombat>0</iAirCombat>
			<iAirCombatLimit>0</iAirCombatLimit>
			<iXPValueAttack>4</iXPValueAttack>
			<iXPValueDefense>2</iXPValueDefense>
			<iFirstStrikes>0</iFirstStrikes>
			<iChanceFirstStrikes>0</iChanceFirstStrikes>
			<iInterceptionProbability>0</iInterceptionProbability>
			<iEvasionProbability>0</iEvasionProbability>
			<iWithdrawalProb>0</iWithdrawalProb>
			<iCollateralDamage>0</iCollateralDamage>
			<iCollateralDamageLimit>0</iCollateralDamageLimit>
			<iCollateralDamageMaxUnits>0</iCollateralDamageMaxUnits>
			<iCityAttack>0</iCityAttack>
			<iCityDefense>0</iCityDefense>
			<iAnimalCombat>0</iAnimalCombat>
			<iHillsAttack>0</iHillsAttack>
			<iHillsDefense>0</iHillsDefense>
			<TerrainNatives/>
			<FeatureNatives/>
			<TerrainAttacks/>
			<TerrainDefenses/>
			<FeatureAttacks/>
			<FeatureDefenses/>
			<UnitClassAttackMods/>
			<UnitClassDefenseMods/>
			<UnitCombatMods>
				<UnitCombatMod>
					<UnitCombatType>UNITCOMBAT_MAGE</UnitCombatType>
					<iUnitCombatMod>100</iUnitCombatMod>
				</UnitCombatMod>
				<UnitCombatMod>
					<UnitCombatType>UNITCOMBAT_BEAST</UnitCombatType>
					<iUnitCombatMod>150</iUnitCombatMod>
				</UnitCombatMod>
			</UnitCombatMods>
			<UnitCombatCollateralImmunes/>
			<DomainMods/>
			<BonusProductionModifiers/>
			<iBombRate>0</iBombRate>
			<iBombardRate>0</iBombardRate>
			<SpecialCargo>NONE</SpecialCargo>
			<DomainCargo>NONE</DomainCargo>
			<iCargo>0</iCargo>
			<iConscription>3</iConscription>
			<iCultureGarrison>6</iCultureGarrison>
			<iExtraCost>0</iExtraCost>
			<iAsset>2</iAsset>
			<iPower>9</iPower>
			<UnitMeshGroups>
				<iGroupSize>1</iGroupSize>
				<fMaxSpeed>1.75</fMaxSpeed>
				<fPadTime>1.0</fPadTime>
				<iMeleeWaveSize>1</iMeleeWaveSize>
				<iRangedWaveSize>0</iRangedWaveSize>
				<UnitMeshGroup>
					<iRequired>1</iRequired>
					<EarlyArtDefineTag>ART_DEF_UNIT_HERO_CYRODIL</EarlyArtDefineTag>
				</UnitMeshGroup>
			</UnitMeshGroups>
			<FormationType>FORMATION_TYPE_DEFAULT</FormationType>
			<HotKey/>
			<bAltDown>0</bAltDown>
			<bShiftDown>0</bShiftDown>
			<bCtrlDown>0</bCtrlDown>
			<iHotKeyPriority>0</iHotKeyPriority>
			<FreePromotions>
				<FreePromotion>
					<PromotionType>PROMOTION_LEADERSHIP</PromotionType>
					<bFreePromotion>1</bFreePromotion>
				</FreePromotion>
			</FreePromotions>
			<LeaderPromotion>NONE</LeaderPromotion>
			<iLeaderExperience>0</iLeaderExperience>
		</UnitInfo>


		<UnitInfo>
			<Class>UNITCLASS_HERO2</Class>
			<Type>UNIT_HERO2</Type>
			<UniqueNames/>
			<Special>NONE</Special>
			<Capture>NONE</Capture>
			<Combat>UNITCOMBAT_MELEE</Combat>
			<Domain>DOMAIN_LAND</Domain>
			<DefaultUnitAI>UNITAI_ATTACK</DefaultUnitAI>
			<Invisible>NONE</Invisible>
			<SeeInvisible>NONE</SeeInvisible>
			<Description>Hero</Description>
			<Civilopedia>TXT_KEY_UNIT_MACEMAN_PEDIA</Civilopedia>
			<Strategy>TXT_KEY_UNIT_MACEMAN_STRATEGY</Strategy>
			<Help/>
			<Advisor>ADVISOR_MILITARY</Advisor>
			<bAnimal>0</bAnimal>
			<bFood>0</bFood>
			<bNoBadGoodies>0</bNoBadGoodies>
			<bOnlyDefensive>0</bOnlyDefensive>
			<bNoCapture>0</bNoCapture>
			<bQuickCombat>0</bQuickCombat>
			<bRivalTerritory>0</bRivalTerritory>
			<bMilitaryHappiness>1</bMilitaryHappiness>
			<bMilitarySupport>1</bMilitarySupport>
			<bMilitaryProduction>1</bMilitaryProduction>
			<bPillage>1</bPillage>
			<bSpy>0</bSpy>
			<bSabotage>0</bSabotage>
			<bDestroy>0</bDestroy>
			<bStealPlans>0</bStealPlans>
			<bInvestigate>0</bInvestigate>
			<bCounterSpy>0</bCounterSpy>
			<bFound>0</bFound>
			<bGoldenAge>0</bGoldenAge>
			<bInvisible>0</bInvisible>
			<bFirstStrikeImmune>0</bFirstStrikeImmune>
			<bNoDefensiveBonus>0</bNoDefensiveBonus>
			<bIgnoreBuildingDefense>0</bIgnoreBuildingDefense>
			<bCanMoveImpassable>0</bCanMoveImpassable>
			<bCanMoveAllTerrain>0</bCanMoveAllTerrain>
			<bFlatMovementCost>0</bFlatMovementCost>
			<bIgnoreTerrainCost>0</bIgnoreTerrainCost>
			<bNukeImmune>0</bNukeImmune>
			<bPrereqBonuses>0</bPrereqBonuses>
			<bPrereqReligion>0</bPrereqReligion>
			<bMechanized>0</bMechanized>
			<bSuicide>0</bSuicide>
			<bHiddenNationality>0</bHiddenNationality>
			<bAlwaysHostile>0</bAlwaysHostile>
			<UnitClassUpgrades>
				<UnitClassUpgrade>
					<UnitClassUpgradeType>UNITCLASS_HERO3</UnitClassUpgradeType>
					<bUnitClassUpgrade>1</bUnitClassUpgrade>
				</UnitClassUpgrade>
			</UnitClassUpgrades>
			<UnitClassTargets/>
			<UnitCombatTargets/>
			<UnitClassDefenders/>
			<UnitCombatDefenders/>
			<FlankingStrikes/>
			<UnitAIs>
				<UnitAI>
					<UnitAIType>UNITAI_ATTACK</UnitAIType>
					<bUnitAI>1</bUnitAI>
				</UnitAI>
				<UnitAI>
					<UnitAIType>UNITAI_ATTACK_CITY</UnitAIType>
					<bUnitAI>1</bUnitAI>
				</UnitAI>
				<UnitAI>
					<UnitAIType>UNITAI_RESERVE</UnitAIType>
					<bUnitAI>1</bUnitAI>
				</UnitAI>
				<UnitAI>
					<UnitAIType>UNITAI_COUNTER</UnitAIType>
					<bUnitAI>1</bUnitAI>
				</UnitAI>
			</UnitAIs>
			<NotUnitAIs/>
			<Builds/>
			<ReligionSpreads/>
			<CorporationSpreads/>
			<GreatPeoples/>
			<Buildings/>
			<ForceBuildings/>
			<HolyCity>NONE</HolyCity>
			<ReligionType>NONE</ReligionType>
			<StateReligion>NONE</StateReligion>
			<PrereqReligion>NONE</PrereqReligion>
			<PrereqCorporation>NONE</PrereqCorporation>
			<PrereqBuilding>NONE</PrereqBuilding>
			<PrereqTech>TECH_FEUDALISM</PrereqTech>
			<TechTypes/>
			<BonusType>NONE</BonusType>
			<PrereqBonuses/>
			<ProductionTraits/>
			<Flavors/>
			<iAIWeight>0</iAIWeight>
			<iCost>150</iCost>
			<iHurryCostModifier>0</iHurryCostModifier>
			<iAdvancedStartCost>100</iAdvancedStartCost>
			<iAdvancedStartCostIncrease>0</iAdvancedStartCostIncrease>
			<iMinAreaSize>-1</iMinAreaSize>
			<iMoves>1</iMoves>
			<bNoRevealMap>0</bNoRevealMap>
			<iAirRange>0</iAirRange>
			<iAirUnitCap>0</iAirUnitCap>
			<iDropRange>0</iDropRange>
			<iNukeRange>-1</iNukeRange>
			<iWorkRate>0</iWorkRate>
			<iBaseDiscover>0</iBaseDiscover>
			<iDiscoverMultiplier>0</iDiscoverMultiplier>
			<iBaseHurry>0</iBaseHurry>
			<iHurryMultiplier>0</iHurryMultiplier>
			<iBaseTrade>0</iBaseTrade>
			<iTradeMultiplier>0</iTradeMultiplier>
			<iGreatWorkCulture>0</iGreatWorkCulture>
			<iEspionagePoints>0</iEspionagePoints>
			<TerrainImpassables/>
			<FeatureImpassables/>
			<TerrainPassableTechs/>
			<FeaturePassableTechs/>
			<iCombat>8</iCombat>
			<iCombatLimit>100</iCombatLimit>
			<iAirCombat>0</iAirCombat>
			<iAirCombatLimit>0</iAirCombatLimit>
			<iXPValueAttack>4</iXPValueAttack>
			<iXPValueDefense>2</iXPValueDefense>
			<iFirstStrikes>0</iFirstStrikes>
			<iChanceFirstStrikes>0</iChanceFirstStrikes>
			<iInterceptionProbability>0</iInterceptionProbability>
			<iEvasionProbability>0</iEvasionProbability>
			<iWithdrawalProb>0</iWithdrawalProb>
			<iCollateralDamage>0</iCollateralDamage>
			<iCollateralDamageLimit>0</iCollateralDamageLimit>
			<iCollateralDamageMaxUnits>0</iCollateralDamageMaxUnits>
			<iCityAttack>0</iCityAttack>
			<iCityDefense>0</iCityDefense>
			<iAnimalCombat>0</iAnimalCombat>
			<iHillsAttack>0</iHillsAttack>
			<iHillsDefense>0</iHillsDefense>
			<TerrainNatives/>
			<FeatureNatives/>
			<TerrainAttacks/>
			<TerrainDefenses/>
			<FeatureAttacks/>
			<FeatureDefenses/>
			<UnitClassAttackMods/>
			<UnitClassDefenseMods/>
			<UnitCombatMods>
				<UnitCombatMod>
					<UnitCombatType>UNITCOMBAT_MAGE</UnitCombatType>
					<iUnitCombatMod>100</iUnitCombatMod>
				</UnitCombatMod>
				<UnitCombatMod>
					<UnitCombatType>UNITCOMBAT_BEAST</UnitCombatType>
					<iUnitCombatMod>150</iUnitCombatMod>
				</UnitCombatMod>
			</UnitCombatMods>
			<UnitCombatCollateralImmunes/>
			<DomainMods/>
			<BonusProductionModifiers/>
			<iBombRate>0</iBombRate>
			<iBombardRate>0</iBombardRate>
			<SpecialCargo>NONE</SpecialCargo>
			<DomainCargo>NONE</DomainCargo>
			<iCargo>0</iCargo>
			<iConscription>3</iConscription>
			<iCultureGarrison>6</iCultureGarrison>
			<iExtraCost>0</iExtraCost>
			<iAsset>2</iAsset>
			<iPower>9</iPower>
			<UnitMeshGroups>
				<iGroupSize>1</iGroupSize>
				<fMaxSpeed>1.75</fMaxSpeed>
				<fPadTime>1.0</fPadTime>
				<iMeleeWaveSize>1</iMeleeWaveSize>
				<iRangedWaveSize>0</iRangedWaveSize>
				<UnitMeshGroup>
					<iRequired>1</iRequired>
					<EarlyArtDefineTag>ART_DEF_UNIT_HERO_CYRODIL</EarlyArtDefineTag>
				</UnitMeshGroup>
			</UnitMeshGroups>
			<FormationType>FORMATION_TYPE_DEFAULT</FormationType>
			<HotKey/>
			<bAltDown>0</bAltDown>
			<bShiftDown>0</bShiftDown>
			<bCtrlDown>0</bCtrlDown>
			<iHotKeyPriority>0</iHotKeyPriority>
			<FreePromotions>
				<FreePromotion>
					<PromotionType>PROMOTION_LEADERSHIP</PromotionType>
					<bFreePromotion>1</bFreePromotion>
				</FreePromotion>
			</FreePromotions>
			<LeaderPromotion>NONE</LeaderPromotion>
			<iLeaderExperience>0</iLeaderExperience>
		</UnitInfo>

		<UnitInfo>
			<Class>UNITCLASS_HERO3</Class>
			<Type>UNIT_HERO3</Type>
			<UniqueNames/>
			<Special>NONE</Special>
			<Capture>NONE</Capture>
			<Combat>UNITCOMBAT_MELEE</Combat>
			<Domain>DOMAIN_LAND</Domain>
			<DefaultUnitAI>UNITAI_ATTACK</DefaultUnitAI>
			<Invisible>NONE</Invisible>
			<SeeInvisible>NONE</SeeInvisible>
			<Description>Hero</Description>
			<Civilopedia>TXT_KEY_UNIT_MACEMAN_PEDIA</Civilopedia>
			<Strategy>TXT_KEY_UNIT_MACEMAN_STRATEGY</Strategy>
			<Help/>
			<Advisor>ADVISOR_MILITARY</Advisor>
			<bAnimal>0</bAnimal>
			<bFood>0</bFood>
			<bNoBadGoodies>0</bNoBadGoodies>
			<bOnlyDefensive>0</bOnlyDefensive>
			<bNoCapture>0</bNoCapture>
			<bQuickCombat>0</bQuickCombat>
			<bRivalTerritory>0</bRivalTerritory>
			<bMilitaryHappiness>1</bMilitaryHappiness>
			<bMilitarySupport>1</bMilitarySupport>
			<bMilitaryProduction>1</bMilitaryProduction>
			<bPillage>1</bPillage>
			<bSpy>0</bSpy>
			<bSabotage>0</bSabotage>
			<bDestroy>0</bDestroy>
			<bStealPlans>0</bStealPlans>
			<bInvestigate>0</bInvestigate>
			<bCounterSpy>0</bCounterSpy>
			<bFound>0</bFound>
			<bGoldenAge>0</bGoldenAge>
			<bInvisible>0</bInvisible>
			<bFirstStrikeImmune>0</bFirstStrikeImmune>
			<bNoDefensiveBonus>0</bNoDefensiveBonus>
			<bIgnoreBuildingDefense>0</bIgnoreBuildingDefense>
			<bCanMoveImpassable>0</bCanMoveImpassable>
			<bCanMoveAllTerrain>0</bCanMoveAllTerrain>
			<bFlatMovementCost>0</bFlatMovementCost>
			<bIgnoreTerrainCost>0</bIgnoreTerrainCost>
			<bNukeImmune>0</bNukeImmune>
			<bPrereqBonuses>0</bPrereqBonuses>
			<bPrereqReligion>0</bPrereqReligion>
			<bMechanized>0</bMechanized>
			<bSuicide>0</bSuicide>
			<bHiddenNationality>0</bHiddenNationality>
			<bAlwaysHostile>0</bAlwaysHostile>
			<UnitClassUpgrades>
				<UnitClassUpgrade>
					<UnitClassUpgradeType>UNITCLASS_HERO3</UnitClassUpgradeType>
					<bUnitClassUpgrade>1</bUnitClassUpgrade>
				</UnitClassUpgrade>
			</UnitClassUpgrades>
			<UnitClassTargets/>
			<UnitCombatTargets/>
			<UnitClassDefenders/>
			<UnitCombatDefenders/>
			<FlankingStrikes/>
			<UnitAIs>
				<UnitAI>
					<UnitAIType>UNITAI_ATTACK</UnitAIType>
					<bUnitAI>1</bUnitAI>
				</UnitAI>
				<UnitAI>
					<UnitAIType>UNITAI_ATTACK_CITY</UnitAIType>
					<bUnitAI>1</bUnitAI>
				</UnitAI>
				<UnitAI>
					<UnitAIType>UNITAI_RESERVE</UnitAIType>
					<bUnitAI>1</bUnitAI>
				</UnitAI>
				<UnitAI>
					<UnitAIType>UNITAI_COUNTER</UnitAIType>
					<bUnitAI>1</bUnitAI>
				</UnitAI>
			</UnitAIs>
			<NotUnitAIs/>
			<Builds/>
			<ReligionSpreads/>
			<CorporationSpreads/>
			<GreatPeoples/>
			<Buildings/>
			<ForceBuildings/>
			<HolyCity>NONE</HolyCity>
			<ReligionType>NONE</ReligionType>
			<StateReligion>NONE</StateReligion>
			<PrereqReligion>NONE</PrereqReligion>
			<PrereqCorporation>NONE</PrereqCorporation>
			<PrereqBuilding>NONE</PrereqBuilding>
			<PrereqTech>TECH_MAGIC_AND_PROGRESS</PrereqTech>
			<TechTypes/>
			<BonusType>NONE</BonusType>
			<PrereqBonuses/>
			<ProductionTraits/>
			<Flavors/>
			<iAIWeight>0</iAIWeight>
			<iCost>150</iCost>
			<iHurryCostModifier>0</iHurryCostModifier>
			<iAdvancedStartCost>100</iAdvancedStartCost>
			<iAdvancedStartCostIncrease>0</iAdvancedStartCostIncrease>
			<iMinAreaSize>-1</iMinAreaSize>
			<iMoves>1</iMoves>
			<bNoRevealMap>0</bNoRevealMap>
			<iAirRange>0</iAirRange>
			<iAirUnitCap>0</iAirUnitCap>
			<iDropRange>0</iDropRange>
			<iNukeRange>-1</iNukeRange>
			<iWorkRate>0</iWorkRate>
			<iBaseDiscover>0</iBaseDiscover>
			<iDiscoverMultiplier>0</iDiscoverMultiplier>
			<iBaseHurry>0</iBaseHurry>
			<iHurryMultiplier>0</iHurryMultiplier>
			<iBaseTrade>0</iBaseTrade>
			<iTradeMultiplier>0</iTradeMultiplier>
			<iGreatWorkCulture>0</iGreatWorkCulture>
			<iEspionagePoints>0</iEspionagePoints>
			<TerrainImpassables/>
			<FeatureImpassables/>
			<TerrainPassableTechs/>
			<FeaturePassableTechs/>
			<iCombat>14</iCombat>
			<iCombatLimit>100</iCombatLimit>
			<iAirCombat>0</iAirCombat>
			<iAirCombatLimit>0</iAirCombatLimit>
			<iXPValueAttack>4</iXPValueAttack>
			<iXPValueDefense>2</iXPValueDefense>
			<iFirstStrikes>0</iFirstStrikes>
			<iChanceFirstStrikes>0</iChanceFirstStrikes>
			<iInterceptionProbability>0</iInterceptionProbability>
			<iEvasionProbability>0</iEvasionProbability>
			<iWithdrawalProb>0</iWithdrawalProb>
			<iCollateralDamage>0</iCollateralDamage>
			<iCollateralDamageLimit>0</iCollateralDamageLimit>
			<iCollateralDamageMaxUnits>0</iCollateralDamageMaxUnits>
			<iCityAttack>0</iCityAttack>
			<iCityDefense>0</iCityDefense>
			<iAnimalCombat>0</iAnimalCombat>
			<iHillsAttack>0</iHillsAttack>
			<iHillsDefense>0</iHillsDefense>
			<TerrainNatives/>
			<FeatureNatives/>
			<TerrainAttacks/>
			<TerrainDefenses/>
			<FeatureAttacks/>
			<FeatureDefenses/>
			<UnitClassAttackMods/>
			<UnitClassDefenseMods/>
			<UnitCombatMods>
				<UnitCombatMod>
					<UnitCombatType>UNITCOMBAT_MAGE</UnitCombatType>
					<iUnitCombatMod>100</iUnitCombatMod>
				</UnitCombatMod>
				<UnitCombatMod>
					<UnitCombatType>UNITCOMBAT_BEAST</UnitCombatType>
					<iUnitCombatMod>150</iUnitCombatMod>
				</UnitCombatMod>
			</UnitCombatMods>
			<UnitCombatCollateralImmunes/>
			<DomainMods/>
			<BonusProductionModifiers/>
			<iBombRate>0</iBombRate>
			<iBombardRate>0</iBombardRate>
			<SpecialCargo>NONE</SpecialCargo>
			<DomainCargo>NONE</DomainCargo>
			<iCargo>0</iCargo>
			<iConscription>3</iConscription>
			<iCultureGarrison>6</iCultureGarrison>
			<iExtraCost>0</iExtraCost>
			<iAsset>2</iAsset>
			<iPower>9</iPower>
			<UnitMeshGroups>
				<iGroupSize>1</iGroupSize>
				<fMaxSpeed>1.75</fMaxSpeed>
				<fPadTime>1.0</fPadTime>
				<iMeleeWaveSize>1</iMeleeWaveSize>
				<iRangedWaveSize>0</iRangedWaveSize>
				<UnitMeshGroup>
					<iRequired>1</iRequired>
					<EarlyArtDefineTag>ART_DEF_UNIT_HERO_CYRODIL</EarlyArtDefineTag>
				</UnitMeshGroup>
			</UnitMeshGroups>
			<FormationType>FORMATION_TYPE_DEFAULT</FormationType>
			<HotKey/>
			<bAltDown>0</bAltDown>
			<bShiftDown>0</bShiftDown>
			<bCtrlDown>0</bCtrlDown>
			<iHotKeyPriority>0</iHotKeyPriority>
			<FreePromotions>
				<FreePromotion>
					<PromotionType>PROMOTION_LEADERSHIP</PromotionType>
					<bFreePromotion>1</bFreePromotion>
				</FreePromotion>
			</FreePromotions>
			<LeaderPromotion>NONE</LeaderPromotion>
			<iLeaderExperience>0</iLeaderExperience>
		</UnitInfo>

