<?xml version="1.0"?>
<!-- edited with XMLSPY v2004 rel. 2 U (http://www.xmlspy.com) by Jon Shafer (Firaxis Games) -->
<!-- Sid Meier's Civilization 4 -->
<!-- Copyright Firaxis Games 2005 -->
<!-- -->
<!-- Graphic Option - This structure describes the name for each multiplayer option. -->
<Civ4GraphicOptionInfos xmlns="x-schema:CIV4GameInfoSchema.xml">
	<GraphicOptionInfos>
		<GraphicOptionInfo>
			<Type>GRAPHICOPTION_SINGLE_UNIT_GRAPHICS</Type>
			<Description>TXT_KEY_OPTIONS_SINGLE_UNIT</Description>
			<Help>TXT_KEY_OPTIONS_SINGLE_UNIT_HELP</Help>
			<bDefault>0</bDefault>
		</GraphicOptionInfo>
		<GraphicOptionInfo>
			<Type>GRAPHICOPTION_HEALTH_BARS</Type>
			<Description>TXT_KEY_PLAYER_OPTION_SHOW_HEALTH_BARS</Description>
			<Help>TXT_KEY_PLAYER_OPTION_SHOW_HEALTH_BARS_HELP</Help>
			<bDefault>0</bDefault>
		</GraphicOptionInfo>
		<PlayerOptionInfo>
			<Type>GRAPHICOPTION_CITY_DETAIL</Type>
			<Description>TXT_KEY_PLAYER_OPTION_DETAILED_CITY_INFO</Description>
			<Help>TXT_KEY_PLAYER_OPTION_DETAILED_CITY_INFO_HELP</Help>
			<bDefault>0</bDefault>
		</PlayerOptionInfo>
		<GraphicOptionInfo>
			<Type>GRAPHICOPTION_NO_COMBAT_ZOOM</Type>
			<Description>TXT_KEY_PLAYER_OPTION_NO_COMBAT_ZOOM</Description>
			<Help>TXT_KEY_PLAYER_OPTION_NO_COMBAT_ZOOM_HELP</Help>
			<bDefault>0</bDefault>
		</GraphicOptionInfo>
		<GraphicOptionInfo>
			<Type>GRAPHICOPTION_NO_ENEMY_GLOW</Type>
			<Description>TXT_KEY_PLAYER_OPTION_NO_ENEMY_GLOW</Description>
			<Help>TXT_KEY_PLAYER_OPTION_NO_ENEMY_GLOW_HELP</Help>
			<bDefault>0</bDefault>
		</GraphicOptionInfo>
		<GraphicOptionInfo>
			<Type>GRAPHICOPTION_FROZEN_ANIMATIONS</Type>
			<Description>TXT_KEY_GRAPHIC_OPTION_FROZEN_ANIMATIONS</Description>
			<Help>TXT_KEY_GRAPHIC_OPTION_FROZEN_ANIMATIONS_HELP</Help>
			<bDefault>0</bDefault>
		</GraphicOptionInfo>
		<GraphicOptionInfo>
			<Type>GRAPHICOPTION_EFFECTS_DISABLED</Type>
			<Description>TXT_KEY_GRAPHICOPTION_EFFECTS_DISABLED</Description>
			<Help>TXT_KEY_GRAPHICOPTION_EFFECTS_DISABLED_HELP</Help>
			<bDefault>0</bDefault>
		</GraphicOptionInfo>
		<GraphicOptionInfo>
			<Type>GRAPHICOPTION_GLOBE_VIEW_BUILDINGS_DISABLED</Type>
			<Description>TXT_KEY_GRAPHICOPTION_GLOBE_VIEW_BUILDINGS_DISABLED</Description>
			<Help>TXT_KEY_GRAPHICOPTION_GLOBE_VIEW_BUILDINGS_DISABLED_HELP</Help>
			<bDefault>1</bDefault>
		</GraphicOptionInfo>
		<GraphicOptionInfo>
			<Type>GRAPHICOPTION_FULLSCREEN</Type>
			<Description>TXT_KEY_GRAPHICOPTION_FULLSCREEN</Description>
			<Help>TXT_KEY_GRAPHICOPTION_FULLSCREEN_HELP</Help>
			<bDefault>1</bDefault>
		</GraphicOptionInfo>
		<GraphicOptionInfo>
			<Type>GRAPHICOPTION_LOWRES_TEXTURES</Type>
			<Description>TXT_KEY_GRAPHICOPTION_LOWRES_TEXTURES</Description>
			<Help>TXT_KEY_GRAPHICOPTION_LOWRES_TEXTURES_HELP</Help>
			<bDefault>0</bDefault>
		</GraphicOptionInfo>
		<GraphicOptionInfo>
			<Type>GRAPHICOPTION_HIRES_TERRAIN</Type>
			<Description>TXT_KEY_GRAPHICOPTION_HIRES_TERRAIN</Description>
			<Help>TXT_KEY_GRAPHICOPTION_HIRES_TERRAIN_HELP</Help>
			<bDefault>0</bDefault>
		</GraphicOptionInfo>
		<GraphicOptionInfo>
			<Type>GRAPHICOPTION_NO_MOVIES</Type>
			<Description>TXT_KEY_GRAPHICOPTION_NO_MOVIES</Description>
			<Help>TXT_KEY_GRAPHICOPTION_NO_MOVIES_HELP</Help>
			<bDefault>0</bDefault>
		</GraphicOptionInfo>
		<GraphicOptionInfo>
			<Type>GRAPHICOPTION_CITY_RADIUS</Type>
			<Description>TXT_KEY_GRAPHICOPTION_CITY_RADIUS</Description>
			<Help>TXT_KEY_GRAPHICOPTION_CITY_RADIUS_HELP</Help>
			<bDefault>0</bDefault>
		</GraphicOptionInfo>
	</GraphicOptionInfos>
</Civ4GraphicOptionInfos>
