<?xml version="1.0"?>
<!-- edited with XMLSPY v2004 rel. 2 U (http://www.xmlspy.com) by Bart Muzzin (Firaxis Games) -->
<!-- Sid Meier's Civilization 4 -->
<!-- Copyright Firaxis Games 2005 -->
<!-- -->
<!-- Global Defines -->
<Civ4Defines xmlns="x-schema:CIV4GlobalDefinesSchema.xml">
	<!-- Limited Religions -->
	<Define>
		<DefineName>OC_LIMITED_RELIGIONS</DefineName>
		<iDefineIntVal>1</iDefineIntVal>
	</Define>
	<Define>
		<DefineName>OC_TRAIN_ONLY_STATE_RELIGION_MISSIONARY</DefineName>
		<iDefineIntVal>1</iDefineIntVal>
	</Define>
	<!-- End Limited Religions -->	
</Civ4Defines>
