<?xml version="1.0" ?><!-- edited with XMLSPY v2004 rel. 2 U (http://www.xmlspy.com) by Firaxis Games (Firaxis Games) --><!-- Sid Meier's Civilization 4 --><!-- Copyright Firaxis Games 2005 --><!-- --><!-- Player Color --><Civ4PlayerColorInfos xmlns="x-schema:CIV4InterfaceSchema.xml">
	<PlayerColorInfos>
		<PlayerColorInfo>
			<Type>PLAYERCOLOR_GREYISH_GREEN</Type>
			<!-- ####### Orcs Colour ####### -->
			<ColorTypePrimary>COLOR_EDITOR_ORC_PRIMARY</ColorTypePrimary>
			<ColorTypeSecondary>COLOR_EDITOR_ORC_SECONDARY</ColorTypeSecondary>
			<TextColorType>COLOR_EDITOR_ORC_TEXT</TextColorType>
		</PlayerColorInfo>
		<PlayerColorInfo>
			<Type>PLAYERCOLOR_WHEAT</Type>
			<!-- ####### Argonian Colour ####### -->
			<ColorTypePrimary>COLOR_EDITOR_OBLIVION_LEYAWIIN_PRIMARY</ColorTypePrimary>
			<ColorTypeSecondary>COLOR_EDITOR_OBLIVION_LEYAWIIN_SECONDARY</ColorTypeSecondary>
			<TextColorType>COLOR_EDITOR_OBLIVION_LEYAWIIN_TEXT</TextColorType>
		</PlayerColorInfo>
		<PlayerColorInfo>
			<Type>PLAYERCOLOR_DARK_GRAY</Type>
			<!-- ####### Khajiite Colour ####### -->
			<ColorTypePrimary>COLOR_EDITOR_OBLIVION_CHEYDINHAL_PRIMARY</ColorTypePrimary>
			<ColorTypeSecondary>COLOR_EDITOR_OBLIVION_CHEYDINHAL_SECONDARY</ColorTypeSecondary>
			<TextColorType>COLOR_EDITOR_OBLIVION_CHEYDINHAL_TEXT</TextColorType>
		</PlayerColorInfo>
		<PlayerColorInfo>
			<Type>PLAYERCOLOR_DARK_RED</Type>
			<!-- ####### Imperial Colour ####### -->
			<ColorTypePrimary>COLOR_EDITOR_OBLIVION_SKINGRAD_PRIMARY</ColorTypePrimary>
			<ColorTypeSecondary>COLOR_EDITOR_OBLIVION_SKINGRAD_SECONDARY</ColorTypeSecondary>
			<TextColorType>COLOR_EDITOR_OBLIVION_SKINGRAD_TEXT</TextColorType>
		</PlayerColorInfo>
		<PlayerColorInfo>
			<Type>PLAYERCOLOR_RED</Type>
			<!-- ####### Redguard Colour ####### -->
			<ColorTypePrimary>COLOR_EDITOR_REDGUARD_PRIMARY</ColorTypePrimary>
			<ColorTypeSecondary>COLOR_EDITOR_REDGUARD_SECONDARY</ColorTypeSecondary>
			<TextColorType>COLOR_EDITOR_REDGUARD_TEXT</TextColorType>
		</PlayerColorInfo>
		<PlayerColorInfo>
			<Type>PLAYERCOLOR_DARK_BLUE</Type>
			<!-- ####### Breton Colour ####### -->
			<ColorTypePrimary>COLOR_EDITOR_OBLIVION_CHORROL_PRIMARY</ColorTypePrimary>
			<ColorTypeSecondary>COLOR_EDITOR_OBLIVION_CHORROL_SECONDARY</ColorTypeSecondary>
			<TextColorType>COLOR_EDITOR_OBLIVION_CHORROL_TEXT</TextColorType>
		</PlayerColorInfo>
		<PlayerColorInfo>
			<Type>PLAYERCOLOR_LIGHT_YELLOW</Type>
			<!-- ####### Dunmer Colour ####### -->
			<ColorTypePrimary>COLOR_EDITOR_DUNMER2_PRIMARY</ColorTypePrimary>
			<ColorTypeSecondary>COLOR_EDITOR_DUNMER2_SECONDARY</ColorTypeSecondary>
			<TextColorType>COLOR_EDITOR_DUNMER2_TEXT</TextColorType>
		</PlayerColorInfo>
		<PlayerColorInfo>
			<Type>PLAYERCOLOR_LIGHT_BROWN</Type>
			<!-- ####### Bosmer Colour ####### -->
			<ColorTypePrimary>COLOR_EDITOR_BOSMER_PRIMARY</ColorTypePrimary>
			<ColorTypeSecondary>COLOR_EDITOR_BOSMER_SECONDARY</ColorTypeSecondary>
			<TextColorType>COLOR_EDITOR_BOSMER_TEXT</TextColorType>
		</PlayerColorInfo>
		<PlayerColorInfo>
			<Type>PLAYERCOLOR_WHITE</Type>
			<!-- ####### Altmer Colour ####### -->
			<ColorTypePrimary>COLOR_EDITOR_ALTMER_PRIMARY</ColorTypePrimary>
			<ColorTypeSecondary>COLOR_EDITOR_ALTMER_SECONDARY</ColorTypeSecondary>
			<TextColorType>COLOR_EDITOR_ALTMER_TEXT</TextColorType>
		</PlayerColorInfo>
		<PlayerColorInfo>
			<Type>PLAYERCOLOR_VERYDARK_BLUE</Type>
			<!-- ####### Nord Colour ####### -->
			<ColorTypePrimary>COLOR_EDITOR_NORD_PRIMARY</ColorTypePrimary>
			<ColorTypeSecondary>COLOR_EDITOR_NORD_SECONDARY</ColorTypeSecondary>
			<TextColorType>COLOR_EDITOR_NORD_TEXT</TextColorType>
		</PlayerColorInfo>
		<PlayerColorInfo>
			<Type>PLAYERCOLOR_AILEYD</Type>
			<!-- ####### Aileyd Colour ####### -->
			<ColorTypePrimary>COLOR_EDITOR_AILEYD_PRIMARY</ColorTypePrimary>
			<ColorTypeSecondary>COLOR_EDITOR_AILEYD_SECONDARY</ColorTypeSecondary>
			<TextColorType>COLOR_EDITOR_AILEYD_TEXT</TextColorType>
		</PlayerColorInfo>
		<PlayerColorInfo>
			<Type>PLAYERCOLOR_WAYREST</Type>
			<!-- ####### wayrest Colour ####### -->
			<ColorTypePrimary>COLOR_EDITOR_BRETON1_PRIMARY</ColorTypePrimary>
			<ColorTypeSecondary>COLOR_EDITOR_BRETON1_SECONDARY</ColorTypeSecondary>
			<TextColorType>COLOR_EDITOR_BRETON1_TEXT</TextColorType>
		</PlayerColorInfo>
		<PlayerColorInfo>
			<Type>PLAYERCOLOR_SENTINEL</Type>
			<!-- ####### Sentinel Colour ####### -->
			<ColorTypePrimary>COLOR_EDITOR_SENTINEL_PRIMARY</ColorTypePrimary>
			<ColorTypeSecondary>COLOR_EDITOR_SENTINEL_SECONDARY</ColorTypeSecondary>
			<TextColorType>COLOR_EDITOR_SENTINEL_TEXT</TextColorType>
		</PlayerColorInfo>
		<PlayerColorInfo>
			<Type>PLAYERCOLOR_COLOVIA</Type>
			<ColorTypePrimary>COLOR_EDITOR_COLOVIA_PRIMARY</ColorTypePrimary>
			<ColorTypeSecondary>COLOR_EDITOR_COLOVIA_SECONDARY</ColorTypeSecondary>
			<TextColorType>COLOR_EDITOR_COLOVIA_TEXT</TextColorType>
		</PlayerColorInfo>
		<PlayerColorInfo>
			<Type>PLAYERCOLOR_NIBEN</Type>
			<ColorTypePrimary>COLOR_EDITOR_OBLIVION_BRAVIL_PRIMARY</ColorTypePrimary>
			<ColorTypeSecondary>COLOR_EDITOR_OBLIVION_BRAVIL_SECONDARY</ColorTypeSecondary>
			<TextColorType>COLOR_EDITOR_OBLIVION_BRAVIL_TEXT</TextColorType>
		</PlayerColorInfo>
		<PlayerColorInfo>
			<Type>PLAYERCOLOR_DWEMER</Type>
			<ColorTypePrimary>COLOR_EDITOR_DWEMER_PRIMARY</ColorTypePrimary>
			<ColorTypeSecondary>COLOR_EDITOR_DWEMER_SECONDARY</ColorTypeSecondary>
			<TextColorType>COLOR_EDITOR_DWEMER_TEXT</TextColorType>
		</PlayerColorInfo>
		<PlayerColorInfo>
			<Type>PLAYERCOLOR_SHEOGORAT</Type>
			<ColorTypePrimary>COLOR_EDITOR_SHEOGORAT_PRIMARY</ColorTypePrimary>
			<ColorTypeSecondary>COLOR_EDITOR_SHEOGORAT_SECONDARY</ColorTypeSecondary>
			<TextColorType>COLOR_EDITOR_SHEOGORAT_TEXT</TextColorType>
		</PlayerColorInfo>
		<PlayerColorInfo>
			<Type>PLAYERCOLOR_CIV5_CHINA</Type>
			<ColorTypePrimary>COLOR_PLAYER_CIV5_CHINA_1</ColorTypePrimary>
			<ColorTypeSecondary>COLOR_PLAYER_CIV5_WHITE</ColorTypeSecondary>
			<TextColorType>COLOR_PLAYER_CIV5_CHINA_1</TextColorType>
		</PlayerColorInfo>
		<PlayerColorInfo>
			<Type>PLAYERCOLOR_CIV5_SPAIN</Type>
			<ColorTypePrimary>COLOR_PLAYER_CIV5_SPAIN_1</ColorTypePrimary>
			<ColorTypeSecondary>COLOR_PLAYER_CIV5_SPAIN_2</ColorTypeSecondary>
			<TextColorType>COLOR_PLAYER_CIV5_SPAIN_1</TextColorType>
		</PlayerColorInfo>
		<PlayerColorInfo>
			<Type>PLAYERCOLOR_CIV5_MAYA</Type>
			<ColorTypePrimary>COLOR_PLAYER_CIV5_MAYA_1</ColorTypePrimary>
			<ColorTypeSecondary>COLOR_PLAYER_CIV5_MAYA_2</ColorTypeSecondary>
			<TextColorType>COLOR_PLAYER_CIV5_MAYA_1</TextColorType>
		</PlayerColorInfo>

<!-- ##################################################################### -->
<!-- ##################### DEAFAULT COLOURS NOT USED ##################### -->
<!-- ##################################################################### -->

		<PlayerColorInfo>
			<Type>PLAYERCOLOR_BLACK</Type>
			<ColorTypePrimary>COLOR_EDITOR_OBLIVION_PRIMARY</ColorTypePrimary>
			<ColorTypeSecondary>COLOR_EDITOR_OBLIVION_SECONDARY</ColorTypeSecondary>
			<TextColorType>COLOR_EDITOR_OBLIVION_TEXT</TextColorType>
		</PlayerColorInfo>
		<PlayerColorInfo>
			<Type>PLAYERCOLOR_BLUE</Type>
			<ColorTypePrimary>COLOR_EDITOR_SKAAL_PRIMARY</ColorTypePrimary>
			<ColorTypeSecondary>COLOR_EDITOR_SKAAL_SECONDARY</ColorTypeSecondary>
			<TextColorType>COLOR_EDITOR_SKAAL_TEXT</TextColorType>
		</PlayerColorInfo>
		<PlayerColorInfo>
			<Type>PLAYERCOLOR_BROWN</Type>
			<ColorTypePrimary>COLOR_EDITOR_ANEQUINA_PRIMARY</ColorTypePrimary>
			<ColorTypeSecondary>COLOR_EDITOR_ANEQUINA_SECONDARY</ColorTypeSecondary>
			<TextColorType>COLOR_EDITOR_ANEQUINA_TEXT</TextColorType>
		</PlayerColorInfo>
		<PlayerColorInfo>
			<Type>PLAYERCOLOR_CYAN</Type>
			<ColorTypePrimary>COLOR_PLAYER_CYAN</ColorTypePrimary>
			<ColorTypeSecondary>COLOR_PLAYER_BLACK</ColorTypeSecondary>
			<TextColorType>COLOR_PLAYER_CYAN_TEXT</TextColorType>
		</PlayerColorInfo>
		<PlayerColorInfo>
			<Type>PLAYERCOLOR_DARK_CYAN</Type>
			<ColorTypePrimary>COLOR_PLAYER_DARK_CYAN</ColorTypePrimary>
			<ColorTypeSecondary>COLOR_PLAYER_WHITE</ColorTypeSecondary>
			<TextColorType>COLOR_PLAYER_DARK_CYAN_TEXT</TextColorType>
		</PlayerColorInfo>
		<PlayerColorInfo>
			<Type>PLAYERCOLOR_DARK_GREEN</Type>
			<ColorTypePrimary>COLOR_PLAYER_DARK_GREEN</ColorTypePrimary>
			<ColorTypeSecondary>COLOR_PLAYER_YELLOW</ColorTypeSecondary>
			<TextColorType>COLOR_PLAYER_DARK_GREEN_TEXT</TextColorType>
		</PlayerColorInfo>
		<PlayerColorInfo>
			<Type>PLAYERCOLOR_DARK_PINK</Type>
			<ColorTypePrimary>COLOR_PLAYER_DARK_PINK</ColorTypePrimary>
			<ColorTypeSecondary>COLOR_PLAYER_YELLOW</ColorTypeSecondary>
			<TextColorType>COLOR_PLAYER_DARK_PINK_TEXT</TextColorType>
		</PlayerColorInfo>
		<PlayerColorInfo>
			<Type>PLAYERCOLOR_DARK_PURPLE</Type>
			<ColorTypePrimary>COLOR_PLAYER_DARK_PURPLE</ColorTypePrimary>
			<ColorTypeSecondary>COLOR_PLAYER_DARK_YELLOW</ColorTypeSecondary>
			<TextColorType>COLOR_PLAYER_DARK_PURPLE_TEXT</TextColorType>
		</PlayerColorInfo>
		<PlayerColorInfo>
			<Type>PLAYERCOLOR_BURGUNDY</Type>
			<ColorTypePrimary>COLOR_PLAYER_BURGUNDY</ColorTypePrimary>
			<ColorTypeSecondary>COLOR_PLAYER_DARK_YELLOW</ColorTypeSecondary>
			<TextColorType>COLOR_PLAYER_BURGUNDY_TEXT</TextColorType>
		</PlayerColorInfo>
		<PlayerColorInfo>
			<Type>PLAYERCOLOR_VERYDARK_RED</Type>
			<ColorTypePrimary>COLOR_EDITOR_OBLIVION_IMPERIAL_PRIMARY</ColorTypePrimary>
			<ColorTypeSecondary>COLOR_EDITOR_OBLIVION_IMPERIAL_SECONDARY</ColorTypeSecondary>
			<TextColorType>COLOR_EDITOR_OBLIVION_IMPERIAL_TEXT</TextColorType>
		</PlayerColorInfo>
		<PlayerColorInfo>
			<Type>PLAYERCOLOR_DARK_YELLOW</Type>
			<ColorTypePrimary>COLOR_PLAYER_DARK_YELLOW</ColorTypePrimary>
			<ColorTypeSecondary>COLOR_PLAYER_DARK_RED</ColorTypeSecondary>
			<TextColorType>COLOR_PLAYER_DARK_YELLOW_TEXT</TextColorType>
		</PlayerColorInfo>
		<PlayerColorInfo>
			<Type>PLAYERCOLOR_GRAY</Type>
			<ColorTypePrimary>COLOR_EDITOR_OBLIVION_KVATCH_PRIMARY</ColorTypePrimary>
			<ColorTypeSecondary>COLOR_EDITOR_OBLIVION_KVATCH_SECONDARY</ColorTypeSecondary>
			<TextColorType>COLOR_EDITOR_OBLIVION_KVATCH_TEXT</TextColorType>
		</PlayerColorInfo>
		<PlayerColorInfo>
			<Type>PLAYERCOLOR_GREEN</Type>
			<ColorTypePrimary>COLOR_PLAYER_GREEN</ColorTypePrimary>
			<ColorTypeSecondary>COLOR_PLAYER_BLACK</ColorTypeSecondary>
			<TextColorType>COLOR_PLAYER_GREEN_TEXT</TextColorType>
		</PlayerColorInfo>
		<PlayerColorInfo>
			<Type>PLAYERCOLOR_ORANGE</Type>
			<ColorTypePrimary>COLOR_PLAYER_ORANGE</ColorTypePrimary>
			<ColorTypeSecondary>COLOR_PLAYER_WHITE</ColorTypeSecondary>
			<TextColorType>COLOR_PLAYER_ORANGE_TEXT</TextColorType>
		</PlayerColorInfo>
		<PlayerColorInfo>
			<Type>PLAYERCOLOR_PEACH</Type>
			<ColorTypePrimary>COLOR_PLAYER_PEACH</ColorTypePrimary>
			<ColorTypeSecondary>COLOR_PLAYER_BLACK</ColorTypeSecondary>
			<TextColorType>COLOR_PLAYER_PEACH_TEXT</TextColorType>
		</PlayerColorInfo>
		<PlayerColorInfo>
			<Type>PLAYERCOLOR_PINK</Type>
			<ColorTypePrimary>COLOR_PLAYER_PINK</ColorTypePrimary>
			<ColorTypeSecondary>COLOR_PLAYER_DARK_RED</ColorTypeSecondary>
			<TextColorType>COLOR_PLAYER_PINK_TEXT</TextColorType>
		</PlayerColorInfo>
		<PlayerColorInfo>
			<Type>PLAYERCOLOR_PURPLE</Type>
			<ColorTypePrimary>COLOR_PLAYER_PURPLE</ColorTypePrimary>
			<ColorTypeSecondary>COLOR_PLAYER_BLACK</ColorTypeSecondary>
			<TextColorType>COLOR_PLAYER_PURPLE_TEXT</TextColorType>
		</PlayerColorInfo>
		<PlayerColorInfo>
			<Type>PLAYERCOLOR_YELLOW</Type>
			<ColorTypePrimary>COLOR_PLAYER_YELLOW</ColorTypePrimary>
			<ColorTypeSecondary>COLOR_PLAYER_DARK_BLUE</ColorTypeSecondary>
			<TextColorType>COLOR_PLAYER_YELLOW_TEXT</TextColorType>
		</PlayerColorInfo>
		<PlayerColorInfo>
			<Type>PLAYERCOLOR_LIGHT_GREEN</Type>
			<ColorTypePrimary>COLOR_PLAYER_LIGHT_GREEN</ColorTypePrimary>
			<ColorTypeSecondary>COLOR_PLAYER_DARK_BLUE</ColorTypeSecondary>
			<TextColorType>COLOR_PLAYER_LIGHT_GREEN_TEXT</TextColorType>
		</PlayerColorInfo>
		<PlayerColorInfo>
			<Type>PLAYERCOLOR_LIGHT_BLUE</Type>
			<ColorTypePrimary>COLOR_PLAYER_LIGHT_BLUE</ColorTypePrimary>
			<ColorTypeSecondary>COLOR_PLAYER_VERYDARK_BLUE</ColorTypeSecondary>
			<TextColorType>COLOR_PLAYER_LIGHT_BLUE_TEXT</TextColorType>
		</PlayerColorInfo>
		<PlayerColorInfo>
			<Type>PLAYERCOLOR_LIGHT_PURPLE</Type>
			<ColorTypePrimary>COLOR_PLAYER_LIGHT_PURPLE</ColorTypePrimary>
			<ColorTypeSecondary>COLOR_PLAYER_DARK_GRAY</ColorTypeSecondary>
			<TextColorType>COLOR_PLAYER_LIGHT_PURPLE_TEXT</TextColorType>
		</PlayerColorInfo>
		<PlayerColorInfo>
			<Type>PLAYERCOLOR_LIGHT_ORANGE</Type>
			<ColorTypePrimary>COLOR_PLAYER_LIGHT_ORANGE</ColorTypePrimary>
			<ColorTypeSecondary>COLOR_PLAYER_DARK_DARK_GREEN</ColorTypeSecondary>
			<TextColorType>COLOR_PLAYER_LIGHT_ORANGE_TEXT</TextColorType>
		</PlayerColorInfo>
		<PlayerColorInfo>
			<Type>PLAYERCOLOR_MIDDLE_PURPLE</Type>
			<ColorTypePrimary>COLOR_PLAYER_MIDDLE_PURPLE</ColorTypePrimary>
			<ColorTypeSecondary>COLOR_PLAYER_GOLDENROD</ColorTypeSecondary>
			<TextColorType>COLOR_PLAYER_MIDDLE_PURPLE_TEXT</TextColorType>
		</PlayerColorInfo>
		<PlayerColorInfo>
			<Type>PLAYERCOLOR_MIDDLE_GREEN</Type>
			<ColorTypePrimary>COLOR_PLAYER_MIDDLE_GREEN</ColorTypePrimary>
			<ColorTypeSecondary>COLOR_PLAYER_CYAN_TEXT</ColorTypeSecondary>
			<TextColorType>COLOR_PLAYER_MIDDLE_GREEN_TEXT</TextColorType>
		</PlayerColorInfo>
		<PlayerColorInfo>
			<Type>PLAYERCOLOR_DARK_LEMON</Type>
			<ColorTypePrimary>COLOR_PLAYER_DARK_LEMON</ColorTypePrimary>
			<ColorTypeSecondary>COLOR_PLAYER_BLACK</ColorTypeSecondary>
			<TextColorType>COLOR_PLAYER_DARK_LEMON_TEXT</TextColorType>
		</PlayerColorInfo>
		<PlayerColorInfo>
			<Type>PLAYERCOLOR_MIDDLE_BLUE</Type>
			<ColorTypePrimary>COLOR_PLAYER_MIDDLE_BLUE</ColorTypePrimary>
			<ColorTypeSecondary>COLOR_PLAYER_DARK_RED_TEXT</ColorTypeSecondary>
			<TextColorType>COLOR_PLAYER_MIDDLE_BLUE_TEXT</TextColorType>
		</PlayerColorInfo>
		<PlayerColorInfo>
			<Type>PLAYERCOLOR_MIDDLE_CYAN</Type>
			<ColorTypePrimary>COLOR_PLAYER_MIDDLE_CYAN</ColorTypePrimary>
			<ColorTypeSecondary>COLOR_PLAYER_MAROON</ColorTypeSecondary>
			<TextColorType>COLOR_PLAYER_MIDDLE_CYAN_TEXT</TextColorType>
		</PlayerColorInfo>
		<PlayerColorInfo>
			<Type>PLAYERCOLOR_DARK_ORANGE</Type>
			<ColorTypePrimary>COLOR_PLAYER_DARK_ORANGE</ColorTypePrimary>
			<ColorTypeSecondary>COLOR_PLAYER_BLACK</ColorTypeSecondary>
			<TextColorType>COLOR_PLAYER_DARK_ORANGE_TEXT</TextColorType>
		</PlayerColorInfo>
		<PlayerColorInfo>
			<Type>PLAYERCOLOR_DARK_DARK_GREEN</Type>
			<ColorTypePrimary>COLOR_PLAYER_DARK_DARK_GREEN</ColorTypePrimary>
			<ColorTypeSecondary>COLOR_PLAYER_PALE_RED</ColorTypeSecondary>
			<TextColorType>COLOR_PLAYER_DARK_DARK_GREEN_TEXT</TextColorType>
		</PlayerColorInfo>
		<PlayerColorInfo>
			<Type>PLAYERCOLOR_DARK_INDIGO</Type>
			<ColorTypePrimary>COLOR_PLAYER_DARK_INDIGO</ColorTypePrimary>
			<ColorTypeSecondary>COLOR_PLAYER_PALE_ORANGE</ColorTypeSecondary>
			<TextColorType>COLOR_PLAYER_DARK_INDIGO_TEXT</TextColorType>
		</PlayerColorInfo>
		<PlayerColorInfo>
			<Type>PLAYERCOLOR_RED_AND_GOLD</Type>
			<ColorTypePrimary>COLOR_PLAYER_RED</ColorTypePrimary>
			<ColorTypeSecondary>COLOR_PLAYER_DARK_YELLOW</ColorTypeSecondary>
			<TextColorType>COLOR_PLAYER_RED_TEXT</TextColorType>
		</PlayerColorInfo>
		<PlayerColorInfo>
			<Type>PLAYERCOLOR_GOLD_AND_BLACK</Type>
			<ColorTypePrimary>COLOR_PLAYER_GOLDENROD</ColorTypePrimary>
			<ColorTypeSecondary>COLOR_PLAYER_BLACK</ColorTypeSecondary>
			<TextColorType>COLOR_PLAYER_GOLDENROD</TextColorType>
		</PlayerColorInfo>
		<PlayerColorInfo>
			<Type>PLAYERCOLOR_GREEN_AND_BLACK</Type>
			<ColorTypePrimary>COLOR_PLAYER_DARK_GREEN</ColorTypePrimary>
			<ColorTypeSecondary>COLOR_PLAYER_BLACK</ColorTypeSecondary>
			<TextColorType>COLOR_PLAYER_DARK_GREEN_TEXT</TextColorType>
		</PlayerColorInfo>
		<PlayerColorInfo>
			<Type>PLAYERCOLOR_DARK_CYAN_AND_LEMON</Type>
			<ColorTypePrimary>COLOR_PLAYER_DARK_CYAN</ColorTypePrimary>
			<ColorTypeSecondary>COLOR_PLAYER_LIGHT_YELLOW</ColorTypeSecondary>
			<TextColorType>COLOR_PLAYER_DARK_CYAN_TEXT</TextColorType>
		</PlayerColorInfo>
		<PlayerColorInfo>
			<Type>PLAYERCOLOR_BLACK_AND_GREEN</Type>
			<ColorTypePrimary>COLOR_PLAYER_LIGHT_BLACK</ColorTypePrimary>
			<ColorTypeSecondary>COLOR_PLAYER_MIDDLE_GREEN</ColorTypeSecondary>
			<TextColorType>COLOR_PLAYER_LIGHT_BLACK_TEXT</TextColorType>
		</PlayerColorInfo>
		<PlayerColorInfo>
			<Type>PLAYERCOLOR_GREEN_AND_WHITE</Type>
			<ColorTypePrimary>COLOR_PLAYER_DARK_GREEN</ColorTypePrimary>
			<ColorTypeSecondary>COLOR_PLAYER_WHITE</ColorTypeSecondary>
			<TextColorType>COLOR_PLAYER_WHITE_TEXT</TextColorType>
		</PlayerColorInfo>
		<PlayerColorInfo>
			<Type>PLAYERCOLOR_CYAN_AND_GRAY</Type>
			<ColorTypePrimary>COLOR_PLAYER_CYAN</ColorTypePrimary>
			<ColorTypeSecondary>COLOR_PLAYER_DARK_GRAY</ColorTypeSecondary>
			<TextColorType>COLOR_PLAYER_CYAN_TEXT</TextColorType>
		</PlayerColorInfo>
		<PlayerColorInfo>
			<Type>PLAYERCOLOR_DARK_INDIGO_AND_WHITE</Type>
			<ColorTypePrimary>COLOR_PLAYER_DARK_INDIGO</ColorTypePrimary>
			<ColorTypeSecondary>COLOR_PLAYER_WHITE</ColorTypeSecondary>
			<TextColorType>COLOR_PLAYER_DARK_INDIGO_TEXT</TextColorType>
		</PlayerColorInfo>
		<PlayerColorInfo>
			<Type>PLAYERCOLOR_ORANGE_AND_GREEN</Type>
			<ColorTypePrimary>COLOR_PLAYER_ORANGE</ColorTypePrimary>
			<ColorTypeSecondary>COLOR_PLAYER_DARK_GREEN</ColorTypeSecondary>
			<TextColorType>COLOR_PLAYER_ORANGE_TEXT</TextColorType>
		</PlayerColorInfo>
	</PlayerColorInfos>
</Civ4PlayerColorInfos>