<?xml version="1.0"?>
<!-- edited with XMLSPY v2004 rel. 2 U (http://www.xmlspy.com) by Alex Mantzaris (Firaxis Games) -->
<!-- Sid Meier's Civilization 4 -->
<!-- Copyright Firaxis Games 2005 -->
<!-- -->
<!-- UnitClass Schema -->
<Civ4UnitClassInfos xmlns="x-schema:CIV4UnitSchema.xml">
	<UnitClassInfos>
		<UnitClassInfo>
			<Type>UNITCLASS_LION</Type>
			<Description>TXT_KEY_UNIT_LION</Description>
			<iMaxGlobalInstances>-1</iMaxGlobalInstances>
			<iMaxTeamInstances>-1</iMaxTeamInstances>
			<iMaxPlayerInstances>-1</iMaxPlayerInstances>
			<iInstanceCostModifier>0</iInstanceCostModifier>
			<DefaultUnit>UNIT_LION</DefaultUnit>
		</UnitClassInfo>
		<UnitClassInfo>
			<Type>UNITCLASS_BEAR</Type>
			<Description>TXT_KEY_UNIT_BEAR</Description>
			<iMaxGlobalInstances>-1</iMaxGlobalInstances>
			<iMaxTeamInstances>-1</iMaxTeamInstances>
			<iMaxPlayerInstances>-1</iMaxPlayerInstances>
			<iInstanceCostModifier>0</iInstanceCostModifier>
			<DefaultUnit>UNIT_BEAR</DefaultUnit>
		</UnitClassInfo>
		<UnitClassInfo>
			<Type>UNITCLASS_PANTHER</Type>
			<Description>TXT_KEY_UNIT_PANTHER</Description>
			<iMaxGlobalInstances>-1</iMaxGlobalInstances>
			<iMaxTeamInstances>-1</iMaxTeamInstances>
			<iMaxPlayerInstances>-1</iMaxPlayerInstances>
			<iInstanceCostModifier>0</iInstanceCostModifier>
			<DefaultUnit>UNIT_PANTHER</DefaultUnit>
		</UnitClassInfo>
		<UnitClassInfo>
			<Type>UNITCLASS_WOLF</Type>
			<Description>TXT_KEY_UNIT_WOLF</Description>
			<iMaxGlobalInstances>-1</iMaxGlobalInstances>
			<iMaxTeamInstances>-1</iMaxTeamInstances>
			<iMaxPlayerInstances>-1</iMaxPlayerInstances>
			<iInstanceCostModifier>0</iInstanceCostModifier>
			<DefaultUnit>UNIT_WOLF</DefaultUnit>
		</UnitClassInfo>
		<UnitClassInfo>
			<Type>UNITCLASS_ZOMBIE</Type>
			<Description>TXT_KEY_UNIT_ZOMBIE</Description>
			<iMaxGlobalInstances>-1</iMaxGlobalInstances>
			<iMaxTeamInstances>-1</iMaxTeamInstances>
			<iMaxPlayerInstances>-1</iMaxPlayerInstances>
			<iInstanceCostModifier>0</iInstanceCostModifier>
			<DefaultUnit>UNIT_ZOMBIE</DefaultUnit>
		</UnitClassInfo>
		<UnitClassInfo>
			<Type>UNITCLASS_GHOST</Type>
			<Description>TXT_KEY_UNIT_GHOST</Description>
			<iMaxGlobalInstances>-1</iMaxGlobalInstances>
			<iMaxTeamInstances>-1</iMaxTeamInstances>
			<iMaxPlayerInstances>-1</iMaxPlayerInstances>
			<iInstanceCostModifier>0</iInstanceCostModifier>
			<DefaultUnit>UNIT_GHOST</DefaultUnit>
		</UnitClassInfo>
		<UnitClassInfo>
			<Type>UNITCLASS_SKELETON</Type>
			<Description>TXT_KEY_UNIT_SKELETON</Description>
			<iMaxGlobalInstances>-1</iMaxGlobalInstances>
			<iMaxTeamInstances>-1</iMaxTeamInstances>
			<iMaxPlayerInstances>-1</iMaxPlayerInstances>
			<iInstanceCostModifier>0</iInstanceCostModifier>
			<DefaultUnit>UNIT_SKELETON</DefaultUnit>
		</UnitClassInfo>
		<UnitClassInfo>
			<Type>UNITCLASS_SKELETON_LORD</Type>
			<Description>TXT_KEY_UNIT_SKELETON_LORD</Description>
			<iMaxGlobalInstances>-1</iMaxGlobalInstances>
			<iMaxTeamInstances>-1</iMaxTeamInstances>
			<iMaxPlayerInstances>-1</iMaxPlayerInstances>
			<iInstanceCostModifier>0</iInstanceCostModifier>
			<DefaultUnit>UNIT_SKELETON_LORD</DefaultUnit>
		</UnitClassInfo>
		<UnitClassInfo>
			<Type>UNITCLASS_LEECH</Type>
			<Description>TXT_KEY_UNIT_LEECH</Description>
			<iMaxGlobalInstances>-1</iMaxGlobalInstances>
			<iMaxTeamInstances>-1</iMaxTeamInstances>
			<iMaxPlayerInstances>-1</iMaxPlayerInstances>
			<iInstanceCostModifier>0</iInstanceCostModifier>
			<DefaultUnit>UNIT_LEECH</DefaultUnit>
		</UnitClassInfo>
		<UnitClassInfo>
			<Type>UNITCLASS_SCAMP</Type>
			<Description>TXT_KEY_UNIT_SCAMP</Description>
			<iMaxGlobalInstances>-1</iMaxGlobalInstances>
			<iMaxTeamInstances>-1</iMaxTeamInstances>
			<iMaxPlayerInstances>-1</iMaxPlayerInstances>
			<iInstanceCostModifier>0</iInstanceCostModifier>
			<DefaultUnit>UNIT_SCAMP</DefaultUnit>
		</UnitClassInfo>
		<UnitClassInfo>
			<Type>UNITCLASS_ICE</Type>
			<Description>TXT_KEY_UNIT_ICE</Description>
			<iMaxGlobalInstances>-1</iMaxGlobalInstances>
			<iMaxTeamInstances>-1</iMaxTeamInstances>
			<iMaxPlayerInstances>-1</iMaxPlayerInstances>
			<iInstanceCostModifier>0</iInstanceCostModifier>
			<DefaultUnit>UNIT_ICE</DefaultUnit>
		</UnitClassInfo>
		<UnitClassInfo>
			<Type>UNITCLASS_FIRE</Type>
			<Description>TXT_KEY_UNIT_FIRE</Description>
			<iMaxGlobalInstances>-1</iMaxGlobalInstances>
			<iMaxTeamInstances>-1</iMaxTeamInstances>
			<iMaxPlayerInstances>-1</iMaxPlayerInstances>
			<iInstanceCostModifier>0</iInstanceCostModifier>
			<DefaultUnit>UNIT_FIRE</DefaultUnit>
		</UnitClassInfo>
		<UnitClassInfo>
			<Type>UNITCLASS_CLANFEAR</Type>
			<Description>TXT_KEY_UNIT_CLANFEAR</Description>
			<iMaxGlobalInstances>-1</iMaxGlobalInstances>
			<iMaxTeamInstances>-1</iMaxTeamInstances>
			<iMaxPlayerInstances>-1</iMaxPlayerInstances>
			<iInstanceCostModifier>0</iInstanceCostModifier>
			<DefaultUnit>UNIT_CLANFEAR</DefaultUnit>
		</UnitClassInfo>
		<UnitClassInfo>
			<Type>UNITCLASS_ASHLANDER</Type>
			<Description>TXT_KEY_UNIT_ASHLANDER</Description>
			<iMaxGlobalInstances>-1</iMaxGlobalInstances>
			<iMaxTeamInstances>-1</iMaxTeamInstances>
			<iMaxPlayerInstances>-1</iMaxPlayerInstances>
			<iInstanceCostModifier>0</iInstanceCostModifier>
			<DefaultUnit>UNIT_ASHLANDER</DefaultUnit>
		</UnitClassInfo>
		<UnitClassInfo>
			<Type>UNITCLASS_DEVOURER</Type>
			<Description>TXT_KEY_UNIT_DEVOURER</Description>
			<iMaxGlobalInstances>-1</iMaxGlobalInstances>
			<iMaxTeamInstances>-1</iMaxTeamInstances>
			<iMaxPlayerInstances>-1</iMaxPlayerInstances>
			<iInstanceCostModifier>0</iInstanceCostModifier>
			<DefaultUnit>UNIT_DEVOURER</DefaultUnit>
		</UnitClassInfo>
		<UnitClassInfo>
			<Type>UNITCLASS_DREMORA</Type>
			<Description>TXT_KEY_UNIT_DREMORA</Description>
			<iMaxGlobalInstances>-1</iMaxGlobalInstances>
			<iMaxTeamInstances>-1</iMaxTeamInstances>
			<iMaxPlayerInstances>-1</iMaxPlayerInstances>
			<iInstanceCostModifier>0</iInstanceCostModifier>
			<DefaultUnit>UNIT_DREMORA</DefaultUnit>
		</UnitClassInfo>
		<UnitClassInfo>
			<Type>UNITCLASS_SABER</Type>
			<Description>TXT_KEY_UNIT_SABER</Description>
			<iMaxGlobalInstances>-1</iMaxGlobalInstances>
			<iMaxTeamInstances>-1</iMaxTeamInstances>
			<iMaxPlayerInstances>-1</iMaxPlayerInstances>
			<iInstanceCostModifier>0</iInstanceCostModifier>
			<DefaultUnit>UNIT_SABER</DefaultUnit>
		</UnitClassInfo>
		<UnitClassInfo>
			<Type>UNITCLASS_SPRIGGAN</Type>
			<Description>TXT_KEY_UNIT_SPRIGGAN</Description>
			<iMaxGlobalInstances>-1</iMaxGlobalInstances>
			<iMaxTeamInstances>-1</iMaxTeamInstances>
			<iMaxPlayerInstances>-1</iMaxPlayerInstances>
			<iInstanceCostModifier>0</iInstanceCostModifier>
			<DefaultUnit>UNIT_SPRIGGAN</DefaultUnit>
		</UnitClassInfo>
		<UnitClassInfo>
			<Type>UNITCLASS_WEREWOLF</Type>
			<Description>TXT_KEY_UNIT_WEREWOLF</Description>
			<iMaxGlobalInstances>-1</iMaxGlobalInstances>
			<iMaxTeamInstances>-1</iMaxTeamInstances>
			<iMaxPlayerInstances>-1</iMaxPlayerInstances>
			<iInstanceCostModifier>0</iInstanceCostModifier>
			<DefaultUnit>UNIT_WEREWOLF</DefaultUnit>
		</UnitClassInfo>
		<UnitClassInfo>
			<Type>UNITCLASS_MINOTAUR</Type>
			<Description>TXT_KEY_UNIT_MINOTAUR</Description>
			<iMaxGlobalInstances>-1</iMaxGlobalInstances>
			<iMaxTeamInstances>-1</iMaxTeamInstances>
			<iMaxPlayerInstances>-1</iMaxPlayerInstances>
			<iInstanceCostModifier>0</iInstanceCostModifier>
			<DefaultUnit>UNIT_MINOTAUR</DefaultUnit>
		</UnitClassInfo>
		<UnitClassInfo>
			<Type>UNITCLASS_DRAUGR</Type>
			<Description>TXT_KEY_UNIT_DRAUGR</Description>
			<iMaxGlobalInstances>-1</iMaxGlobalInstances>
			<iMaxTeamInstances>-1</iMaxTeamInstances>
			<iMaxPlayerInstances>-1</iMaxPlayerInstances>
			<iInstanceCostModifier>0</iInstanceCostModifier>
			<DefaultUnit>UNIT_DRAUGR</DefaultUnit>
		</UnitClassInfo>
		<UnitClassInfo>
			<Type>UNITCLASS_DRAGON</Type>
			<Description>TXT_KEY_UNIT_DRAGON</Description>
			<iMaxGlobalInstances>-1</iMaxGlobalInstances>
			<iMaxTeamInstances>-1</iMaxTeamInstances>
			<iMaxPlayerInstances>-1</iMaxPlayerInstances>
			<iInstanceCostModifier>0</iInstanceCostModifier>
			<DefaultUnit>UNIT_DRAGON</DefaultUnit>
		</UnitClassInfo>
		
		
		<UnitClassInfo>
			<Type>UNITCLASS_SETTLER</Type>
			<Description>TXT_KEY_UNIT_SETTLER</Description>
			<iMaxGlobalInstances>-1</iMaxGlobalInstances>
			<iMaxTeamInstances>-1</iMaxTeamInstances>
			<iMaxPlayerInstances>-1</iMaxPlayerInstances>
			<iInstanceCostModifier>0</iInstanceCostModifier>
			<DefaultUnit>UNIT_SETTLER</DefaultUnit>
		</UnitClassInfo>
		<UnitClassInfo>
			<Type>UNITCLASS_WORKER</Type>
			<Description>TXT_KEY_UNIT_WORKER</Description>
			<iMaxGlobalInstances>-1</iMaxGlobalInstances>
			<iMaxTeamInstances>-1</iMaxTeamInstances>
			<iMaxPlayerInstances>-1</iMaxPlayerInstances>
			<iInstanceCostModifier>0</iInstanceCostModifier>
			<DefaultUnit>UNIT_WORKER</DefaultUnit>
		</UnitClassInfo>
		<UnitClassInfo>
			<Type>UNITCLASS_SCOUT</Type>
			<Description>TXT_KEY_UNIT_SCOUT</Description>
			<iMaxGlobalInstances>-1</iMaxGlobalInstances>
			<iMaxTeamInstances>-1</iMaxTeamInstances>
			<iMaxPlayerInstances>-1</iMaxPlayerInstances>
			<iInstanceCostModifier>0</iInstanceCostModifier>
			<DefaultUnit>UNIT_SCOUT</DefaultUnit>
		</UnitClassInfo>
		<UnitClassInfo>
			<Type>UNITCLASS_EXPLORER</Type>
			<Description>TXT_KEY_UNIT_EXPLORER</Description>
			<iMaxGlobalInstances>-1</iMaxGlobalInstances>
			<iMaxTeamInstances>-1</iMaxTeamInstances>
			<iMaxPlayerInstances>-1</iMaxPlayerInstances>
			<iInstanceCostModifier>0</iInstanceCostModifier>
			<DefaultUnit>UNIT_EXPLORER</DefaultUnit>
		</UnitClassInfo>
		<UnitClassInfo>
			<Type>UNITCLASS_SPY</Type>
			<Description>TXT_KEY_UNIT_SPY</Description>
			<iMaxGlobalInstances>-1</iMaxGlobalInstances>
			<iMaxTeamInstances>-1</iMaxTeamInstances>
			<iMaxPlayerInstances>3</iMaxPlayerInstances>
			<iInstanceCostModifier>0</iInstanceCostModifier>
			<DefaultUnit>UNIT_SPY</DefaultUnit>
		</UnitClassInfo>
		<UnitClassInfo>
			<Type>UNITCLASS_ASSASIN</Type>
			<Description>TXT_KEY_UNIT_ASSASIN</Description>
			<iMaxGlobalInstances>-1</iMaxGlobalInstances>
			<iMaxTeamInstances>-1</iMaxTeamInstances>
			<iMaxPlayerInstances>3</iMaxPlayerInstances>
			<iInstanceCostModifier>0</iInstanceCostModifier>
			<DefaultUnit>UNIT_ASSASIN</DefaultUnit>
		</UnitClassInfo>
		
		
		<UnitClassInfo>
			<Type>UNITCLASS_AEDRIC_MISSIONARY</Type>
			<Description>TXT_KEY_UNIT_AEDRIC_MISSIONARY</Description>
			<iMaxGlobalInstances>-1</iMaxGlobalInstances>
			<iMaxTeamInstances>-1</iMaxTeamInstances>
			<iMaxPlayerInstances>3</iMaxPlayerInstances>
			<iInstanceCostModifier>0</iInstanceCostModifier>
			<DefaultUnit>UNIT_AEDRIC_MISSIONARY</DefaultUnit>
		</UnitClassInfo>
		<UnitClassInfo>
			<Type>UNITCLASS_EIGHT_DIVINES_MISSIONARY</Type>
			<Description>TXT_KEY_UNIT_EIGHT_DIVINES_MISSIONARY</Description>
			<iMaxGlobalInstances>-1</iMaxGlobalInstances>
			<iMaxTeamInstances>-1</iMaxTeamInstances>
			<iMaxPlayerInstances>3</iMaxPlayerInstances>
			<iInstanceCostModifier>0</iInstanceCostModifier>
			<DefaultUnit>UNIT_EIGHT_DIVINES_MISSIONARY</DefaultUnit>
		</UnitClassInfo>
		<UnitClassInfo>
			<Type>UNITCLASS_DAEDRIC_MISSIONARY</Type>
			<Description>TXT_KEY_UNIT_DAEDRIC_MISSIONARY</Description>
			<iMaxGlobalInstances>-1</iMaxGlobalInstances>
			<iMaxTeamInstances>-1</iMaxTeamInstances>
			<iMaxPlayerInstances>3</iMaxPlayerInstances>
			<iInstanceCostModifier>0</iInstanceCostModifier>
			<DefaultUnit>UNIT_DAEDRIC_MISSIONARY</DefaultUnit>
		</UnitClassInfo>
		<UnitClassInfo>
			<Type>UNITCLASS_ANCESTRAL_MISSIONARY</Type>
			<Description>TXT_KEY_UNIT_ANCESTRAL_MISSIONARY</Description>
			<iMaxGlobalInstances>-1</iMaxGlobalInstances>
			<iMaxTeamInstances>-1</iMaxTeamInstances>
			<iMaxPlayerInstances>3</iMaxPlayerInstances>
			<iInstanceCostModifier>0</iInstanceCostModifier>
			<DefaultUnit>UNIT_ANCESTRAL_MISSIONARY</DefaultUnit>
		</UnitClassInfo>
		<UnitClassInfo>
			<Type>UNITCLASS_MONOTHEISTIC_MISSIONARY</Type>
			<Description>TXT_KEY_UNIT_MONOTHEISTIC_MISSIONARY</Description>
			<iMaxGlobalInstances>-1</iMaxGlobalInstances>
			<iMaxTeamInstances>-1</iMaxTeamInstances>
			<iMaxPlayerInstances>3</iMaxPlayerInstances>
			<iInstanceCostModifier>0</iInstanceCostModifier>
			<DefaultUnit>UNIT_MONOTHEISTIC_MISSIONARY</DefaultUnit>
		</UnitClassInfo>
		<UnitClassInfo>
			<Type>UNITCLASS_TRIBUNAL_MISSIONARY</Type>
			<Description>TXT_KEY_UNIT_TRIBUNAL_MISSIONARY</Description>
			<iMaxGlobalInstances>-1</iMaxGlobalInstances>
			<iMaxTeamInstances>-1</iMaxTeamInstances>
			<iMaxPlayerInstances>3</iMaxPlayerInstances>
			<iInstanceCostModifier>0</iInstanceCostModifier>
			<DefaultUnit>UNIT_TRIBUNAL_MISSIONARY</DefaultUnit>
		</UnitClassInfo>
		<UnitClassInfo>
			<Type>UNITCLASS_DAEDRIC_MISSIONARY</Type>
			<Description>TXT_KEY_UNIT_DAEDRIC_MISSIONARY</Description>
			<iMaxGlobalInstances>-1</iMaxGlobalInstances>
			<iMaxTeamInstances>-1</iMaxTeamInstances>
			<iMaxPlayerInstances>3</iMaxPlayerInstances>
			<iInstanceCostModifier>0</iInstanceCostModifier>
			<DefaultUnit>UNIT_DAEDRIC_MISSIONARY</DefaultUnit>
		</UnitClassInfo>
		<UnitClassInfo>
			<Type>UNITCLASS_HIST_MISSIONARY</Type>
			<Description>TXT_KEY_UNIT_HIST_MISSIONARY</Description>
			<iMaxGlobalInstances>-1</iMaxGlobalInstances>
			<iMaxTeamInstances>-1</iMaxTeamInstances>
			<iMaxPlayerInstances>3</iMaxPlayerInstances>
			<iInstanceCostModifier>0</iInstanceCostModifier>
			<DefaultUnit>UNIT_HIST_MISSIONARY</DefaultUnit>
		</UnitClassInfo>
		<UnitClassInfo>
			<Type>UNITCLASS_RIDDLE_THAR_MISSIONARY</Type>
			<Description>TXT_KEY_UNIT_RIDDLE_THAR_MISSIONARY</Description>
			<iMaxGlobalInstances>-1</iMaxGlobalInstances>
			<iMaxTeamInstances>-1</iMaxTeamInstances>
			<iMaxPlayerInstances>3</iMaxPlayerInstances>
			<iInstanceCostModifier>0</iInstanceCostModifier>
			<DefaultUnit>UNIT_RIDDLE_THAR_MISSIONARY</DefaultUnit>
		</UnitClassInfo>
		<UnitClassInfo>
			<Type>UNITCLASS_MALAKAT_MISSIONARY</Type>
			<Description>TXT_KEY_UNIT_MALAKAT_MISSIONARY</Description>
			<iMaxGlobalInstances>-1</iMaxGlobalInstances>
			<iMaxTeamInstances>-1</iMaxTeamInstances>
			<iMaxPlayerInstances>3</iMaxPlayerInstances>
			<iInstanceCostModifier>0</iInstanceCostModifier>
			<DefaultUnit>UNIT_MALAKAT_MISSIONARY</DefaultUnit>
		</UnitClassInfo>
		<UnitClassInfo>
			<Type>UNITCLASS_YOKUDA_MISSIONARY</Type>
			<Description>TXT_KEY_UNIT_YOKUDA_MISSIONARY</Description>
			<iMaxGlobalInstances>-1</iMaxGlobalInstances>
			<iMaxTeamInstances>-1</iMaxTeamInstances>
			<iMaxPlayerInstances>3</iMaxPlayerInstances>
			<iInstanceCostModifier>0</iInstanceCostModifier>
			<DefaultUnit>UNIT_YOKUDA_MISSIONARY</DefaultUnit>
		</UnitClassInfo>
		<UnitClassInfo>
			<Type>UNITCLASS_CASTER</Type>
			<Description>TXT_KEY_UNIT_CASTER</Description>
			<iMaxGlobalInstances>-1</iMaxGlobalInstances>
			<iMaxTeamInstances>-1</iMaxTeamInstances>
			<iMaxPlayerInstances>-1</iMaxPlayerInstances>
			<iInstanceCostModifier>0</iInstanceCostModifier>
			<DefaultUnit>UNIT_CASTER</DefaultUnit>
		</UnitClassInfo>
		<UnitClassInfo>
			<Type>UNITCLASS_MAGE</Type>
			<Description>TXT_KEY_UNIT_MAGE</Description>
			<iMaxGlobalInstances>-1</iMaxGlobalInstances>
			<iMaxTeamInstances>-1</iMaxTeamInstances>
			<iMaxPlayerInstances>-1</iMaxPlayerInstances>
			<iInstanceCostModifier>0</iInstanceCostModifier>
			<DefaultUnit>UNIT_MAGE</DefaultUnit>
		</UnitClassInfo>
		<UnitClassInfo>
			<Type>UNITCLASS_CONJURER</Type>
			<Description>TXT_KEY_UNIT_CONJURER</Description>
			<iMaxGlobalInstances>-1</iMaxGlobalInstances>
			<iMaxTeamInstances>-1</iMaxTeamInstances>
			<iMaxPlayerInstances>-1</iMaxPlayerInstances>
			<iInstanceCostModifier>0</iInstanceCostModifier>
			<DefaultUnit>UNIT_CONJURER</DefaultUnit>
		</UnitClassInfo>
		<UnitClassInfo>
			<Type>UNITCLASS_WARMAGE</Type>
			<Description>TXT_KEY_UNIT_WARMAGE</Description>
			<iMaxGlobalInstances>-1</iMaxGlobalInstances>
			<iMaxTeamInstances>-1</iMaxTeamInstances>
			<iMaxPlayerInstances>-1</iMaxPlayerInstances>
			<iInstanceCostModifier>0</iInstanceCostModifier>
			<DefaultUnit>UNIT_WARMAGE</DefaultUnit>
		</UnitClassInfo>
		<UnitClassInfo>
			<Type>UNITCLASS_WARRIOR</Type>
			<Description>TXT_KEY_UNIT_WARRIOR</Description>
			<iMaxGlobalInstances>-1</iMaxGlobalInstances>
			<iMaxTeamInstances>-1</iMaxTeamInstances>
			<iMaxPlayerInstances>-1</iMaxPlayerInstances>
			<iInstanceCostModifier>0</iInstanceCostModifier>
			<DefaultUnit>UNIT_WARRIOR</DefaultUnit>
		</UnitClassInfo>
		<UnitClassInfo>
			<Type>UNITCLASS_SWORDSMAN</Type>
			<Description>TXT_KEY_UNIT_SWORDSMAN</Description>
			<iMaxGlobalInstances>-1</iMaxGlobalInstances>
			<iMaxTeamInstances>-1</iMaxTeamInstances>
			<iMaxPlayerInstances>-1</iMaxPlayerInstances>
			<iInstanceCostModifier>0</iInstanceCostModifier>
			<DefaultUnit>UNIT_SWORDSMAN</DefaultUnit>
		</UnitClassInfo>
		<UnitClassInfo>
			<Type>UNITCLASS_AXEMAN</Type>
			<Description>TXT_KEY_UNIT_AXEMAN</Description>
			<iMaxGlobalInstances>-1</iMaxGlobalInstances>
			<iMaxTeamInstances>-1</iMaxTeamInstances>
			<iMaxPlayerInstances>-1</iMaxPlayerInstances>
			<iInstanceCostModifier>0</iInstanceCostModifier>
			<DefaultUnit>UNIT_AXEMAN</DefaultUnit>
		</UnitClassInfo>
		<UnitClassInfo>
			<Type>UNITCLASS_MACEMAN</Type>
			<Description>TXT_KEY_UNIT_MACEMAN</Description>
			<iMaxGlobalInstances>-1</iMaxGlobalInstances>
			<iMaxTeamInstances>-1</iMaxTeamInstances>
			<iMaxPlayerInstances>-1</iMaxPlayerInstances>
			<iInstanceCostModifier>0</iInstanceCostModifier>
			<DefaultUnit>UNIT_MACEMAN</DefaultUnit>
		</UnitClassInfo>
		<UnitClassInfo>
			<Type>UNITCLASS_BLADES</Type>
			<Description>Blades</Description>
			<iMaxGlobalInstances>-1</iMaxGlobalInstances>
			<iMaxTeamInstances>-1</iMaxTeamInstances>
			<iMaxPlayerInstances>-1</iMaxPlayerInstances>
			<iInstanceCostModifier>0</iInstanceCostModifier>
			<DefaultUnit>UNIT_BLADES</DefaultUnit>
		</UnitClassInfo>
		<UnitClassInfo>
			<Type>UNITCLASS_SPEARMAN</Type>
			<Description>TXT_KEY_UNIT_SPEARMAN</Description>
			<iMaxGlobalInstances>-1</iMaxGlobalInstances>
			<iMaxTeamInstances>-1</iMaxTeamInstances>
			<iMaxPlayerInstances>-1</iMaxPlayerInstances>
			<iInstanceCostModifier>0</iInstanceCostModifier>
			<DefaultUnit>UNIT_SPEARMAN</DefaultUnit>
		</UnitClassInfo>
		<UnitClassInfo>
			<Type>UNITCLASS_PIKEMAN</Type>
			<Description>TXT_KEY_UNIT_PIKEMAN</Description>
			<iMaxGlobalInstances>-1</iMaxGlobalInstances>
			<iMaxTeamInstances>-1</iMaxTeamInstances>
			<iMaxPlayerInstances>-1</iMaxPlayerInstances>
			<iInstanceCostModifier>0</iInstanceCostModifier>
			<DefaultUnit>UNIT_PIKEMAN</DefaultUnit>
		</UnitClassInfo>
		<UnitClassInfo>
			<Type>UNITCLASS_ARCHER</Type>
			<Description>TXT_KEY_UNIT_ARCHER</Description>
			<iMaxGlobalInstances>-1</iMaxGlobalInstances>
			<iMaxTeamInstances>-1</iMaxTeamInstances>
			<iMaxPlayerInstances>-1</iMaxPlayerInstances>
			<iInstanceCostModifier>0</iInstanceCostModifier>
			<DefaultUnit>UNIT_ARCHER</DefaultUnit>
		</UnitClassInfo>
		<UnitClassInfo>
			<Type>UNITCLASS_LONGBOWMAN</Type>
			<Description>TXT_KEY_UNIT_LONGBOWMAN</Description>
			<iMaxGlobalInstances>-1</iMaxGlobalInstances>
			<iMaxTeamInstances>-1</iMaxTeamInstances>
			<iMaxPlayerInstances>-1</iMaxPlayerInstances>
			<iInstanceCostModifier>0</iInstanceCostModifier>
			<DefaultUnit>UNIT_LONGBOWMAN</DefaultUnit>
		</UnitClassInfo>
		<UnitClassInfo>
			<Type>UNITCLASS_CHARIOT</Type>
			<Description>TXT_KEY_UNIT_CHARIOT</Description>
			<iMaxGlobalInstances>-1</iMaxGlobalInstances>
			<iMaxTeamInstances>-1</iMaxTeamInstances>
			<iMaxPlayerInstances>-1</iMaxPlayerInstances>
			<iInstanceCostModifier>0</iInstanceCostModifier>
			<DefaultUnit>UNIT_CHARIOT</DefaultUnit>
		</UnitClassInfo>
		<UnitClassInfo>
			<Type>UNITCLASS_HORSE_ARCHER</Type>
			<Description>TXT_KEY_UNIT_HORSE_ARCHER</Description>
			<iMaxGlobalInstances>-1</iMaxGlobalInstances>
			<iMaxTeamInstances>-1</iMaxTeamInstances>
			<iMaxPlayerInstances>-1</iMaxPlayerInstances>
			<iInstanceCostModifier>0</iInstanceCostModifier>
			<DefaultUnit>UNIT_HORSE_ARCHER</DefaultUnit>
		</UnitClassInfo>
		<UnitClassInfo>
			<Type>UNITCLASS_KNIGHT</Type>
			<Description>TXT_KEY_UNIT_KNIGHT</Description>
			<iMaxGlobalInstances>-1</iMaxGlobalInstances>
			<iMaxTeamInstances>-1</iMaxTeamInstances>
			<iMaxPlayerInstances>-1</iMaxPlayerInstances>
			<iInstanceCostModifier>0</iInstanceCostModifier>
			<DefaultUnit>UNIT_KNIGHT</DefaultUnit>
		</UnitClassInfo>
		<UnitClassInfo>
			<Type>UNITCLASS_CATAPULT</Type>
			<Description>TXT_KEY_UNIT_CATAPULT</Description>
			<iMaxGlobalInstances>-1</iMaxGlobalInstances>
			<iMaxTeamInstances>-1</iMaxTeamInstances>
			<iMaxPlayerInstances>-1</iMaxPlayerInstances>
			<iInstanceCostModifier>0</iInstanceCostModifier>
			<DefaultUnit>UNIT_CATAPULT</DefaultUnit>
		</UnitClassInfo>
		<UnitClassInfo>
			<Type>UNITCLASS_WORKBOAT</Type>
			<Description>TXT_KEY_UNIT_WORK_BOAT</Description>
			<iMaxGlobalInstances>-1</iMaxGlobalInstances>
			<iMaxTeamInstances>-1</iMaxTeamInstances>
			<iMaxPlayerInstances>-1</iMaxPlayerInstances>
			<iInstanceCostModifier>0</iInstanceCostModifier>
			<DefaultUnit>UNIT_WORKBOAT</DefaultUnit>
		</UnitClassInfo>
		<UnitClassInfo>
			<Type>UNITCLASS_GALLEY</Type>
			<Description>TXT_KEY_UNIT_GALLEY</Description>
			<iMaxGlobalInstances>-1</iMaxGlobalInstances>
			<iMaxTeamInstances>-1</iMaxTeamInstances>
			<iMaxPlayerInstances>-1</iMaxPlayerInstances>
			<iInstanceCostModifier>0</iInstanceCostModifier>
			<DefaultUnit>UNIT_GALLEY</DefaultUnit>
		</UnitClassInfo>
		<UnitClassInfo>
			<Type>UNITCLASS_TRIREME</Type>
			<Description>TXT_KEY_UNIT_TRIREME</Description>
			<iMaxGlobalInstances>-1</iMaxGlobalInstances>
			<iMaxTeamInstances>-1</iMaxTeamInstances>
			<iMaxPlayerInstances>-1</iMaxPlayerInstances>
			<iInstanceCostModifier>0</iInstanceCostModifier>
			<DefaultUnit>UNIT_TRIREME</DefaultUnit>
		</UnitClassInfo>
		<UnitClassInfo>
			<Type>UNITCLASS_CARAVEL</Type>
			<Description>TXT_KEY_UNIT_CARAVEL</Description>
			<iMaxGlobalInstances>-1</iMaxGlobalInstances>
			<iMaxTeamInstances>-1</iMaxTeamInstances>
			<iMaxPlayerInstances>-1</iMaxPlayerInstances>
			<iInstanceCostModifier>0</iInstanceCostModifier>
			<DefaultUnit>UNIT_CARAVEL</DefaultUnit>
		</UnitClassInfo>
		<UnitClassInfo>
			<Type>UNITCLASS_GALLEON</Type>
			<Description>TXT_KEY_UNIT_GALLEON</Description>
			<iMaxGlobalInstances>-1</iMaxGlobalInstances>
			<iMaxTeamInstances>-1</iMaxTeamInstances>
			<iMaxPlayerInstances>-1</iMaxPlayerInstances>
			<iInstanceCostModifier>0</iInstanceCostModifier>
			<DefaultUnit>UNIT_GALLEON</DefaultUnit>
		</UnitClassInfo>
		<UnitClassInfo>
			<Type>UNITCLASS_PROPHET</Type>
			<Description>TXT_KEY_UNIT_GREAT_PROPHET</Description>
			<iMaxGlobalInstances>-1</iMaxGlobalInstances>
			<iMaxTeamInstances>-1</iMaxTeamInstances>
			<iMaxPlayerInstances>-1</iMaxPlayerInstances>
			<iInstanceCostModifier>0</iInstanceCostModifier>
			<DefaultUnit>UNIT_PROPHET</DefaultUnit>
		</UnitClassInfo>
		<UnitClassInfo>
			<Type>UNITCLASS_PROPHET1</Type>
			<Description>TXT_KEY_UNIT_GREAT_PROPHET</Description>
			<iMaxGlobalInstances>-1</iMaxGlobalInstances>
			<iMaxTeamInstances>-1</iMaxTeamInstances>
			<iMaxPlayerInstances>-1</iMaxPlayerInstances>
			<iInstanceCostModifier>0</iInstanceCostModifier>
			<DefaultUnit>UNIT_PROPHET1</DefaultUnit>
		</UnitClassInfo>
		<UnitClassInfo>
			<Type>UNITCLASS_ARTIST</Type>
			<Description>TXT_KEY_UNIT_GREAT_ARTIST</Description>
			<iMaxGlobalInstances>-1</iMaxGlobalInstances>
			<iMaxTeamInstances>-1</iMaxTeamInstances>
			<iMaxPlayerInstances>-1</iMaxPlayerInstances>
			<iInstanceCostModifier>0</iInstanceCostModifier>
			<DefaultUnit>UNIT_ARTIST</DefaultUnit>
		</UnitClassInfo>
		<UnitClassInfo>
			<Type>UNITCLASS_SCIENTIST</Type>
			<Description>TXT_KEY_UNIT_GREAT_SCIENTIST</Description>
			<iMaxGlobalInstances>-1</iMaxGlobalInstances>
			<iMaxTeamInstances>-1</iMaxTeamInstances>
			<iMaxPlayerInstances>-1</iMaxPlayerInstances>
			<iInstanceCostModifier>0</iInstanceCostModifier>
			<DefaultUnit>UNIT_SCIENTIST</DefaultUnit>
		</UnitClassInfo>
		<UnitClassInfo>
			<Type>UNITCLASS_MERCHANT</Type>
			<Description>TXT_KEY_UNIT_GREAT_TYCOON</Description>
			<iMaxGlobalInstances>-1</iMaxGlobalInstances>
			<iMaxTeamInstances>-1</iMaxTeamInstances>
			<iMaxPlayerInstances>-1</iMaxPlayerInstances>
			<iInstanceCostModifier>0</iInstanceCostModifier>
			<DefaultUnit>UNIT_MERCHANT</DefaultUnit>
		</UnitClassInfo>
		<UnitClassInfo>
			<Type>UNITCLASS_ENGINEER</Type>
			<Description>TXT_KEY_UNIT_GREAT_ENGINEER</Description>
			<iMaxGlobalInstances>-1</iMaxGlobalInstances>
			<iMaxTeamInstances>-1</iMaxTeamInstances>
			<iMaxPlayerInstances>-1</iMaxPlayerInstances>
			<iInstanceCostModifier>0</iInstanceCostModifier>
			<DefaultUnit>UNIT_ENGINEER</DefaultUnit>
		</UnitClassInfo>
		<UnitClassInfo>
			<Type>UNITCLASS_GREAT_GENERAL</Type>
			<Description>TXT_KEY_UNIT_GREAT_GENERAL</Description>
			<iMaxGlobalInstances>-1</iMaxGlobalInstances>
			<iMaxTeamInstances>-1</iMaxTeamInstances>
			<iMaxPlayerInstances>-1</iMaxPlayerInstances>
			<iInstanceCostModifier>0</iInstanceCostModifier>
			<DefaultUnit>UNIT_GREAT_GENERAL</DefaultUnit>
		</UnitClassInfo>
		<UnitClassInfo>
			<Type>UNITCLASS_GREAT_SPY</Type>
			<Description>TXT_KEY_SPECIALIST_GREAT_SPY</Description>
			<iMaxGlobalInstances>-1</iMaxGlobalInstances>
			<iMaxTeamInstances>-1</iMaxTeamInstances>
			<iMaxPlayerInstances>-1</iMaxPlayerInstances>
			<iInstanceCostModifier>0</iInstanceCostModifier>
			<DefaultUnit>UNIT_GREAT_SPY</DefaultUnit>
		</UnitClassInfo>
		<UnitClassInfo>
			<Type>UNITCLASS_HERO</Type>
			<Description>TXT_KEY_HERO</Description>
			<iMaxGlobalInstances>-1</iMaxGlobalInstances>
			<iMaxTeamInstances>-1</iMaxTeamInstances>
			<iMaxPlayerInstances>1</iMaxPlayerInstances>
			<iInstanceCostModifier>0</iInstanceCostModifier>
			<DefaultUnit>UNIT_HERO</DefaultUnit>
		</UnitClassInfo>
		<UnitClassInfo>
			<Type>UNITCLASS_HERO2</Type>
			<Description>TXT_KEY_HERO</Description>
			<iMaxGlobalInstances>-1</iMaxGlobalInstances>
			<iMaxTeamInstances>-1</iMaxTeamInstances>
			<iMaxPlayerInstances>1</iMaxPlayerInstances>
			<iInstanceCostModifier>0</iInstanceCostModifier>
			<DefaultUnit>UNIT_HERO2</DefaultUnit>
		</UnitClassInfo>
		<UnitClassInfo>
			<Type>UNITCLASS_HERO3</Type>
			<Description>TXT_KEY_HERO</Description>
			<iMaxGlobalInstances>-1</iMaxGlobalInstances>
			<iMaxTeamInstances>-1</iMaxTeamInstances>
			<iMaxPlayerInstances>1</iMaxPlayerInstances>
			<iInstanceCostModifier>0</iInstanceCostModifier>
			<DefaultUnit>UNIT_HERO3</DefaultUnit>
		</UnitClassInfo>
		<UnitClassInfo>
			<Type>UNITCLASS_ROBBER</Type>
			<Description>TXT_KEY_UNIT_ROBBER</Description>
			<iMaxGlobalInstances>-1</iMaxGlobalInstances>
			<iMaxTeamInstances>-1</iMaxTeamInstances>
			<iMaxPlayerInstances>3</iMaxPlayerInstances>
			<iInstanceCostModifier>0</iInstanceCostModifier>
			<DefaultUnit>UNIT_ROBBER</DefaultUnit>
		</UnitClassInfo>
		<UnitClassInfo>
			<Type>UNITCLASS_INQUISITOR</Type>
			<Description>Inquisitor</Description>
			<iMaxGlobalInstances>-1</iMaxGlobalInstances>
			<iMaxTeamInstances>-1</iMaxTeamInstances>
			<iMaxPlayerInstances>3</iMaxPlayerInstances>
			<iInstanceCostModifier>0</iInstanceCostModifier>
			<DefaultUnit>UNIT_INQUISITOR</DefaultUnit>
		</UnitClassInfo>
	</UnitClassInfos>
</Civ4UnitClassInfos>
