<?xml version="1.0"?>
<!-- edited with XMLSPY v2004 rel. 2 U (http://www.xmlspy.com) by Alex Mantzaris (Firaxis Games) -->
<!-- Sid Meier's Civilization 4 -->
<!-- Copyright Firaxis Games 2005 -->
<!-- -->
<!-- Leader Trait Infos -->
<Civ4TraitInfos xmlns="x-schema:CIV4CivilizationsSchema.xml">
	<TraitInfos>
		<TraitInfo>
			<Type>TRAIT_ARGONIAN</Type>
			<Description>TXT_KEY_TRAIT_ARGONIAN</Description>
			<ShortDescription>TXT_KEY_TRAIT_ARGONIAN_SHORT</ShortDescription>
			<iHealth>4</iHealth>
			<iHappiness>0</iHappiness>
			<iMaxAnarchy>-1</iMaxAnarchy>
			<iUpkeepModifier>0</iUpkeepModifier>
			<iLevelExperienceModifier>0</iLevelExperienceModifier>
			<iGreatPeopleRateModifier>0</iGreatPeopleRateModifier>
			<iGreatGeneralRateModifier>0</iGreatGeneralRateModifier>
			<iDomesticGreatGeneralRateModifier>0</iDomesticGreatGeneralRateModifier>
			<iMaxGlobalBuildingProductionModifier>0</iMaxGlobalBuildingProductionModifier>
			<iMaxTeamBuildingProductionModifier>0</iMaxTeamBuildingProductionModifier>
			<iMaxPlayerBuildingProductionModifier>0</iMaxPlayerBuildingProductionModifier>
			<ExtraYieldThresholds/>
			<TradeYieldModifiers/>
			<CommerceChanges/>
			<CommerceModifiers/>
			<FreePromotions>
				<FreePromotion>
					<PromotionType>PROMOTION_JUNGLEMAN</PromotionType>
					<bFreePromotion>1</bFreePromotion>
				</FreePromotion>
			</FreePromotions>
			<FreePromotionUnitCombats>
				<FreePromotionUnitCombat>
					<UnitCombatType>UNITCOMBAT_ARCHER</UnitCombatType>
					<bFreePromotionUnitCombat>1</bFreePromotionUnitCombat>
				</FreePromotionUnitCombat>
				<FreePromotionUnitCombat>
					<UnitCombatType>UNITCOMBAT_RECON</UnitCombatType>
					<bFreePromotionUnitCombat>1</bFreePromotionUnitCombat>
				</FreePromotionUnitCombat>
				<FreePromotionUnitCombat>
					<UnitCombatType>UNITCOMBAT_MELEE</UnitCombatType>
					<bFreePromotionUnitCombat>1</bFreePromotionUnitCombat>
				</FreePromotionUnitCombat>
				<FreePromotionUnitCombat>
					<UnitCombatType>UNITCOMBAT_MAGE</UnitCombatType>
					<bFreePromotionUnitCombat>1</bFreePromotionUnitCombat>
				</FreePromotionUnitCombat>
			</FreePromotionUnitCombats>
		</TraitInfo>
		<TraitInfo>
			<Type>TRAIT_ORC</Type>
			<Description>TXT_KEY_TRAIT_ORC</Description>
			<ShortDescription>TXT_KEY_TRAIT_ORC_SHORT</ShortDescription>
			<Help>TXT_KEY_ORC_TRAIT_HELP</Help>
			<iHealth>0</iHealth>
			<iHappiness>0</iHappiness>
			<iMaxAnarchy>-1</iMaxAnarchy>
			<iUpkeepModifier>0</iUpkeepModifier>
			<iLevelExperienceModifier>0</iLevelExperienceModifier>
			<iGreatPeopleRateModifier>0</iGreatPeopleRateModifier>
			<iGreatGeneralRateModifier>0</iGreatGeneralRateModifier>
			<iDomesticGreatGeneralRateModifier>0</iDomesticGreatGeneralRateModifier>
			<iMaxGlobalBuildingProductionModifier>0</iMaxGlobalBuildingProductionModifier>
			<iMaxTeamBuildingProductionModifier>0</iMaxTeamBuildingProductionModifier>
			<iMaxPlayerBuildingProductionModifier>0</iMaxPlayerBuildingProductionModifier>
			<ExtraYieldThresholds>
				<iExtraYieldThreshold>0</iExtraYieldThreshold>
				<iExtraYieldThreshold>3</iExtraYieldThreshold>
				<iExtraYieldThreshold>0</iExtraYieldThreshold>
			</ExtraYieldThresholds>
			<TradeYieldModifiers/>
			<CommerceChanges/>
			<CommerceModifiers/>
			<FreePromotions/>
			<FreePromotionUnitCombats/>
		</TraitInfo>
		<TraitInfo>
			<Type>TRAIT_KHAJIIT</Type>
			<Description>TXT_KEY_TRAIT_KHAJIIT</Description>
			<ShortDescription>TXT_KEY_TRAIT_KHAJIIT_SHORT</ShortDescription>
			<Help>TXT_KEY_KHJ_TRAIT_HELP</Help>
			<iHealth>0</iHealth>
			<iHappiness>0</iHappiness>
			<iMaxAnarchy>-1</iMaxAnarchy>
			<iUpkeepModifier>0</iUpkeepModifier>
			<iLevelExperienceModifier>0</iLevelExperienceModifier>
			<iGreatPeopleRateModifier>0</iGreatPeopleRateModifier>
			<iGreatGeneralRateModifier>0</iGreatGeneralRateModifier>
			<iDomesticGreatGeneralRateModifier>0</iDomesticGreatGeneralRateModifier>
			<iMaxGlobalBuildingProductionModifier>0</iMaxGlobalBuildingProductionModifier>
			<iMaxTeamBuildingProductionModifier>0</iMaxTeamBuildingProductionModifier>
			<iMaxPlayerBuildingProductionModifier>0</iMaxPlayerBuildingProductionModifier>
			<ExtraYieldThresholds/>
			<TradeYieldModifiers/>
			<CommerceChanges/>
			<CommerceModifiers/>
			<FreePromotions/>
			<FreePromotionUnitCombats/>
		</TraitInfo>
		<TraitInfo>
			<Type>TRAIT_DUNMER</Type>
			<Description>TXT_KEY_TRAIT_DUNMER</Description>
			<ShortDescription>TXT_KEY_TRAIT_DUNMER_SHORT</ShortDescription>
			<iHealth>0</iHealth>
			<iHappiness>0</iHappiness>
			<iMaxAnarchy>-1</iMaxAnarchy>
			<iUpkeepModifier>0</iUpkeepModifier>
			<iLevelExperienceModifier>0</iLevelExperienceModifier>
			<iGreatPeopleRateModifier>0</iGreatPeopleRateModifier>
			<iGreatGeneralRateModifier>0</iGreatGeneralRateModifier>
			<iDomesticGreatGeneralRateModifier>0</iDomesticGreatGeneralRateModifier>
			<iMaxGlobalBuildingProductionModifier>50</iMaxGlobalBuildingProductionModifier>
			<iMaxTeamBuildingProductionModifier>50</iMaxTeamBuildingProductionModifier>
			<iMaxPlayerBuildingProductionModifier>50</iMaxPlayerBuildingProductionModifier>
			<ExtraYieldThresholds/>
			<TradeYieldModifiers/>
			<CommerceChanges/>
			<CommerceModifiers/>
			<FreePromotions>
				<FreePromotion>
					<PromotionType>PROMOTION_COMBAT1</PromotionType>
					<bFreePromotion>1</bFreePromotion>
				</FreePromotion>
			</FreePromotions>
			<FreePromotionUnitCombats>
				<FreePromotionUnitCombat>
					<UnitCombatType>UNITCOMBAT_MAGE</UnitCombatType>
					<bFreePromotionUnitCombat>1</bFreePromotionUnitCombat>
				</FreePromotionUnitCombat>
			</FreePromotionUnitCombats>
		</TraitInfo>
		<TraitInfo>
			<Type>TRAIT_BRETON</Type>
			<Description>TXT_KEY_TRAIT_BRETON</Description>
			<ShortDescription>TXT_KEY_TRAIT_BRETON_SHORT</ShortDescription>
			<iHealth>0</iHealth>
			<iHappiness>0</iHappiness>
			<iMaxAnarchy>-1</iMaxAnarchy>
			<iUpkeepModifier>0</iUpkeepModifier>
			<iLevelExperienceModifier>0</iLevelExperienceModifier>
			<iGreatPeopleRateModifier>0</iGreatPeopleRateModifier>
			<iGreatGeneralRateModifier>0</iGreatGeneralRateModifier>
			<iDomesticGreatGeneralRateModifier>0</iDomesticGreatGeneralRateModifier>
			<iMaxGlobalBuildingProductionModifier>0</iMaxGlobalBuildingProductionModifier>
			<iMaxTeamBuildingProductionModifier>0</iMaxTeamBuildingProductionModifier>
			<iMaxPlayerBuildingProductionModifier>0</iMaxPlayerBuildingProductionModifier>
			<ExtraYieldThresholds/>
			<TradeYieldModifiers/>
			<CommerceChanges/>
			<CommerceModifiers>
				<iCommerce>0</iCommerce>
				<iCommerce>20</iCommerce>
				<iCommerce>0</iCommerce>
			</CommerceModifiers>
			<FreePromotions/>
			<FreePromotionUnitCombats/>
		</TraitInfo>
		<TraitInfo>
			<Type>TRAIT_NORD</Type>
			<Description>TXT_KEY_TRAIT_NORD</Description>
			<ShortDescription>TXT_KEY_TRAIT_NORD_SHORT</ShortDescription>
			<iHealth>3</iHealth>
			<iHappiness>0</iHappiness>
			<iMaxAnarchy>-1</iMaxAnarchy>
			<iUpkeepModifier>0</iUpkeepModifier>
			<iLevelExperienceModifier>0</iLevelExperienceModifier>
			<iGreatPeopleRateModifier>0</iGreatPeopleRateModifier>
			<iGreatGeneralRateModifier>0</iGreatGeneralRateModifier>
			<iDomesticGreatGeneralRateModifier>0</iDomesticGreatGeneralRateModifier>
			<iMaxGlobalBuildingProductionModifier>0</iMaxGlobalBuildingProductionModifier>
			<iMaxTeamBuildingProductionModifier>0</iMaxTeamBuildingProductionModifier>
			<iMaxPlayerBuildingProductionModifier>0</iMaxPlayerBuildingProductionModifier>
			<ExtraYieldThresholds/>
			<TradeYieldModifiers/>
			<CommerceChanges/>
			<CommerceModifiers/>
			<FreePromotions>
				<FreePromotion>
					<PromotionType>PROMOTION_NORSEMAN</PromotionType>
					<bFreePromotion>1</bFreePromotion>
				</FreePromotion>
			</FreePromotions>
			<FreePromotionUnitCombats>
				<FreePromotionUnitCombat>
					<UnitCombatType>UNITCOMBAT_MELEE</UnitCombatType>
					<bFreePromotionUnitCombat>1</bFreePromotionUnitCombat>
				</FreePromotionUnitCombat>
				<FreePromotionUnitCombat>
					<UnitCombatType>UNITCOMBAT_MAGE</UnitCombatType>
					<bFreePromotionUnitCombat>1</bFreePromotionUnitCombat>
				</FreePromotionUnitCombat>
				<FreePromotionUnitCombat>
					<UnitCombatType>UNITCOMBAT_ARCHER</UnitCombatType>
					<bFreePromotionUnitCombat>1</bFreePromotionUnitCombat>
				</FreePromotionUnitCombat>
			</FreePromotionUnitCombats>
		</TraitInfo>
		<TraitInfo>
			<Type>TRAIT_ALTMER</Type>
			<Description>TXT_KEY_TRAIT_ALTMER</Description>
			<ShortDescription>TXT_KEY_TRAIT_ALTMER_SHORT</ShortDescription>
			<iHealth>0</iHealth>
			<iHappiness>0</iHappiness>
			<iMaxAnarchy>-1</iMaxAnarchy>
			<iUpkeepModifier>0</iUpkeepModifier>
			<iLevelExperienceModifier>0</iLevelExperienceModifier>
			<iGreatPeopleRateModifier>100</iGreatPeopleRateModifier>
			<iGreatGeneralRateModifier>0</iGreatGeneralRateModifier>
			<iDomesticGreatGeneralRateModifier>0</iDomesticGreatGeneralRateModifier>
			<iMaxGlobalBuildingProductionModifier>0</iMaxGlobalBuildingProductionModifier>
			<iMaxTeamBuildingProductionModifier>0</iMaxTeamBuildingProductionModifier>
			<iMaxPlayerBuildingProductionModifier>0</iMaxPlayerBuildingProductionModifier>
			<ExtraYieldThresholds/>
			<TradeYieldModifiers/>
			<CommerceChanges/>
			<CommerceModifiers/>
			<FreePromotions>
				<FreePromotion>
					<PromotionType>PROMOTION_REFLECT1</PromotionType>
					<bFreePromotion>1</bFreePromotion>
				</FreePromotion>
			</FreePromotions>
			<FreePromotionUnitCombats>
				<FreePromotionUnitCombat>
					<UnitCombatType>UNITCOMBAT_MAGE</UnitCombatType>
					<bFreePromotionUnitCombat>1</bFreePromotionUnitCombat>
				</FreePromotionUnitCombat>
			</FreePromotionUnitCombats>
		</TraitInfo>
		<TraitInfo>
			<Type>TRAIT_IMPERIAL</Type>
			<Description>TXT_KEY_TRAIT_IMPERIAL</Description>
			<ShortDescription>TXT_KEY_TRAIT_IMPERIAL_SHORT</ShortDescription>
			<iHealth>0</iHealth>
			<iHappiness>0</iHappiness>
			<iMaxAnarchy>-1</iMaxAnarchy>
			<iUpkeepModifier>0</iUpkeepModifier>
			<iLevelExperienceModifier>0</iLevelExperienceModifier>
			<iGreatPeopleRateModifier>0</iGreatPeopleRateModifier>
			<iGreatGeneralRateModifier>0</iGreatGeneralRateModifier>
			<iDomesticGreatGeneralRateModifier>0</iDomesticGreatGeneralRateModifier>
			<iMaxGlobalBuildingProductionModifier>0</iMaxGlobalBuildingProductionModifier>
			<iMaxTeamBuildingProductionModifier>0</iMaxTeamBuildingProductionModifier>
			<iMaxPlayerBuildingProductionModifier>0</iMaxPlayerBuildingProductionModifier>
			<ExtraYieldThresholds>
				<iExtraYieldThreshold>0</iExtraYieldThreshold>
				<iExtraYieldThreshold>0</iExtraYieldThreshold>
				<iExtraYieldThreshold>2</iExtraYieldThreshold>
			</ExtraYieldThresholds>
			<TradeYieldModifiers/>
			<CommerceChanges/>
			<CommerceModifiers/>
			<FreePromotions/>
			<FreePromotionUnitCombats/>
		</TraitInfo>
		<TraitInfo>
			<Type>TRAIT_REDGUARD</Type>
			<Description>TXT_KEY_TRAIT_REDGUARD</Description>
			<ShortDescription>TXT_KEY_TRAIT_REDGUARD_SHORT</ShortDescription>
			<iHealth>0</iHealth>
			<iHappiness>1</iHappiness>
			<iMaxAnarchy>-1</iMaxAnarchy>
			<iUpkeepModifier>0</iUpkeepModifier>
			<iLevelExperienceModifier>-50</iLevelExperienceModifier>
			<iGreatPeopleRateModifier>0</iGreatPeopleRateModifier>
			<iGreatGeneralRateModifier>0</iGreatGeneralRateModifier>
			<iDomesticGreatGeneralRateModifier>0</iDomesticGreatGeneralRateModifier>
			<iMaxGlobalBuildingProductionModifier>0</iMaxGlobalBuildingProductionModifier>
			<iMaxTeamBuildingProductionModifier>0</iMaxTeamBuildingProductionModifier>
			<iMaxPlayerBuildingProductionModifier>0</iMaxPlayerBuildingProductionModifier>
			<ExtraYieldThresholds/>
			<TradeYieldModifiers/>
			<CommerceChanges/>
			<CommerceModifiers/>
			<FreePromotions>
				<FreePromotion>
					<PromotionType>PROMOTION_FLANKING1</PromotionType>
					<bFreePromotion>1</bFreePromotion>
				</FreePromotion>
				<FreePromotion>
					<PromotionType>PROMOTION_NAVIGATION1</PromotionType>
					<bFreePromotion>1</bFreePromotion>
				</FreePromotion>
			</FreePromotions>
			<FreePromotionUnitCombats>
				<FreePromotionUnitCombat>
					<UnitCombatType>UNITCOMBAT_NAVAL</UnitCombatType>
					<bFreePromotionUnitCombat>1</bFreePromotionUnitCombat>
				</FreePromotionUnitCombat>
			</FreePromotionUnitCombats>
		</TraitInfo>
		<TraitInfo>
			<Type>TRAIT_BOSMER</Type>
			<Description>TXT_KEY_TRAIT_BOSMER</Description>
			<ShortDescription>TXT_KEY_TRAIT_BOSMER_SHORT</ShortDescription>
			<iHealth>0</iHealth>
			<iHappiness>0</iHappiness>
			<iMaxAnarchy>-1</iMaxAnarchy>
			<iUpkeepModifier>-50</iUpkeepModifier>
			<iLevelExperienceModifier>0</iLevelExperienceModifier>
			<iGreatPeopleRateModifier>0</iGreatPeopleRateModifier>
			<iGreatGeneralRateModifier>0</iGreatGeneralRateModifier>
			<iDomesticGreatGeneralRateModifier>0</iDomesticGreatGeneralRateModifier>
			<iMaxGlobalBuildingProductionModifier>0</iMaxGlobalBuildingProductionModifier>
			<iMaxTeamBuildingProductionModifier>0</iMaxTeamBuildingProductionModifier>
			<iMaxPlayerBuildingProductionModifier>0</iMaxPlayerBuildingProductionModifier>
			<ExtraYieldThresholds/>
			<TradeYieldModifiers/>
			<CommerceChanges/>
			<CommerceModifiers/>
			<FreePromotions>
				<FreePromotion>
					<PromotionType>PROMOTION_WOODSMAN1</PromotionType>
					<bFreePromotion>1</bFreePromotion>
				</FreePromotion>
				<FreePromotion>
					<PromotionType>PROMOTION_DRILL1</PromotionType>
					<bFreePromotion>1</bFreePromotion>
				</FreePromotion>
			</FreePromotions>
			<FreePromotionUnitCombats>
				<FreePromotionUnitCombat>
					<UnitCombatType>UNITCOMBAT_ARCHER</UnitCombatType>
					<bFreePromotionUnitCombat>1</bFreePromotionUnitCombat>
				</FreePromotionUnitCombat>
			</FreePromotionUnitCombats>
		</TraitInfo>
		<TraitInfo>
			<Type>TRAIT_FOCUSED</Type>
			<Description>TXT_KEY_TRAIT_FOCUSED</Description>
			<ShortDescription>TXT_KEY_TRAIT_FOCUSED_SHORT</ShortDescription>
			<iHealth>0</iHealth>
			<iHappiness>0</iHappiness>
			<iMaxAnarchy>-1</iMaxAnarchy>
			<iUpkeepModifier>0</iUpkeepModifier>
			<iLevelExperienceModifier>0</iLevelExperienceModifier>
			<iGreatPeopleRateModifier>0</iGreatPeopleRateModifier>
			<iGreatGeneralRateModifier>0</iGreatGeneralRateModifier>
			<iDomesticGreatGeneralRateModifier>0</iDomesticGreatGeneralRateModifier>
			<iMaxGlobalBuildingProductionModifier>0</iMaxGlobalBuildingProductionModifier>
			<iMaxTeamBuildingProductionModifier>0</iMaxTeamBuildingProductionModifier>
			<iMaxPlayerBuildingProductionModifier>0</iMaxPlayerBuildingProductionModifier>
			<ExtraYieldThresholds/>
			<TradeYieldModifiers/>
			<CommerceChanges/>
			<CommerceModifiers/>
			<FreePromotions>
				<FreePromotion>
					<PromotionType>PROMOTION_ILLUSION1</PromotionType>
					<bFreePromotion>1</bFreePromotion>
				</FreePromotion>
			</FreePromotions>
			<FreePromotionUnitCombats>
				<FreePromotionUnitCombat>
					<UnitCombatType>UNITCOMBAT_ARCHER</UnitCombatType>
					<bFreePromotionUnitCombat>1</bFreePromotionUnitCombat>
				</FreePromotionUnitCombat>
				<FreePromotionUnitCombat>
					<UnitCombatType>UNITCOMBAT_RECON</UnitCombatType>
					<bFreePromotionUnitCombat>1</bFreePromotionUnitCombat>
				</FreePromotionUnitCombat>
				<FreePromotionUnitCombat>
					<UnitCombatType>UNITCOMBAT_MELEE</UnitCombatType>
					<bFreePromotionUnitCombat>1</bFreePromotionUnitCombat>
				</FreePromotionUnitCombat>
				<FreePromotionUnitCombat>
					<UnitCombatType>UNITCOMBAT_MAGE</UnitCombatType>
					<bFreePromotionUnitCombat>1</bFreePromotionUnitCombat>
				</FreePromotionUnitCombat>
			</FreePromotionUnitCombats>
		</TraitInfo>
		<TraitInfo>
			<Type>TRAIT_MILITARISTIC</Type>
			<Description>TXT_KEY_TRAIT_MILITARISTIC</Description>
			<ShortDescription>TXT_KEY_TRAIT_MILITARISTIC_SHORT</ShortDescription>
			<iHealth>1</iHealth>
			<iHappiness>1</iHappiness>
			<iMaxAnarchy>-1</iMaxAnarchy>
			<iUpkeepModifier>0</iUpkeepModifier>
			<iLevelExperienceModifier>0</iLevelExperienceModifier>
			<iGreatPeopleRateModifier>0</iGreatPeopleRateModifier>
			<iGreatGeneralRateModifier>0</iGreatGeneralRateModifier>
			<iDomesticGreatGeneralRateModifier>0</iDomesticGreatGeneralRateModifier>
			<iMaxGlobalBuildingProductionModifier>0</iMaxGlobalBuildingProductionModifier>
			<iMaxTeamBuildingProductionModifier>0</iMaxTeamBuildingProductionModifier>
			<iMaxPlayerBuildingProductionModifier>0</iMaxPlayerBuildingProductionModifier>
			<ExtraYieldThresholds/>
			<TradeYieldModifiers/>
			<CommerceChanges/>
			<CommerceModifiers/>
			<FreePromotions>
				<FreePromotion>
					<PromotionType>PROMOTION_COMBAT1</PromotionType>
					<bFreePromotion>1</bFreePromotion>
				</FreePromotion>
				<FreePromotion>
					<PromotionType>PROMOTION_CITY_RAIDER1</PromotionType>
					<bFreePromotion>1</bFreePromotion>
				</FreePromotion>
			</FreePromotions>
			<FreePromotionUnitCombats>
				<FreePromotionUnitCombat>
					<UnitCombatType>UNITCOMBAT_MELEE</UnitCombatType>
					<bFreePromotionUnitCombat>1</bFreePromotionUnitCombat>
				</FreePromotionUnitCombat>
			</FreePromotionUnitCombats>
		</TraitInfo>
		<TraitInfo>
			<Type>TRAIT_AGGRESSIVE</Type>
			<Description>TXT_KEY_TRAIT_AGGRESSIVE</Description>
			<ShortDescription>TXT_KEY_TRAIT_AGGRESSIVE_SHORT</ShortDescription>
			<iHealth>0</iHealth>
			<iHappiness>0</iHappiness>
			<iMaxAnarchy>-1</iMaxAnarchy>
			<iUpkeepModifier>0</iUpkeepModifier>
			<iLevelExperienceModifier>0</iLevelExperienceModifier>
			<iGreatPeopleRateModifier>0</iGreatPeopleRateModifier>
			<iGreatGeneralRateModifier>0</iGreatGeneralRateModifier>
			<iDomesticGreatGeneralRateModifier>0</iDomesticGreatGeneralRateModifier>
			<iMaxGlobalBuildingProductionModifier>0</iMaxGlobalBuildingProductionModifier>
			<iMaxTeamBuildingProductionModifier>0</iMaxTeamBuildingProductionModifier>
			<iMaxPlayerBuildingProductionModifier>0</iMaxPlayerBuildingProductionModifier>
			<ExtraYieldThresholds/>
			<TradeYieldModifiers/>
			<CommerceChanges/>
			<CommerceModifiers/>
			<FreePromotions>
				<FreePromotion>
					<PromotionType>PROMOTION_COMBAT1</PromotionType>
					<bFreePromotion>1</bFreePromotion>
				</FreePromotion>
			</FreePromotions>
			<FreePromotionUnitCombats>
				<FreePromotionUnitCombat>
					<UnitCombatType>UNITCOMBAT_MELEE</UnitCombatType>
					<bFreePromotionUnitCombat>1</bFreePromotionUnitCombat>
				</FreePromotionUnitCombat>
			</FreePromotionUnitCombats>
		</TraitInfo>
		<TraitInfo>
			<Type>TRAIT_CREATIVE</Type>
			<Description>TXT_KEY_TRAIT_CREATIVE</Description>
			<ShortDescription>TXT_KEY_TRAIT_CREATIVE_SHORT</ShortDescription>
			<iHealth>1</iHealth>
			<iHappiness>0</iHappiness>
			<iMaxAnarchy>-1</iMaxAnarchy>
			<iUpkeepModifier>0</iUpkeepModifier>
			<iLevelExperienceModifier>0</iLevelExperienceModifier>
			<iGreatPeopleRateModifier>0</iGreatPeopleRateModifier>
			<iGreatGeneralRateModifier>0</iGreatGeneralRateModifier>
			<iDomesticGreatGeneralRateModifier>0</iDomesticGreatGeneralRateModifier>
			<iMaxGlobalBuildingProductionModifier>0</iMaxGlobalBuildingProductionModifier>
			<iMaxTeamBuildingProductionModifier>0</iMaxTeamBuildingProductionModifier>
			<iMaxPlayerBuildingProductionModifier>0</iMaxPlayerBuildingProductionModifier>
			<ExtraYieldThresholds/>
			<TradeYieldModifiers/>
			<CommerceChanges/>
			<CommerceModifiers>
				<iCommerce>0</iCommerce>
				<iCommerce>0</iCommerce>
				<iCommerce>1</iCommerce>
			</CommerceModifiers>
			<FreePromotions/>
			<FreePromotionUnitCombats/>
		</TraitInfo>
		<TraitInfo>
			<Type>TRAIT_CHARISMATIC</Type>
			<Description>TXT_KEY_TRAIT_CHARISMATIC</Description>
			<ShortDescription>TXT_KEY_TRAIT_CHARISMATIC_SHORT</ShortDescription>
			<iHealth>0</iHealth>
			<iHappiness>1</iHappiness>
			<iMaxAnarchy>-1</iMaxAnarchy>
			<iUpkeepModifier>0</iUpkeepModifier>
			<iLevelExperienceModifier>-25</iLevelExperienceModifier>
			<iGreatPeopleRateModifier>0</iGreatPeopleRateModifier>
			<iGreatGeneralRateModifier>0</iGreatGeneralRateModifier>
			<iDomesticGreatGeneralRateModifier>0</iDomesticGreatGeneralRateModifier>
			<iMaxGlobalBuildingProductionModifier>0</iMaxGlobalBuildingProductionModifier>
			<iMaxTeamBuildingProductionModifier>0</iMaxTeamBuildingProductionModifier>
			<iMaxPlayerBuildingProductionModifier>0</iMaxPlayerBuildingProductionModifier>
			<ExtraYieldThresholds/>
			<TradeYieldModifiers/>
			<CommerceChanges/>
			<CommerceModifiers/>
			<FreePromotions/>
			<FreePromotionUnitCombats/>
		</TraitInfo>
		<TraitInfo>
			<Type>TRAIT_MAGICIAN</Type>
			<Description>TXT_KEY_TRAIT_MAGICIAN</Description>
			<ShortDescription>TXT_KEY_TRAIT_MAGICIAN_SHORT</ShortDescription>
			<iHealth>0</iHealth>
			<iHappiness>0</iHappiness>
			<iMaxAnarchy>-1</iMaxAnarchy>
			<iUpkeepModifier>0</iUpkeepModifier>
			<iLevelExperienceModifier>0</iLevelExperienceModifier>
			<iGreatPeopleRateModifier>0</iGreatPeopleRateModifier>
			<iGreatGeneralRateModifier>100</iGreatGeneralRateModifier>
			<iDomesticGreatGeneralRateModifier>0</iDomesticGreatGeneralRateModifier>
			<iMaxGlobalBuildingProductionModifier>0</iMaxGlobalBuildingProductionModifier>
			<iMaxTeamBuildingProductionModifier>0</iMaxTeamBuildingProductionModifier>
			<iMaxPlayerBuildingProductionModifier>0</iMaxPlayerBuildingProductionModifier>
			<ExtraYieldThresholds/>
			<TradeYieldModifiers/>
			<CommerceChanges/>
			<CommerceModifiers/>
			<FreePromotions>
				<FreePromotion>
					<PromotionType>PROMOTION_FIRE1</PromotionType>
					<bFreePromotion>1</bFreePromotion>
				</FreePromotion>
				<FreePromotion>
					<PromotionType>PROMOTION_SHOCK1</PromotionType>
					<bFreePromotion>1</bFreePromotion>
				</FreePromotion>
			</FreePromotions>
			<FreePromotionUnitCombats>
				<FreePromotionUnitCombat>
					<UnitCombatType>UNITCOMBAT_MAGE</UnitCombatType>
					<bFreePromotionUnitCombat>1</bFreePromotionUnitCombat>
				</FreePromotionUnitCombat>
			</FreePromotionUnitCombats>
		</TraitInfo>
		<TraitInfo>
			<Type>TRAIT_TRADER</Type>
			<Description>TXT_KEY_TRAIT_TRADER</Description>
			<ShortDescription>TXT_KEY_TRAIT_TRADER_SHORT</ShortDescription>
			<iHealth>0</iHealth>
			<iHappiness>0</iHappiness>
			<iMaxAnarchy>-1</iMaxAnarchy>
			<iUpkeepModifier>0</iUpkeepModifier>
			<iLevelExperienceModifier>0</iLevelExperienceModifier>
			<iGreatPeopleRateModifier>0</iGreatPeopleRateModifier>
			<iGreatGeneralRateModifier>0</iGreatGeneralRateModifier>
			<iDomesticGreatGeneralRateModifier>0</iDomesticGreatGeneralRateModifier>
			<iMaxGlobalBuildingProductionModifier>0</iMaxGlobalBuildingProductionModifier>
			<iMaxTeamBuildingProductionModifier>0</iMaxTeamBuildingProductionModifier>
			<iMaxPlayerBuildingProductionModifier>0</iMaxPlayerBuildingProductionModifier>
			<ExtraYieldThresholds/>
			<TradeYieldModifiers>
				<iYield>15</iYield>
				<iYield>15</iYield>
				<iYield>0</iYield>
			</TradeYieldModifiers>
			<CommerceChanges/>
			<CommerceModifiers/>
			<FreePromotions/>
			<FreePromotionUnitCombats/>
		</TraitInfo>
		<TraitInfo>
			<Type>TRAIT_RESOURCEFUL</Type>
			<Description>TXT_KEY_TRAIT_RESOURCEFUL</Description>
			<ShortDescription>TXT_KEY_TRAIT_RESOURCEFUL_SHORT</ShortDescription>
			<iHealth>0</iHealth>
			<iHappiness>0</iHappiness>
			<iMaxAnarchy>-1</iMaxAnarchy>
			<iUpkeepModifier>0</iUpkeepModifier>
			<iLevelExperienceModifier>0</iLevelExperienceModifier>
			<iGreatPeopleRateModifier>0</iGreatPeopleRateModifier>
			<iGreatGeneralRateModifier>0</iGreatGeneralRateModifier>
			<iDomesticGreatGeneralRateModifier>0</iDomesticGreatGeneralRateModifier>
			<iMaxGlobalBuildingProductionModifier>0</iMaxGlobalBuildingProductionModifier>
			<iMaxTeamBuildingProductionModifier>0</iMaxTeamBuildingProductionModifier>
			<iMaxPlayerBuildingProductionModifier>0</iMaxPlayerBuildingProductionModifier>
			<ExtraYieldThresholds>
				<iExtraYieldThreshold>0</iExtraYieldThreshold>
				<iExtraYieldThreshold>0</iExtraYieldThreshold>
				<iExtraYieldThreshold>0</iExtraYieldThreshold>
			</ExtraYieldThresholds>
			<TradeYieldModifiers/>
			<CommerceChanges/>
			<CommerceModifiers/>
			<FreePromotions/>
			<FreePromotionUnitCombats/>
		</TraitInfo>
		<TraitInfo>
			<Type>TRAIT_MERCANTILE</Type>
			<Description>TXT_KEY_TRAIT_MERCANTILE</Description>
			<ShortDescription>TXT_KEY_TRAIT_MERCANTILE_SHORT</ShortDescription>
			<iHealth>0</iHealth>
			<iHappiness>0</iHappiness>
			<iMaxAnarchy>-1</iMaxAnarchy>
			<iUpkeepModifier>0</iUpkeepModifier>
			<iLevelExperienceModifier>0</iLevelExperienceModifier>
			<iGreatPeopleRateModifier>0</iGreatPeopleRateModifier>
			<iGreatGeneralRateModifier>0</iGreatGeneralRateModifier>
			<iDomesticGreatGeneralRateModifier>0</iDomesticGreatGeneralRateModifier>
			<iMaxGlobalBuildingProductionModifier>0</iMaxGlobalBuildingProductionModifier>
			<iMaxTeamBuildingProductionModifier>0</iMaxTeamBuildingProductionModifier>
			<iMaxPlayerBuildingProductionModifier>0</iMaxPlayerBuildingProductionModifier>
			<ExtraYieldThresholds/>
			<TradeYieldModifiers>
				<iYield>0</iYield>
				<iYield>0</iYield>
				<iYield>100</iYield>
			</TradeYieldModifiers>
			<CommerceChanges/>
			<CommerceModifiers/>
			<FreePromotions/>
			<FreePromotionUnitCombats/>
		</TraitInfo>
		<TraitInfo>
			<Type>TRAIT_EXPANSIVE</Type>
			<Description>TXT_KEY_TRAIT_EXPANSIVE</Description>
			<ShortDescription>TXT_KEY_TRAIT_EXPANSIVE_SHORT</ShortDescription>
			<iHealth>0</iHealth>
			<iHappiness>0</iHappiness>
			<iMaxAnarchy>-1</iMaxAnarchy>
			<iUpkeepModifier>0</iUpkeepModifier>
			<iLevelExperienceModifier>0</iLevelExperienceModifier>
			<iGreatPeopleRateModifier>0</iGreatPeopleRateModifier>
			<iGreatGeneralRateModifier>0</iGreatGeneralRateModifier>
			<iDomesticGreatGeneralRateModifier>0</iDomesticGreatGeneralRateModifier>
			<iMaxGlobalBuildingProductionModifier>0</iMaxGlobalBuildingProductionModifier>
			<iMaxTeamBuildingProductionModifier>0</iMaxTeamBuildingProductionModifier>
			<iMaxPlayerBuildingProductionModifier>0</iMaxPlayerBuildingProductionModifier>
			<ExtraYieldThresholds/>
			<TradeYieldModifiers/>
			<CommerceChanges/>
			<CommerceModifiers>
				<iCommerce>0</iCommerce>
				<iCommerce>0</iCommerce>
				<iCommerce>2</iCommerce>
				<iCommerce>2</iCommerce>
			</CommerceModifiers>
			<FreePromotions/>
			<FreePromotionUnitCombats/>
		</TraitInfo>
		<TraitInfo>
			<Type>TRAIT_PHILOSOPHICAL</Type>
			<Description>TXT_KEY_TRAIT_PHILOSOPHICAL</Description>
			<ShortDescription>TXT_KEY_TRAIT_PHILOSOPHICAL_SHORT</ShortDescription>
			<Help>TXT_KEY_PHI_TRAIT_HELP</Help>
			<iHealth>0</iHealth>
			<iHappiness>0</iHappiness>
			<iMaxAnarchy>-1</iMaxAnarchy>
			<iUpkeepModifier>0</iUpkeepModifier>
			<iLevelExperienceModifier>0</iLevelExperienceModifier>
			<iGreatPeopleRateModifier>0</iGreatPeopleRateModifier>
			<iGreatGeneralRateModifier>0</iGreatGeneralRateModifier>
			<iDomesticGreatGeneralRateModifier>0</iDomesticGreatGeneralRateModifier>
			<iMaxGlobalBuildingProductionModifier>0</iMaxGlobalBuildingProductionModifier>
			<iMaxTeamBuildingProductionModifier>0</iMaxTeamBuildingProductionModifier>
			<iMaxPlayerBuildingProductionModifier>0</iMaxPlayerBuildingProductionModifier>
			<ExtraYieldThresholds/>
			<TradeYieldModifiers/>
			<CommerceChanges/>
			<CommerceModifiers/>
			<FreePromotions/>
			<FreePromotionUnitCombats/>
		</TraitInfo>
	</TraitInfos>
</Civ4TraitInfos>
