<?xml version="1.0"?>
<!-- edited with XMLSPY v2004 rel. 2 U (http://www.xmlspy.com) by Alex Mantzaris (Firaxis Games) -->
<!-- Sid Meier's Civilization 4 -->
<!-- Copyright Firaxis Games 2005 -->
<!-- -->
<!-- Civilization Infos -->
<Civ4UnitArtStyleTypeInfos xmlns="x-schema:CIV4CivilizationsSchema.xml">
	<UnitArtStyleTypeInfos>
		<UnitArtStyleTypeInfo>
			<Type>UNIT_ARTSTYLE_KHAJIIT</Type>
			<StyleUnits>
				<StyleUnit>
					<UnitType>UNIT_SCOUT</UnitType>
					<UnitMeshGroup>
						<EarlyArtDefineTag>ART_DEF_UNIT_SCOUT_KHAJIIT</EarlyArtDefineTag>
					</UnitMeshGroup>
				</StyleUnit>
				<StyleUnit>
					<UnitType>UNIT_EXPLORER</UnitType>
					<UnitMeshGroup>
						<EarlyArtDefineTag>ART_DEF_UNIT_EXPLORER_KHAJIIT</EarlyArtDefineTag>
					</UnitMeshGroup>
				</StyleUnit>
				<StyleUnit>
					<UnitType>UNIT_WARRIOR</UnitType>
					<UnitMeshGroup>
						<EarlyArtDefineTag>ART_DEF_UNIT_WARRIOR_KHAJIIT</EarlyArtDefineTag>
					</UnitMeshGroup>
				</StyleUnit>
				<StyleUnit>
					<UnitType>UNIT_SPEARMAN</UnitType>
					<UnitMeshGroup>
						<EarlyArtDefineTag>ART_DEF_UNIT_SPEARMAN_KHAJIIT</EarlyArtDefineTag>
					</UnitMeshGroup>
				</StyleUnit>
				<StyleUnit>
					<UnitType>UNIT_SWORDSMAN</UnitType>
					<UnitMeshGroup>
						<EarlyArtDefineTag>ART_DEF_UNIT_SWORDSMAN_KHAJIIT</EarlyArtDefineTag>
					</UnitMeshGroup>
				</StyleUnit>
				<StyleUnit>
					<UnitType>UNIT_ARCHER</UnitType>
					<UnitMeshGroup>
						<EarlyArtDefineTag>ART_DEF_UNIT_ARCHER_KHAJIIT</EarlyArtDefineTag>
					</UnitMeshGroup>
				</StyleUnit>
				<StyleUnit>
					<UnitType>UNIT_HORSE_ARCHER</UnitType>
					<UnitMeshGroup>
						<EarlyArtDefineTag>ART_DEF_UNIT_HORSEMAN_KHAJIIT</EarlyArtDefineTag>
					</UnitMeshGroup>
				</StyleUnit>
				<StyleUnit>
					<UnitType>UNIT_LONGBOWMAN</UnitType>
					<UnitMeshGroup>
						<EarlyArtDefineTag>ART_DEF_UNIT_LONGBOWMAN_KHAJIIT</EarlyArtDefineTag>
					</UnitMeshGroup>
				</StyleUnit>
				<StyleUnit>
					<UnitType>UNIT_AXEMAN</UnitType>
					<UnitMeshGroup>
						<EarlyArtDefineTag>ART_DEF_UNIT_AXEMAN_KHAJIIT</EarlyArtDefineTag>
					</UnitMeshGroup>
				</StyleUnit>
				<StyleUnit>
					<UnitType>UNIT_CHARIOT</UnitType>
					<UnitMeshGroup>
						<EarlyArtDefineTag>ART_DEF_UNIT_CHARIOT_KHAJIIT</EarlyArtDefineTag>
					</UnitMeshGroup>
				</StyleUnit>
				<StyleUnit>
					<UnitType>UNIT_PIKEMAN</UnitType>
					<UnitMeshGroup>
						<EarlyArtDefineTag>ART_DEF_UNIT_PIKEMAN_KHAJIIT</EarlyArtDefineTag>
					</UnitMeshGroup>
				</StyleUnit>
				<StyleUnit>
					<UnitType>UNIT_MACEMAN</UnitType>
					<UnitMeshGroup>
						<EarlyArtDefineTag>ART_DEF_UNIT_MACEMAN_KHAJIIT</EarlyArtDefineTag>
					</UnitMeshGroup>
				</StyleUnit>
				<StyleUnit>
					<UnitType>UNIT_KNIGHT</UnitType>
					<UnitMeshGroup>
						<EarlyArtDefineTag>ART_DEF_UNIT_KNIGHT_KHAJIIT</EarlyArtDefineTag>
					</UnitMeshGroup>
				</StyleUnit>
				<StyleUnit>
					<UnitType>UNIT_CASTER</UnitType>
					<UnitMeshGroup>
						<EarlyArtDefineTag>ART_DEF_UNIT_CASTER_KHAJIIT</EarlyArtDefineTag>
					</UnitMeshGroup>
				</StyleUnit>
				<StyleUnit>
					<UnitType>UNIT_CONJURER</UnitType>
					<UnitMeshGroup>
						<EarlyArtDefineTag>ART_DEF_UNIT_CONJUNER_KHAJIIT</EarlyArtDefineTag>
					</UnitMeshGroup>
					<UnitMeshGroup>
						<EarlyArtDefineTag>ART_DEF_UNIT_ICE</EarlyArtDefineTag>
					</UnitMeshGroup>
					<UnitMeshGroup>
						<EarlyArtDefineTag>ART_DEF_UNIT_DEVOURER</EarlyArtDefineTag>
					</UnitMeshGroup>
					<UnitMeshGroup>
						<EarlyArtDefineTag>ART_DEF_UNIT_SKELETON_SWORDSMAN</EarlyArtDefineTag>
					</UnitMeshGroup>
				</StyleUnit>
				<StyleUnit>
					<UnitType>UNIT_MAGE</UnitType>
					<UnitMeshGroup>
						<EarlyArtDefineTag>ART_DEF_UNIT_FIREMAGE_KHAJIIT</EarlyArtDefineTag>
					</UnitMeshGroup>
				</StyleUnit>
				<StyleUnit>
					<UnitType>UNIT_WARMAGE</UnitType>
					<UnitMeshGroup>
						<EarlyArtDefineTag>ART_DEF_UNIT_WARMAGE_KHAJIIT</EarlyArtDefineTag>
					</UnitMeshGroup>
				</StyleUnit>
				<StyleUnit>
					<UnitType>UNIT_WORKER</UnitType>
					<UnitMeshGroup>
						<EarlyArtDefineTag>ART_DEF_UNIT_WORKER_KHAJIIT</EarlyArtDefineTag>
					</UnitMeshGroup>
				</StyleUnit>
				<StyleUnit>
					<UnitType>UNIT_SETTLER</UnitType>
					<UnitMeshGroup>
						<EarlyArtDefineTag>ART_DEF_UNIT_SETTLER_KHAJIIT</EarlyArtDefineTag>
					</UnitMeshGroup>
					<UnitMeshGroup>
						<EarlyArtDefineTag>ART_DEF_UNIT_SETTLER_2_KHAJIIT</EarlyArtDefineTag>
					</UnitMeshGroup>
				</StyleUnit>	
				<StyleUnit>
					<UnitType>UNIT_GREAT_GENERAL</UnitType>
					<UnitMeshGroup>
						<EarlyArtDefineTag>ART_DEF_UNIT_WARLORD_KHAJIIT</EarlyArtDefineTag>
					</UnitMeshGroup>
				</StyleUnit>
				<StyleUnit>
					<UnitType>UNIT_ARTIST</UnitType>
					<UnitMeshGroup>
						<EarlyArtDefineTag>ART_DEF_UNIT_ARTIST_KHAJIIT</EarlyArtDefineTag>
					</UnitMeshGroup>
				</StyleUnit>
				<StyleUnit>
					<UnitType>UNIT_SCIENTIST</UnitType>
					<UnitMeshGroup>
						<EarlyArtDefineTag>ART_DEF_UNIT_SCIENTIST_KHAJIIT</EarlyArtDefineTag>
					</UnitMeshGroup>
				</StyleUnit>
				<StyleUnit>
					<UnitType>UNIT_MERCHANT</UnitType>
					<UnitMeshGroup>
						<EarlyArtDefineTag>ART_DEF_UNIT_MERCHANT_KHAJIIT</EarlyArtDefineTag>
					</UnitMeshGroup>
				</StyleUnit>
				<StyleUnit>
					<UnitType>UNIT_ENGINEER</UnitType>
					<UnitMeshGroup>
						<EarlyArtDefineTag>ART_DEF_UNIT_ENGINEER_KHAJIIT</EarlyArtDefineTag>
					</UnitMeshGroup>
				</StyleUnit>
				<StyleUnit>
					<UnitType>UNIT_PROPHET</UnitType>
					<UnitMeshGroup>
						<EarlyArtDefineTag>ART_DEF_UNIT_PROPHET_KHAJIIT</EarlyArtDefineTag>
					</UnitMeshGroup>
				</StyleUnit>
				<StyleUnit>
					<UnitType>UNIT_GREAT_SPY</UnitType>
					<UnitMeshGroup>
						<EarlyArtDefineTag>ART_DEF_UNIT_ANCIENT_GREAT_SPY_KHAJIIT</EarlyArtDefineTag>
					</UnitMeshGroup>
				</StyleUnit>
				<StyleUnit>
					<UnitType>UNIT_GALLEY</UnitType>
					<UnitMeshGroup>
						<EarlyArtDefineTag>ART_DEF_UNIT_GALLEY_ANIMAL</EarlyArtDefineTag>
					</UnitMeshGroup>
				</StyleUnit>
				<StyleUnit>
					<UnitType>UNIT_TRIREME</UnitType>
					<UnitMeshGroup>
						<EarlyArtDefineTag>ART_DEF_UNIT_TRIREME_ANIMAL</EarlyArtDefineTag>
					</UnitMeshGroup>
				</StyleUnit>
				<StyleUnit>
					<UnitType>UNIT_CARAVEL</UnitType>
					<UnitMeshGroup>
						<EarlyArtDefineTag>ART_DEF_UNIT_CARAVEL_ANIMAL</EarlyArtDefineTag>
					</UnitMeshGroup>
				</StyleUnit>
				<StyleUnit>
					<UnitType>UNIT_GALLEON</UnitType>
					<UnitMeshGroup>
						<EarlyArtDefineTag>ART_DEF_UNIT_GALLEON_ANIMAL</EarlyArtDefineTag>
					</UnitMeshGroup>
				</StyleUnit>
				<StyleUnit>
					<UnitType>UNIT_HERO</UnitType>
					<UnitMeshGroup>
						<EarlyArtDefineTag>ART_DEF_UNIT_HERO_KHAJIIT</EarlyArtDefineTag>
					</UnitMeshGroup>
				</StyleUnit>
				<StyleUnit>
					<UnitType>UNIT_HERO2</UnitType>
					<UnitMeshGroup>
						<EarlyArtDefineTag>ART_DEF_UNIT_HERO_KHAJIIT</EarlyArtDefineTag>
					</UnitMeshGroup>
				</StyleUnit>
				<StyleUnit>
					<UnitType>UNIT_HERO3</UnitType>
					<UnitMeshGroup>
						<EarlyArtDefineTag>ART_DEF_UNIT_HERO_KHAJIIT</EarlyArtDefineTag>
					</UnitMeshGroup>
				</StyleUnit>
			</StyleUnits>	
		</UnitArtStyleTypeInfo>
		<UnitArtStyleTypeInfo>
			<Type>UNIT_ARTSTYLE_ALTMER</Type>
			<StyleUnits>
				<StyleUnit>
					<UnitType>UNIT_SCOUT</UnitType>
					<UnitMeshGroup>
						<EarlyArtDefineTag>ART_DEF_UNIT_SCOUT_ALTMER</EarlyArtDefineTag>
					</UnitMeshGroup>
				</StyleUnit>
				<StyleUnit>
					<UnitType>UNIT_EXPLORER</UnitType>
					<UnitMeshGroup>
						<EarlyArtDefineTag>ART_DEF_UNIT_EXPLORER_ALTMER</EarlyArtDefineTag>
					</UnitMeshGroup>
				</StyleUnit>
				<StyleUnit>
					<UnitType>UNIT_WARRIOR</UnitType>
					<UnitMeshGroup>
						<EarlyArtDefineTag>ART_DEF_UNIT_WARRIOR_ALTMER</EarlyArtDefineTag>
					</UnitMeshGroup>
				</StyleUnit>
				<StyleUnit>
					<UnitType>UNIT_SPEARMAN</UnitType>
					<UnitMeshGroup>
						<EarlyArtDefineTag>ART_DEF_UNIT_SPEARMAN_ALTMER</EarlyArtDefineTag>
					</UnitMeshGroup>
				</StyleUnit>
				<StyleUnit>
					<UnitType>UNIT_SWORDSMAN</UnitType>
					<UnitMeshGroup>
						<EarlyArtDefineTag>ART_DEF_UNIT_SWORDSMAN_ALTMER</EarlyArtDefineTag>
					</UnitMeshGroup>
				</StyleUnit>
				<StyleUnit>
					<UnitType>UNIT_ARCHER</UnitType>
					<UnitMeshGroup>
						<EarlyArtDefineTag>ART_DEF_UNIT_ARCHER_ALTMER</EarlyArtDefineTag>
					</UnitMeshGroup>
				</StyleUnit>
				<StyleUnit>
					<UnitType>UNIT_HORSE_ARCHER</UnitType>
					<UnitMeshGroup>
						<EarlyArtDefineTag>ART_DEF_UNIT_HORSEMAN_ALTMER</EarlyArtDefineTag>
					</UnitMeshGroup>
				</StyleUnit>
				<StyleUnit>
					<UnitType>UNIT_LONGBOWMAN</UnitType>
					<UnitMeshGroup>
						<EarlyArtDefineTag>ART_DEF_UNIT_LONGBOWMAN_ALTMER</EarlyArtDefineTag>
					</UnitMeshGroup>
				</StyleUnit>
				<StyleUnit>
					<UnitType>UNIT_AXEMAN</UnitType>
					<UnitMeshGroup>
						<EarlyArtDefineTag>ART_DEF_UNIT_AXEMAN_ALTMER</EarlyArtDefineTag>
					</UnitMeshGroup>
				</StyleUnit>
				<StyleUnit>
					<UnitType>UNIT_CHARIOT</UnitType>
					<UnitMeshGroup>
						<EarlyArtDefineTag>ART_DEF_UNIT_CHARIOT_ALTMER</EarlyArtDefineTag>
					</UnitMeshGroup>
				</StyleUnit>
				<StyleUnit>
					<UnitType>UNIT_PIKEMAN</UnitType>
					<UnitMeshGroup>
						<EarlyArtDefineTag>ART_DEF_UNIT_PIKEMAN_ALTMER</EarlyArtDefineTag>
					</UnitMeshGroup>
				</StyleUnit>
				<StyleUnit>
					<UnitType>UNIT_MACEMAN</UnitType>
					<UnitMeshGroup>
						<EarlyArtDefineTag>ART_DEF_UNIT_MACEMAN_ALTMER</EarlyArtDefineTag>
					</UnitMeshGroup>
				</StyleUnit>
				<StyleUnit>
					<UnitType>UNIT_KNIGHT</UnitType>
					<UnitMeshGroup>
						<EarlyArtDefineTag>ART_DEF_UNIT_KNIGHT_ALTMER</EarlyArtDefineTag>
					</UnitMeshGroup>
				</StyleUnit>
				<StyleUnit>
					<UnitType>UNIT_CASTER</UnitType>
					<UnitMeshGroup>
						<EarlyArtDefineTag>ART_DEF_UNIT_CASTER_ALTMER</EarlyArtDefineTag>
					</UnitMeshGroup>
				</StyleUnit>
				<StyleUnit>
					<UnitType>UNIT_CONJURER</UnitType>
					<UnitMeshGroup>
						<EarlyArtDefineTag>ART_DEF_UNIT_CONJUNER_ALTMER</EarlyArtDefineTag>
					</UnitMeshGroup>
					<UnitMeshGroup>
						<EarlyArtDefineTag>ART_DEF_UNIT_ICE</EarlyArtDefineTag>
					</UnitMeshGroup>
					<UnitMeshGroup>
						<EarlyArtDefineTag>ART_DEF_UNIT_DEVOURER</EarlyArtDefineTag>
					</UnitMeshGroup>
					<UnitMeshGroup>
						<EarlyArtDefineTag>ART_DEF_UNIT_SKELETON_SWORDSMAN</EarlyArtDefineTag>
					</UnitMeshGroup>
				</StyleUnit>
				<StyleUnit>
					<UnitType>UNIT_MAGE</UnitType>
					<UnitMeshGroup>
						<EarlyArtDefineTag>ART_DEF_UNIT_FIREMAGE_ALTMER</EarlyArtDefineTag>
					</UnitMeshGroup>
				</StyleUnit>
				<StyleUnit>
					<UnitType>UNIT_WARMAGE</UnitType>
					<UnitMeshGroup>
						<EarlyArtDefineTag>ART_DEF_UNIT_WARMAGE_ALTMER</EarlyArtDefineTag>
					</UnitMeshGroup>
				</StyleUnit>
				<StyleUnit>
					<UnitType>UNIT_WORKER</UnitType>
					<UnitMeshGroup>
						<EarlyArtDefineTag>ART_DEF_UNIT_WORKER_ALTMER</EarlyArtDefineTag>
					</UnitMeshGroup>
				</StyleUnit>
				<StyleUnit>
					<UnitType>UNIT_SETTLER</UnitType>
					<UnitMeshGroup>
						<EarlyArtDefineTag>ART_DEF_UNIT_SETTLER_ALTMER</EarlyArtDefineTag>
					</UnitMeshGroup>
					<UnitMeshGroup>
						<EarlyArtDefineTag>ART_DEF_UNIT_SETTLER_2_ALTMER</EarlyArtDefineTag>
					</UnitMeshGroup>
				</StyleUnit>	
				<StyleUnit>
					<UnitType>UNIT_GREAT_GENERAL</UnitType>
					<UnitMeshGroup>
						<EarlyArtDefineTag>ART_DEF_UNIT_WARLORD_ALTMER</EarlyArtDefineTag>
					</UnitMeshGroup>
				</StyleUnit>
				<StyleUnit>
					<UnitType>UNIT_ARTIST</UnitType>
					<UnitMeshGroup>
						<EarlyArtDefineTag>ART_DEF_UNIT_ARTIST_ALTMER</EarlyArtDefineTag>
					</UnitMeshGroup>
				</StyleUnit>
				<StyleUnit>
					<UnitType>UNIT_SCIENTIST</UnitType>
					<UnitMeshGroup>
						<EarlyArtDefineTag>ART_DEF_UNIT_SCIENTIST_ALTMER</EarlyArtDefineTag>
					</UnitMeshGroup>
				</StyleUnit>
				<StyleUnit>
					<UnitType>UNIT_MERCHANT</UnitType>
					<UnitMeshGroup>
						<EarlyArtDefineTag>ART_DEF_UNIT_MERCHANT_ALTMER</EarlyArtDefineTag>
					</UnitMeshGroup>
				</StyleUnit>
				<StyleUnit>
					<UnitType>UNIT_ENGINEER</UnitType>
					<UnitMeshGroup>
						<EarlyArtDefineTag>ART_DEF_UNIT_ENGINEER_ALTMER</EarlyArtDefineTag>
					</UnitMeshGroup>
				</StyleUnit>
				<StyleUnit>
					<UnitType>UNIT_PROPHET</UnitType>
					<UnitMeshGroup>
						<EarlyArtDefineTag>ART_DEF_UNIT_PROPHET_ALTMER</EarlyArtDefineTag>
					</UnitMeshGroup>
				</StyleUnit>
				<StyleUnit>
					<UnitType>UNIT_GREAT_SPY</UnitType>
					<UnitMeshGroup>
						<EarlyArtDefineTag>ART_DEF_UNIT_ANCIENT_GREAT_SPY_ALTMER</EarlyArtDefineTag>
					</UnitMeshGroup>
				</StyleUnit>
				<StyleUnit>
					<UnitType>UNIT_CATAPULT</UnitType>
					<UnitMeshGroup>
						<EarlyArtDefineTag>ART_DEF_UNIT_FIRE_CATAPULT</EarlyArtDefineTag>
					</UnitMeshGroup>
				</StyleUnit>
				<StyleUnit>
					<UnitType>UNIT_GALLEY</UnitType>
					<UnitMeshGroup>
						<EarlyArtDefineTag>ART_DEF_UNIT_GALLEY_MER</EarlyArtDefineTag>
					</UnitMeshGroup>
				</StyleUnit>
				<StyleUnit>
					<UnitType>UNIT_TRIREME</UnitType>
					<UnitMeshGroup>
						<EarlyArtDefineTag>ART_DEF_UNIT_TRIREME_MER</EarlyArtDefineTag>
					</UnitMeshGroup>
				</StyleUnit>
				<StyleUnit>
					<UnitType>UNIT_CARAVEL</UnitType>
					<UnitMeshGroup>
						<EarlyArtDefineTag>ART_DEF_UNIT_CARAVEL_MER</EarlyArtDefineTag>
					</UnitMeshGroup>
				</StyleUnit>
				<StyleUnit>
					<UnitType>UNIT_GALLEON</UnitType>
					<UnitMeshGroup>
						<EarlyArtDefineTag>ART_DEF_UNIT_GALLEON_MER</EarlyArtDefineTag>
					</UnitMeshGroup>
				</StyleUnit>
				<StyleUnit>
					<UnitType>UNIT_HERO</UnitType>
					<UnitMeshGroup>
						<EarlyArtDefineTag>ART_DEF_UNIT_HERO_ALTMER</EarlyArtDefineTag>
					</UnitMeshGroup>
				</StyleUnit>
				<StyleUnit>
					<UnitType>UNIT_HERO2</UnitType>
					<UnitMeshGroup>
						<EarlyArtDefineTag>ART_DEF_UNIT_HERO_ALTMER</EarlyArtDefineTag>
					</UnitMeshGroup>
				</StyleUnit>
				<StyleUnit>
					<UnitType>UNIT_HERO3</UnitType>
					<UnitMeshGroup>
						<EarlyArtDefineTag>ART_DEF_UNIT_HERO_ALTMER</EarlyArtDefineTag>
					</UnitMeshGroup>
				</StyleUnit>
			</StyleUnits>
		</UnitArtStyleTypeInfo>
		<UnitArtStyleTypeInfo>
			<Type>UNIT_ARTSTYLE_AILEYD</Type>
			<StyleUnits>
				<StyleUnit>
					<UnitType>UNIT_SCOUT</UnitType>
					<UnitMeshGroup>
						<EarlyArtDefineTag>ART_DEF_UNIT_SCOUT_AILEYD</EarlyArtDefineTag>
					</UnitMeshGroup>
				</StyleUnit>
				<StyleUnit>
					<UnitType>UNIT_EXPLORER</UnitType>
					<UnitMeshGroup>
						<EarlyArtDefineTag>ART_DEF_UNIT_EXPLORER_AILEYD</EarlyArtDefineTag>
					</UnitMeshGroup>
				</StyleUnit>
				<StyleUnit>
					<UnitType>UNIT_WARRIOR</UnitType>
					<UnitMeshGroup>
						<EarlyArtDefineTag>ART_DEF_UNIT_WARRIOR_AILEYD</EarlyArtDefineTag>
					</UnitMeshGroup>
				</StyleUnit>
				<StyleUnit>
					<UnitType>UNIT_SPEARMAN</UnitType>
					<UnitMeshGroup>
						<EarlyArtDefineTag>ART_DEF_UNIT_SPEARMAN_AILEYD</EarlyArtDefineTag>
					</UnitMeshGroup>
				</StyleUnit>
				<StyleUnit>
					<UnitType>UNIT_SWORDSMAN</UnitType>
					<UnitMeshGroup>
						<EarlyArtDefineTag>ART_DEF_UNIT_SWORDSMAN_AILEYD</EarlyArtDefineTag>
					</UnitMeshGroup>
				</StyleUnit>
				<StyleUnit>
					<UnitType>UNIT_ARCHER</UnitType>
					<UnitMeshGroup>
						<EarlyArtDefineTag>ART_DEF_UNIT_ARCHER_AILEYD</EarlyArtDefineTag>
					</UnitMeshGroup>
				</StyleUnit>
				<StyleUnit>
					<UnitType>UNIT_HORSE_ARCHER</UnitType>
					<UnitMeshGroup>
						<EarlyArtDefineTag>ART_DEF_UNIT_HORSEMAN_AILEYD</EarlyArtDefineTag>
					</UnitMeshGroup>
				</StyleUnit>
				<StyleUnit>
					<UnitType>UNIT_LONGBOWMAN</UnitType>
					<UnitMeshGroup>
						<EarlyArtDefineTag>ART_DEF_UNIT_LONGBOWMAN_AILEYD</EarlyArtDefineTag>
					</UnitMeshGroup>
				</StyleUnit>
				<StyleUnit>
					<UnitType>UNIT_AXEMAN</UnitType>
					<UnitMeshGroup>
						<EarlyArtDefineTag>ART_DEF_UNIT_AXEMAN_AILEYD</EarlyArtDefineTag>
					</UnitMeshGroup>
				</StyleUnit>
				<StyleUnit>
					<UnitType>UNIT_CHARIOT</UnitType>
					<UnitMeshGroup>
						<EarlyArtDefineTag>ART_DEF_UNIT_CHARIOT_AILEYD</EarlyArtDefineTag>
					</UnitMeshGroup>
				</StyleUnit>
				<StyleUnit>
					<UnitType>UNIT_PIKEMAN</UnitType>
					<UnitMeshGroup>
						<EarlyArtDefineTag>ART_DEF_UNIT_PIKEMAN_AILEYD</EarlyArtDefineTag>
					</UnitMeshGroup>
				</StyleUnit>
				<StyleUnit>
					<UnitType>UNIT_MACEMAN</UnitType>
					<UnitMeshGroup>
						<EarlyArtDefineTag>ART_DEF_UNIT_MACEMAN_AILEYD</EarlyArtDefineTag>
					</UnitMeshGroup>
				</StyleUnit>
				<StyleUnit>
					<UnitType>UNIT_KNIGHT</UnitType>
					<UnitMeshGroup>
						<EarlyArtDefineTag>ART_DEF_UNIT_KNIGHT_AILEYD</EarlyArtDefineTag>
					</UnitMeshGroup>
				</StyleUnit>
				<StyleUnit>
					<UnitType>UNIT_CASTER</UnitType>
					<UnitMeshGroup>
						<EarlyArtDefineTag>ART_DEF_UNIT_CASTER_AILEYD</EarlyArtDefineTag>
					</UnitMeshGroup>
				</StyleUnit>
				<StyleUnit>
					<UnitType>UNIT_CONJURER</UnitType>
					<UnitMeshGroup>
						<EarlyArtDefineTag>ART_DEF_UNIT_CONJUNER_AILEYD</EarlyArtDefineTag>
					</UnitMeshGroup>
					<UnitMeshGroup>
						<EarlyArtDefineTag>ART_DEF_UNIT_ICE</EarlyArtDefineTag>
					</UnitMeshGroup>
					<UnitMeshGroup>
						<EarlyArtDefineTag>ART_DEF_UNIT_DEVOURER</EarlyArtDefineTag>
					</UnitMeshGroup>
					<UnitMeshGroup>
						<EarlyArtDefineTag>ART_DEF_UNIT_SKELETON_SWORDSMAN</EarlyArtDefineTag>
					</UnitMeshGroup>
				</StyleUnit>
				<StyleUnit>
					<UnitType>UNIT_MAGE</UnitType>
					<UnitMeshGroup>
						<EarlyArtDefineTag>ART_DEF_UNIT_FIREMAGE_AILEYD</EarlyArtDefineTag>
					</UnitMeshGroup>
				</StyleUnit>
				<StyleUnit>
					<UnitType>UNIT_WARMAGE</UnitType>
					<UnitMeshGroup>
						<EarlyArtDefineTag>ART_DEF_UNIT_WARMAGE_AILEYD</EarlyArtDefineTag>
					</UnitMeshGroup>
				</StyleUnit>
				<StyleUnit>
					<UnitType>UNIT_WORKER</UnitType>
					<UnitMeshGroup>
						<EarlyArtDefineTag>ART_DEF_UNIT_WORKER_AILEYD</EarlyArtDefineTag>
					</UnitMeshGroup>
				</StyleUnit>
				<StyleUnit>
					<UnitType>UNIT_SETTLER</UnitType>
					<UnitMeshGroup>
						<EarlyArtDefineTag>ART_DEF_UNIT_SETTLER_AILEYD</EarlyArtDefineTag>
					</UnitMeshGroup>
					<UnitMeshGroup>
						<EarlyArtDefineTag>ART_DEF_UNIT_SETTLER_2_AILEYD</EarlyArtDefineTag>
					</UnitMeshGroup>
				</StyleUnit>	
				<StyleUnit>
					<UnitType>UNIT_GREAT_GENERAL</UnitType>
					<UnitMeshGroup>
						<EarlyArtDefineTag>ART_DEF_UNIT_WARLORD_AILEYD</EarlyArtDefineTag>
					</UnitMeshGroup>
				</StyleUnit>
				<StyleUnit>
					<UnitType>UNIT_ARTIST</UnitType>
					<UnitMeshGroup>
						<EarlyArtDefineTag>ART_DEF_UNIT_ARTIST_AILEYD</EarlyArtDefineTag>
					</UnitMeshGroup>
				</StyleUnit>
				<StyleUnit>
					<UnitType>UNIT_SCIENTIST</UnitType>
					<UnitMeshGroup>
						<EarlyArtDefineTag>ART_DEF_UNIT_SCIENTIST_AILEYD</EarlyArtDefineTag>
					</UnitMeshGroup>
				</StyleUnit>
				<StyleUnit>
					<UnitType>UNIT_MERCHANT</UnitType>
					<UnitMeshGroup>
						<EarlyArtDefineTag>ART_DEF_UNIT_MERCHANT_AILEYD</EarlyArtDefineTag>
					</UnitMeshGroup>
				</StyleUnit>
				<StyleUnit>
					<UnitType>UNIT_ENGINEER</UnitType>
					<UnitMeshGroup>
						<EarlyArtDefineTag>ART_DEF_UNIT_ENGINEER_AILEYD</EarlyArtDefineTag>
					</UnitMeshGroup>
				</StyleUnit>
				<StyleUnit>
					<UnitType>UNIT_PROPHET</UnitType>
					<UnitMeshGroup>
						<EarlyArtDefineTag>ART_DEF_UNIT_PROPHET_AILEYD</EarlyArtDefineTag>
					</UnitMeshGroup>
				</StyleUnit>
				<StyleUnit>
					<UnitType>UNIT_GREAT_SPY</UnitType>
					<UnitMeshGroup>
						<EarlyArtDefineTag>ART_DEF_UNIT_ANCIENT_GREAT_SPY_AILEYD</EarlyArtDefineTag>
					</UnitMeshGroup>
				</StyleUnit>
				<StyleUnit>
					<UnitType>UNIT_CATAPULT</UnitType>
					<UnitMeshGroup>
						<EarlyArtDefineTag>ART_DEF_UNIT_FIRE_CATAPULT</EarlyArtDefineTag>
					</UnitMeshGroup>
				</StyleUnit>
				<StyleUnit>
					<UnitType>UNIT_GALLEY</UnitType>
					<UnitMeshGroup>
						<EarlyArtDefineTag>ART_DEF_UNIT_GALLEY_MER</EarlyArtDefineTag>
					</UnitMeshGroup>
				</StyleUnit>
				<StyleUnit>
					<UnitType>UNIT_TRIREME</UnitType>
					<UnitMeshGroup>
						<EarlyArtDefineTag>ART_DEF_UNIT_TRIREME_MER</EarlyArtDefineTag>
					</UnitMeshGroup>
				</StyleUnit>
				<StyleUnit>
					<UnitType>UNIT_CARAVEL</UnitType>
					<UnitMeshGroup>
						<EarlyArtDefineTag>ART_DEF_UNIT_CARAVEL_MER</EarlyArtDefineTag>
					</UnitMeshGroup>
				</StyleUnit>
				<StyleUnit>
					<UnitType>UNIT_GALLEON</UnitType>
					<UnitMeshGroup>
						<EarlyArtDefineTag>ART_DEF_UNIT_GALLEON_MER</EarlyArtDefineTag>
					</UnitMeshGroup>
				</StyleUnit>
				<StyleUnit>
					<UnitType>UNIT_HERO</UnitType>
					<UnitMeshGroup>
						<EarlyArtDefineTag>ART_DEF_UNIT_HERO_AYLEYD</EarlyArtDefineTag>
					</UnitMeshGroup>
				</StyleUnit>
				<StyleUnit>
					<UnitType>UNIT_HERO2</UnitType>
					<UnitMeshGroup>
						<EarlyArtDefineTag>ART_DEF_UNIT_HERO_AYLEYD</EarlyArtDefineTag>
					</UnitMeshGroup>
				</StyleUnit>
				<StyleUnit>
					<UnitType>UNIT_HERO3</UnitType>
					<UnitMeshGroup>
						<EarlyArtDefineTag>ART_DEF_UNIT_HERO_AYLEYD</EarlyArtDefineTag>
					</UnitMeshGroup>
				</StyleUnit>
			</StyleUnits>
		</UnitArtStyleTypeInfo>
		<UnitArtStyleTypeInfo>
			<Type>UNIT_ARTSTYLE_EUROPEAN</Type>
			<StyleUnits>
				<StyleUnit>
					<UnitType>UNIT_SCOUT</UnitType>
					<UnitMeshGroup>
						<EarlyArtDefineTag>ART_DEF_UNIT_SCOUT_BRETON</EarlyArtDefineTag>
					</UnitMeshGroup>
				</StyleUnit>
				<StyleUnit>
					<UnitType>UNIT_EXPLORER</UnitType>
					<UnitMeshGroup>
						<EarlyArtDefineTag>ART_DEF_UNIT_EXPLORER_BRETON</EarlyArtDefineTag>
					</UnitMeshGroup>
				</StyleUnit>
				<StyleUnit>
					<UnitType>UNIT_WARRIOR</UnitType>
					<UnitMeshGroup>
						<EarlyArtDefineTag>ART_DEF_UNIT_WARRIOR_BRETON</EarlyArtDefineTag>
					</UnitMeshGroup>
				</StyleUnit>
				<StyleUnit>
					<UnitType>UNIT_SPEARMAN</UnitType>
					<UnitMeshGroup>
						<EarlyArtDefineTag>ART_DEF_UNIT_SPEARMAN_BRETON</EarlyArtDefineTag>
					</UnitMeshGroup>
				</StyleUnit>
				<StyleUnit>
					<UnitType>UNIT_SWORDSMAN</UnitType>
					<UnitMeshGroup>
						<EarlyArtDefineTag>ART_DEF_UNIT_SWORDSMAN_BRETON</EarlyArtDefineTag>
					</UnitMeshGroup>
				</StyleUnit>
				<StyleUnit>
					<UnitType>UNIT_ARCHER</UnitType>
					<UnitMeshGroup>
						<EarlyArtDefineTag>ART_DEF_UNIT_ARCHER_BRETON</EarlyArtDefineTag>
					</UnitMeshGroup>
				</StyleUnit>
				<StyleUnit>
					<UnitType>UNIT_HORSE_ARCHER</UnitType>
					<UnitMeshGroup>
						<EarlyArtDefineTag>ART_DEF_UNIT_HORSEMAN_BRETON</EarlyArtDefineTag>
					</UnitMeshGroup>
				</StyleUnit>
				<StyleUnit>
					<UnitType>UNIT_LONGBOWMAN</UnitType>
					<UnitMeshGroup>
						<EarlyArtDefineTag>ART_DEF_UNIT_LONGBOWMAN_BRETON</EarlyArtDefineTag>
					</UnitMeshGroup>
				</StyleUnit>
				<StyleUnit>
					<UnitType>UNIT_AXEMAN</UnitType>
					<UnitMeshGroup>
						<EarlyArtDefineTag>ART_DEF_UNIT_AXEMAN_BRETON</EarlyArtDefineTag>
					</UnitMeshGroup>
				</StyleUnit>
				<StyleUnit>
					<UnitType>UNIT_CHARIOT</UnitType>
					<UnitMeshGroup>
						<EarlyArtDefineTag>ART_DEF_UNIT_CHARIOT_BRETON</EarlyArtDefineTag>
					</UnitMeshGroup>
				</StyleUnit>
				<StyleUnit>
					<UnitType>UNIT_PIKEMAN</UnitType>
					<UnitMeshGroup>
						<EarlyArtDefineTag>ART_DEF_UNIT_PIKEMAN_BRETON</EarlyArtDefineTag>
					</UnitMeshGroup>
				</StyleUnit>
				<StyleUnit>
					<UnitType>UNIT_MACEMAN</UnitType>
					<UnitMeshGroup>
						<EarlyArtDefineTag>ART_DEF_UNIT_MACEMAN_BRETON</EarlyArtDefineTag>
					</UnitMeshGroup>
				</StyleUnit>
				<StyleUnit>
					<UnitType>UNIT_KNIGHT</UnitType>
					<UnitMeshGroup>
						<EarlyArtDefineTag>ART_DEF_UNIT_KNIGHT_BRETON</EarlyArtDefineTag>
					</UnitMeshGroup>
				</StyleUnit>
				<StyleUnit>
					<UnitType>UNIT_CASTER</UnitType>
					<UnitMeshGroup>
						<EarlyArtDefineTag>ART_DEF_UNIT_CASTER_BRETON</EarlyArtDefineTag>
					</UnitMeshGroup>
				</StyleUnit>
				<StyleUnit>
					<UnitType>UNIT_CONJURER</UnitType>
					<UnitMeshGroup>
						<EarlyArtDefineTag>ART_DEF_UNIT_CONJUNER_BRETON</EarlyArtDefineTag>
					</UnitMeshGroup>
					<UnitMeshGroup>
						<EarlyArtDefineTag>ART_DEF_UNIT_ICE</EarlyArtDefineTag>
					</UnitMeshGroup>
					<UnitMeshGroup>
						<EarlyArtDefineTag>ART_DEF_UNIT_DEVOURER</EarlyArtDefineTag>
					</UnitMeshGroup>
					<UnitMeshGroup>
						<EarlyArtDefineTag>ART_DEF_UNIT_SKELETON_SWORDSMAN</EarlyArtDefineTag>
					</UnitMeshGroup>
				</StyleUnit>
				<StyleUnit>
					<UnitType>UNIT_MAGE</UnitType>
					<UnitMeshGroup>
						<EarlyArtDefineTag>ART_DEF_UNIT_FIREMAGE_BRETON</EarlyArtDefineTag>
					</UnitMeshGroup>
				</StyleUnit>
				<StyleUnit>
					<UnitType>UNIT_WARMAGE</UnitType>
					<UnitMeshGroup>
						<EarlyArtDefineTag>ART_DEF_UNIT_WARMAGE_BRETON</EarlyArtDefineTag>
					</UnitMeshGroup>
				</StyleUnit>
				<StyleUnit>
					<UnitType>UNIT_WORKER</UnitType>
					<UnitMeshGroup>
						<EarlyArtDefineTag>ART_DEF_UNIT_WORKER_BRETON</EarlyArtDefineTag>
					</UnitMeshGroup>
				</StyleUnit>
				<StyleUnit>
					<UnitType>UNIT_SETTLER</UnitType>
					<UnitMeshGroup>
						<EarlyArtDefineTag>ART_DEF_UNIT_SETTLER_BRETON</EarlyArtDefineTag>
					</UnitMeshGroup>
					<UnitMeshGroup>
						<EarlyArtDefineTag>ART_DEF_UNIT_SETTLER_2_BRETON</EarlyArtDefineTag>
					</UnitMeshGroup>
				</StyleUnit>	
				<StyleUnit>
					<UnitType>UNIT_GREAT_GENERAL</UnitType>
					<UnitMeshGroup>
						<EarlyArtDefineTag>ART_DEF_UNIT_WARLORD_BRETON</EarlyArtDefineTag>
					</UnitMeshGroup>
				</StyleUnit>
				<StyleUnit>
					<UnitType>UNIT_ENGINEER</UnitType>
					<UnitMeshGroup>
						<EarlyArtDefineTag>ART_DEF_UNIT_ENGINEER_BRETON</EarlyArtDefineTag>
					</UnitMeshGroup>
				</StyleUnit>
				<StyleUnit>
					<UnitType>UNIT_GREAT_SPY</UnitType>
					<UnitMeshGroup>
						<EarlyArtDefineTag>ART_DEF_UNIT_ANCIENT_GREAT_SPY_BRETON</EarlyArtDefineTag>
					</UnitMeshGroup>
				</StyleUnit>
				<StyleUnit>
					<UnitType>UNIT_GALLEY</UnitType>
					<UnitMeshGroup>
						<EarlyArtDefineTag>ART_DEF_UNIT_GALLEY_HUMAN</EarlyArtDefineTag>
					</UnitMeshGroup>
				</StyleUnit>
				<StyleUnit>
					<UnitType>UNIT_TRIREME</UnitType>
					<UnitMeshGroup>
						<EarlyArtDefineTag>ART_DEF_UNIT_TRIREME_HUMAN</EarlyArtDefineTag>
					</UnitMeshGroup>
				</StyleUnit>
				<StyleUnit>
					<UnitType>UNIT_CARAVEL</UnitType>
					<UnitMeshGroup>
						<EarlyArtDefineTag>ART_DEF_UNIT_CARAVEL_HUMAN</EarlyArtDefineTag>
					</UnitMeshGroup>
				</StyleUnit>
				<StyleUnit>
					<UnitType>UNIT_GALLEON</UnitType>
					<UnitMeshGroup>
						<EarlyArtDefineTag>ART_DEF_UNIT_GALLEON_HUMAN</EarlyArtDefineTag>
					</UnitMeshGroup>
				</StyleUnit>
				<StyleUnit>
					<UnitType>UNIT_HERO</UnitType>
					<UnitMeshGroup>
						<EarlyArtDefineTag>ART_DEF_UNIT_HERO_DAGGERFALL</EarlyArtDefineTag>
					</UnitMeshGroup>
				</StyleUnit>
				<StyleUnit>
					<UnitType>UNIT_HERO2</UnitType>
					<UnitMeshGroup>
						<EarlyArtDefineTag>ART_DEF_UNIT_HERO_DAGGERFALL</EarlyArtDefineTag>
					</UnitMeshGroup>
				</StyleUnit>
				<StyleUnit>
					<UnitType>UNIT_HERO3</UnitType>
					<UnitMeshGroup>
						<EarlyArtDefineTag>ART_DEF_UNIT_HERO_DAGGERFALL</EarlyArtDefineTag>
					</UnitMeshGroup>
				</StyleUnit>
			</StyleUnits>
		</UnitArtStyleTypeInfo>
		<UnitArtStyleTypeInfo>
			<Type>UNIT_ARTSTYLE_NORD</Type>
			<StyleUnits>
				<StyleUnit>
					<UnitType>UNIT_SCOUT</UnitType>
					<UnitMeshGroup>
						<EarlyArtDefineTag>ART_DEF_UNIT_SCOUT_SKYRIM</EarlyArtDefineTag>
					</UnitMeshGroup>
				</StyleUnit>
				<StyleUnit>
					<UnitType>UNIT_EXPLORER</UnitType>
					<UnitMeshGroup>
						<EarlyArtDefineTag>ART_DEF_UNIT_EXPLORER_SKYRIM</EarlyArtDefineTag>
					</UnitMeshGroup>
				</StyleUnit>
				<StyleUnit>
					<UnitType>UNIT_WARRIOR</UnitType>
					<UnitMeshGroup>
						<EarlyArtDefineTag>ART_DEF_UNIT_WARRIOR_SKYRIM</EarlyArtDefineTag>
					</UnitMeshGroup>
				</StyleUnit>
				<StyleUnit>
					<UnitType>UNIT_SPEARMAN</UnitType>
					<UnitMeshGroup>
						<EarlyArtDefineTag>ART_DEF_UNIT_SPEARMAN_SKYRIM</EarlyArtDefineTag>
					</UnitMeshGroup>
				</StyleUnit>
				<StyleUnit>
					<UnitType>UNIT_SWORDSMAN</UnitType>
					<UnitMeshGroup>
						<EarlyArtDefineTag>ART_DEF_UNIT_SWORDSMAN_SKYRIM</EarlyArtDefineTag>
					</UnitMeshGroup>
				</StyleUnit>
				<StyleUnit>
					<UnitType>UNIT_ARCHER</UnitType>
					<UnitMeshGroup>
						<EarlyArtDefineTag>ART_DEF_UNIT_ARCHER_SKYRIM</EarlyArtDefineTag>
					</UnitMeshGroup>
				</StyleUnit>
				<StyleUnit>
					<UnitType>UNIT_HORSE_ARCHER</UnitType>
					<UnitMeshGroup>
						<EarlyArtDefineTag>ART_DEF_UNIT_HORSEMAN_SKYRIM</EarlyArtDefineTag>
					</UnitMeshGroup>
				</StyleUnit>
				<StyleUnit>
					<UnitType>UNIT_LONGBOWMAN</UnitType>
					<UnitMeshGroup>
						<EarlyArtDefineTag>ART_DEF_UNIT_LONGBOWMAN_SKYRIM</EarlyArtDefineTag>
					</UnitMeshGroup>
				</StyleUnit>
				<StyleUnit>
					<UnitType>UNIT_AXEMAN</UnitType>
					<UnitMeshGroup>
						<EarlyArtDefineTag>ART_DEF_UNIT_AXEMAN_SKYRIM</EarlyArtDefineTag>
					</UnitMeshGroup>
				</StyleUnit>
				<StyleUnit>
					<UnitType>UNIT_CHARIOT</UnitType>
					<UnitMeshGroup>
						<EarlyArtDefineTag>ART_DEF_UNIT_CHARIOT_SKYRIM</EarlyArtDefineTag>
					</UnitMeshGroup>
				</StyleUnit>
				<StyleUnit>
					<UnitType>UNIT_PIKEMAN</UnitType>
					<UnitMeshGroup>
						<EarlyArtDefineTag>ART_DEF_UNIT_PIKEMAN_SKYRIM</EarlyArtDefineTag>
					</UnitMeshGroup>
				</StyleUnit>
				<StyleUnit>
					<UnitType>UNIT_MACEMAN</UnitType>
					<UnitMeshGroup>
						<EarlyArtDefineTag>ART_DEF_UNIT_MACEMAN_SKYRIM</EarlyArtDefineTag>
					</UnitMeshGroup>
				</StyleUnit>
				<StyleUnit>
					<UnitType>UNIT_KNIGHT</UnitType>
					<UnitMeshGroup>
						<EarlyArtDefineTag>ART_DEF_UNIT_KNIGHT_SKYRIM</EarlyArtDefineTag>
					</UnitMeshGroup>
				</StyleUnit>
				<StyleUnit>
					<UnitType>UNIT_CASTER</UnitType>
					<UnitMeshGroup>
						<EarlyArtDefineTag>ART_DEF_UNIT_CASTER_SKYRIM</EarlyArtDefineTag>
					</UnitMeshGroup>
				</StyleUnit>
				<StyleUnit>
					<UnitType>UNIT_CONJURER</UnitType>
					<UnitMeshGroup>
						<EarlyArtDefineTag>ART_DEF_UNIT_CONJUNER_SKYRIM</EarlyArtDefineTag>
					</UnitMeshGroup>
					<UnitMeshGroup>
						<EarlyArtDefineTag>ART_DEF_UNIT_ICE</EarlyArtDefineTag>
					</UnitMeshGroup>
					<UnitMeshGroup>
						<EarlyArtDefineTag>ART_DEF_UNIT_DEVOURER</EarlyArtDefineTag>
					</UnitMeshGroup>
					<UnitMeshGroup>
						<EarlyArtDefineTag>ART_DEF_UNIT_SKELETON_SWORDSMAN</EarlyArtDefineTag>
					</UnitMeshGroup>
				</StyleUnit>
				<StyleUnit>
					<UnitType>UNIT_MAGE</UnitType>
					<UnitMeshGroup>
						<EarlyArtDefineTag>ART_DEF_UNIT_FIREMAGE_SKYRIM</EarlyArtDefineTag>
					</UnitMeshGroup>
				</StyleUnit>
				<StyleUnit>
					<UnitType>UNIT_WARMAGE</UnitType>
					<UnitMeshGroup>
						<EarlyArtDefineTag>ART_DEF_UNIT_WARMAGE_SKYRIM</EarlyArtDefineTag>
					</UnitMeshGroup>
				</StyleUnit>
				<StyleUnit>
					<UnitType>UNIT_WORKER</UnitType>
					<UnitMeshGroup>
						<EarlyArtDefineTag>ART_DEF_UNIT_WORKER_SKYRIM</EarlyArtDefineTag>
					</UnitMeshGroup>
				</StyleUnit>
				<StyleUnit>
					<UnitType>UNIT_SETTLER</UnitType>
					<UnitMeshGroup>
						<EarlyArtDefineTag>ART_DEF_UNIT_SETTLER_SKYRIM</EarlyArtDefineTag>
					</UnitMeshGroup>
					<UnitMeshGroup>
						<EarlyArtDefineTag>ART_DEF_UNIT_SETTLER_2_SKYRIM</EarlyArtDefineTag>
					</UnitMeshGroup>
				</StyleUnit>	
				<StyleUnit>
					<UnitType>UNIT_GREAT_GENERAL</UnitType>
					<UnitMeshGroup>
						<EarlyArtDefineTag>ART_DEF_UNIT_WARLORD_SKYRIM</EarlyArtDefineTag>
					</UnitMeshGroup>
				</StyleUnit>
				<StyleUnit>
					<UnitType>UNIT_ARTIST</UnitType>
					<UnitMeshGroup>
						<EarlyArtDefineTag>ART_DEF_UNIT_ARTIST_SKYRIM</EarlyArtDefineTag>
					</UnitMeshGroup>
				</StyleUnit>
				<StyleUnit>
					<UnitType>UNIT_SCIENTIST</UnitType>
					<UnitMeshGroup>
						<EarlyArtDefineTag>ART_DEF_UNIT_SCIENTIST_SKYRIM</EarlyArtDefineTag>
					</UnitMeshGroup>
				</StyleUnit>
				<StyleUnit>
					<UnitType>UNIT_MERCHANT</UnitType>
					<UnitMeshGroup>
						<EarlyArtDefineTag>ART_DEF_UNIT_MERCHANT_SKYRIM</EarlyArtDefineTag>
					</UnitMeshGroup>
				</StyleUnit>
				<StyleUnit>
					<UnitType>UNIT_ENGINEER</UnitType>
					<UnitMeshGroup>
						<EarlyArtDefineTag>ART_DEF_UNIT_ENGINEER_SKYRIM</EarlyArtDefineTag>
					</UnitMeshGroup>
				</StyleUnit>
				<StyleUnit>
					<UnitType>UNIT_GREAT_SPY</UnitType>
					<UnitMeshGroup>
						<EarlyArtDefineTag>ART_DEF_UNIT_ANCIENT_GREAT_SPY_SKYRIM</EarlyArtDefineTag>
					</UnitMeshGroup>
				</StyleUnit>
				<StyleUnit>
					<UnitType>UNIT_GALLEY</UnitType>
					<UnitMeshGroup>
						<EarlyArtDefineTag>ART_DEF_UNIT_GALLEY_HUMAN</EarlyArtDefineTag>
					</UnitMeshGroup>
				</StyleUnit>
				<StyleUnit>
					<UnitType>UNIT_TRIREME</UnitType>
					<UnitMeshGroup>
						<EarlyArtDefineTag>ART_DEF_UNIT_TRIREME_HUMAN</EarlyArtDefineTag>
					</UnitMeshGroup>
				</StyleUnit>
				<StyleUnit>
					<UnitType>UNIT_CARAVEL</UnitType>
					<UnitMeshGroup>
						<EarlyArtDefineTag>ART_DEF_UNIT_CARAVEL_HUMAN</EarlyArtDefineTag>
					</UnitMeshGroup>
				</StyleUnit>
				<StyleUnit>
					<UnitType>UNIT_GALLEON</UnitType>
					<UnitMeshGroup>
						<EarlyArtDefineTag>ART_DEF_UNIT_GALLEON_HUMAN</EarlyArtDefineTag>
					</UnitMeshGroup>
				</StyleUnit>
				<StyleUnit>
					<UnitType>UNIT_HERO</UnitType>
					<UnitMeshGroup>
						<EarlyArtDefineTag>ART_DEF_UNIT_HERO_SKYRIM</EarlyArtDefineTag>
					</UnitMeshGroup>
				</StyleUnit>
				<StyleUnit>
					<UnitType>UNIT_HERO2</UnitType>
					<UnitMeshGroup>
						<EarlyArtDefineTag>ART_DEF_UNIT_HERO_SKYRIM</EarlyArtDefineTag>
					</UnitMeshGroup>
				</StyleUnit>
				<StyleUnit>
					<UnitType>UNIT_HERO3</UnitType>
					<UnitMeshGroup>
						<EarlyArtDefineTag>ART_DEF_UNIT_HERO_SKYRIM</EarlyArtDefineTag>
					</UnitMeshGroup>
				</StyleUnit>
			</StyleUnits>
		</UnitArtStyleTypeInfo>
		<UnitArtStyleTypeInfo>
			<Type>UNIT_ARTSTYLE_IMPERIAL</Type>
			<StyleUnits>
				<StyleUnit>
					<UnitType>UNIT_SCOUT</UnitType>
					<UnitMeshGroup>
						<EarlyArtDefineTag>ART_DEF_UNIT_SCOUT_IMPERIAL</EarlyArtDefineTag>
					</UnitMeshGroup>
				</StyleUnit>
				<StyleUnit>
					<UnitType>UNIT_EXPLORER</UnitType>
					<UnitMeshGroup>
						<EarlyArtDefineTag>ART_DEF_UNIT_EXPLORER_IMPERIAL</EarlyArtDefineTag>
					</UnitMeshGroup>
				</StyleUnit>
				<StyleUnit>
					<UnitType>UNIT_WARRIOR</UnitType>
					<UnitMeshGroup>
						<EarlyArtDefineTag>ART_DEF_UNIT_WARRIOR_IMPERIAL</EarlyArtDefineTag>
					</UnitMeshGroup>
				</StyleUnit>
				<StyleUnit>
					<UnitType>UNIT_SPEARMAN</UnitType>
					<UnitMeshGroup>
						<EarlyArtDefineTag>ART_DEF_UNIT_SPEARMAN_IMPERIAL</EarlyArtDefineTag>
					</UnitMeshGroup>
				</StyleUnit>
				<StyleUnit>
					<UnitType>UNIT_SWORDSMAN</UnitType>
					<UnitMeshGroup>
						<EarlyArtDefineTag>ART_DEF_UNIT_SWORDSMAN_IMPERIAL</EarlyArtDefineTag>
					</UnitMeshGroup>
				</StyleUnit>
				<StyleUnit>
					<UnitType>UNIT_ARCHER</UnitType>
					<UnitMeshGroup>
						<EarlyArtDefineTag>ART_DEF_UNIT_ARCHER_IMPERIAL</EarlyArtDefineTag>
					</UnitMeshGroup>
				</StyleUnit>
				<StyleUnit>
					<UnitType>UNIT_HORSE_ARCHER</UnitType>
					<UnitMeshGroup>
						<EarlyArtDefineTag>ART_DEF_UNIT_HORSEMAN_IMPERIAL</EarlyArtDefineTag>
					</UnitMeshGroup>
				</StyleUnit>
				<StyleUnit>
					<UnitType>UNIT_LONGBOWMAN</UnitType>
					<UnitMeshGroup>
						<EarlyArtDefineTag>ART_DEF_UNIT_LONGBOWMAN_IMPERIAL</EarlyArtDefineTag>
					</UnitMeshGroup>
				</StyleUnit>
				<StyleUnit>
					<UnitType>UNIT_AXEMAN</UnitType>
					<UnitMeshGroup>
						<EarlyArtDefineTag>ART_DEF_UNIT_AXEMAN_IMPERIAL</EarlyArtDefineTag>
					</UnitMeshGroup>
				</StyleUnit>
				<StyleUnit>
					<UnitType>UNIT_CHARIOT</UnitType>
					<UnitMeshGroup>
						<EarlyArtDefineTag>ART_DEF_UNIT_CHARIOT_IMPERIAL</EarlyArtDefineTag>
					</UnitMeshGroup>
				</StyleUnit>
				<StyleUnit>
					<UnitType>UNIT_PIKEMAN</UnitType>
					<UnitMeshGroup>
						<EarlyArtDefineTag>ART_DEF_UNIT_PIKEMAN_IMPERIAL</EarlyArtDefineTag>
					</UnitMeshGroup>
				</StyleUnit>
				<StyleUnit>
					<UnitType>UNIT_MACEMAN</UnitType>
					<UnitMeshGroup>
						<EarlyArtDefineTag>ART_DEF_UNIT_MACEMAN_IMPERIAL</EarlyArtDefineTag>
					</UnitMeshGroup>
				</StyleUnit>
				<StyleUnit>
					<UnitType>UNIT_KNIGHT</UnitType>
					<UnitMeshGroup>
						<EarlyArtDefineTag>ART_DEF_UNIT_KNIGHT_IMPERIAL</EarlyArtDefineTag>
					</UnitMeshGroup>
				</StyleUnit>
				<StyleUnit>
					<UnitType>UNIT_CASTER</UnitType>
					<UnitMeshGroup>
						<EarlyArtDefineTag>ART_DEF_UNIT_CASTER_IMPERIAL</EarlyArtDefineTag>
					</UnitMeshGroup>
				</StyleUnit>
				<StyleUnit>
					<UnitType>UNIT_CONJURER</UnitType>
					<UnitMeshGroup>
						<EarlyArtDefineTag>ART_DEF_UNIT_CONJUNER_IMPERIAL</EarlyArtDefineTag>
					</UnitMeshGroup>
					<UnitMeshGroup>
						<EarlyArtDefineTag>ART_DEF_UNIT_ICE</EarlyArtDefineTag>
					</UnitMeshGroup>
					<UnitMeshGroup>
						<EarlyArtDefineTag>ART_DEF_UNIT_DEVOURER</EarlyArtDefineTag>
					</UnitMeshGroup>
					<UnitMeshGroup>
						<EarlyArtDefineTag>ART_DEF_UNIT_SKELETON_SWORDSMAN</EarlyArtDefineTag>
					</UnitMeshGroup>
				</StyleUnit>
				<StyleUnit>
					<UnitType>UNIT_MAGE</UnitType>
					<UnitMeshGroup>
						<EarlyArtDefineTag>ART_DEF_UNIT_FIREMAGE_IMPERIAL</EarlyArtDefineTag>
					</UnitMeshGroup>
				</StyleUnit>
				<StyleUnit>
					<UnitType>UNIT_WARMAGE</UnitType>
					<UnitMeshGroup>
						<EarlyArtDefineTag>ART_DEF_UNIT_WARMAGE_IMPERIAL</EarlyArtDefineTag>
					</UnitMeshGroup>
				</StyleUnit>
				<StyleUnit>
					<UnitType>UNIT_WORKER</UnitType>
					<UnitMeshGroup>
						<EarlyArtDefineTag>ART_DEF_UNIT_WORKER_IMPERIAL</EarlyArtDefineTag>
					</UnitMeshGroup>
				</StyleUnit>
				<StyleUnit>
					<UnitType>UNIT_SETTLER</UnitType>
					<UnitMeshGroup>
						<EarlyArtDefineTag>ART_DEF_UNIT_SETTLER_IMPERIAL</EarlyArtDefineTag>
					</UnitMeshGroup>
					<UnitMeshGroup>
						<EarlyArtDefineTag>ART_DEF_UNIT_SETTLER_2_IMPERIAL</EarlyArtDefineTag>
					</UnitMeshGroup>
				</StyleUnit>	
				<StyleUnit>
					<UnitType>UNIT_GREAT_GENERAL</UnitType>
					<UnitMeshGroup>
						<EarlyArtDefineTag>ART_DEF_UNIT_WARLORD_IMPERIAL</EarlyArtDefineTag>
					</UnitMeshGroup>
				</StyleUnit>
				<StyleUnit>
					<UnitType>UNIT_ENGINEER</UnitType>
					<UnitMeshGroup>
						<EarlyArtDefineTag>ART_DEF_UNIT_ENGINEER_BRETON</EarlyArtDefineTag>
					</UnitMeshGroup>
				</StyleUnit>
				<StyleUnit>
					<UnitType>UNIT_GREAT_SPY</UnitType>
					<UnitMeshGroup>
						<EarlyArtDefineTag>ART_DEF_UNIT_ANCIENT_GREAT_SPY_BRETON</EarlyArtDefineTag>
					</UnitMeshGroup>
				</StyleUnit>
				<StyleUnit>
					<UnitType>UNIT_ARTIST</UnitType>
					<UnitMeshGroup>
						<EarlyArtDefineTag>ART_DEF_UNIT_ARTIST_IMPERIAL</EarlyArtDefineTag>
					</UnitMeshGroup>
				</StyleUnit>
				<StyleUnit>
					<UnitType>UNIT_SCIENTIST</UnitType>
					<UnitMeshGroup>
						<EarlyArtDefineTag>ART_DEF_UNIT_SCIENTIST_IMPERIAL</EarlyArtDefineTag>
					</UnitMeshGroup>
				</StyleUnit>
				<StyleUnit>
					<UnitType>UNIT_PROPHET</UnitType>
					<UnitMeshGroup>
						<EarlyArtDefineTag>ART_DEF_UNIT_PROPHET_IMPERIAL</EarlyArtDefineTag>
					</UnitMeshGroup>
				</StyleUnit>
				<StyleUnit>
					<UnitType>UNIT_GALLEY</UnitType>
					<UnitMeshGroup>
						<EarlyArtDefineTag>ART_DEF_UNIT_GALLEY_HUMAN</EarlyArtDefineTag>
					</UnitMeshGroup>
				</StyleUnit>
				<StyleUnit>
					<UnitType>UNIT_TRIREME</UnitType>
					<UnitMeshGroup>
						<EarlyArtDefineTag>ART_DEF_UNIT_TRIREME_HUMAN</EarlyArtDefineTag>
					</UnitMeshGroup>
				</StyleUnit>
				<StyleUnit>
					<UnitType>UNIT_CARAVEL</UnitType>
					<UnitMeshGroup>
						<EarlyArtDefineTag>ART_DEF_UNIT_CARAVEL_HUMAN</EarlyArtDefineTag>
					</UnitMeshGroup>
				</StyleUnit>
				<StyleUnit>
					<UnitType>UNIT_GALLEON</UnitType>
					<UnitMeshGroup>
						<EarlyArtDefineTag>ART_DEF_UNIT_GALLEON_HUMAN</EarlyArtDefineTag>
					</UnitMeshGroup>
				</StyleUnit>
				<StyleUnit>
					<UnitType>UNIT_HERO</UnitType>
					<UnitMeshGroup>
						<EarlyArtDefineTag>ART_DEF_UNIT_HERO_CYRODIL</EarlyArtDefineTag>
					</UnitMeshGroup>
				</StyleUnit>
				<StyleUnit>
					<UnitType>UNIT_HERO2</UnitType>
					<UnitMeshGroup>
						<EarlyArtDefineTag>ART_DEF_UNIT_HERO_CYRODIL</EarlyArtDefineTag>
					</UnitMeshGroup>
				</StyleUnit>
				<StyleUnit>
					<UnitType>UNIT_HERO3</UnitType>
					<UnitMeshGroup>
						<EarlyArtDefineTag>ART_DEF_UNIT_HERO_CYRODIL</EarlyArtDefineTag>
					</UnitMeshGroup>
				</StyleUnit>
			</StyleUnits>
		</UnitArtStyleTypeInfo>
		<UnitArtStyleTypeInfo>
			<Type>UNIT_ARTSTYLE_DUNMER</Type>
			<StyleUnits>
				<StyleUnit>
					<UnitType>UNIT_SCOUT</UnitType>
					<UnitMeshGroup>
						<EarlyArtDefineTag>ART_DEF_UNIT_SCOUT_DUNMER</EarlyArtDefineTag>
					</UnitMeshGroup>
				</StyleUnit>
				<StyleUnit>
					<UnitType>UNIT_EXPLORER</UnitType>
					<UnitMeshGroup>
						<EarlyArtDefineTag>ART_DEF_UNIT_EXPLORER_DUNMER</EarlyArtDefineTag>
					</UnitMeshGroup>
				</StyleUnit>
				<StyleUnit>
					<UnitType>UNIT_WARRIOR</UnitType>
					<UnitMeshGroup>
						<EarlyArtDefineTag>ART_DEF_UNIT_WARRIOR_DUNMER</EarlyArtDefineTag>
					</UnitMeshGroup>
				</StyleUnit>
				<StyleUnit>
					<UnitType>UNIT_SPEARMAN</UnitType>
					<UnitMeshGroup>
						<EarlyArtDefineTag>ART_DEF_UNIT_SPEARMAN_DUNMER</EarlyArtDefineTag>
					</UnitMeshGroup>
				</StyleUnit>
				<StyleUnit>
					<UnitType>UNIT_SWORDSMAN</UnitType>
					<UnitMeshGroup>
						<EarlyArtDefineTag>ART_DEF_UNIT_SWORDSMAN_DUNMER</EarlyArtDefineTag>
					</UnitMeshGroup>
				</StyleUnit>
				<StyleUnit>
					<UnitType>UNIT_ARCHER</UnitType>
					<UnitMeshGroup>
						<EarlyArtDefineTag>ART_DEF_UNIT_ARCHER_DUNMER</EarlyArtDefineTag>
					</UnitMeshGroup>
				</StyleUnit>
				<StyleUnit>
					<UnitType>UNIT_HORSE_ARCHER</UnitType>
					<UnitMeshGroup>
						<EarlyArtDefineTag>ART_DEF_UNIT_HORSEMAN_DUNMER</EarlyArtDefineTag>
					</UnitMeshGroup>
				</StyleUnit>
				<StyleUnit>
					<UnitType>UNIT_LONGBOWMAN</UnitType>
					<UnitMeshGroup>
						<EarlyArtDefineTag>ART_DEF_UNIT_LONGBOWMAN_DUNMER</EarlyArtDefineTag>
					</UnitMeshGroup>
				</StyleUnit>
				<StyleUnit>
					<UnitType>UNIT_AXEMAN</UnitType>
					<UnitMeshGroup>
						<EarlyArtDefineTag>ART_DEF_UNIT_AXEMAN_DUNMER</EarlyArtDefineTag>
					</UnitMeshGroup>
				</StyleUnit>
				<StyleUnit>
					<UnitType>UNIT_CHARIOT</UnitType>
					<UnitMeshGroup>
						<EarlyArtDefineTag>ART_DEF_UNIT_CHARIOT_DUNMER</EarlyArtDefineTag>
					</UnitMeshGroup>
				</StyleUnit>
				<StyleUnit>
					<UnitType>UNIT_PIKEMAN</UnitType>
					<UnitMeshGroup>
						<EarlyArtDefineTag>ART_DEF_UNIT_PIKEMAN_DUNMER</EarlyArtDefineTag>
					</UnitMeshGroup>
				</StyleUnit>
				<StyleUnit>
					<UnitType>UNIT_MACEMAN</UnitType>
					<UnitMeshGroup>
						<EarlyArtDefineTag>ART_DEF_UNIT_MACEMAN_DUNMER</EarlyArtDefineTag>
					</UnitMeshGroup>
				</StyleUnit>
				<StyleUnit>
					<UnitType>UNIT_KNIGHT</UnitType>
					<UnitMeshGroup>
						<EarlyArtDefineTag>ART_DEF_UNIT_KNIGHT_DUNMER</EarlyArtDefineTag>
					</UnitMeshGroup>
				</StyleUnit>
				<StyleUnit>
					<UnitType>UNIT_CASTER</UnitType>
					<UnitMeshGroup>
						<EarlyArtDefineTag>ART_DEF_UNIT_CASTER_DUNMER</EarlyArtDefineTag>
					</UnitMeshGroup>
				</StyleUnit>
				<StyleUnit>
					<UnitType>UNIT_CONJURER</UnitType>
					<UnitMeshGroup>
						<EarlyArtDefineTag>ART_DEF_UNIT_CONJUNER_DUNMER</EarlyArtDefineTag>
					</UnitMeshGroup>
					<UnitMeshGroup>
						<EarlyArtDefineTag>ART_DEF_UNIT_ICE</EarlyArtDefineTag>
					</UnitMeshGroup>
					<UnitMeshGroup>
						<EarlyArtDefineTag>ART_DEF_UNIT_DEVOURER</EarlyArtDefineTag>
					</UnitMeshGroup>
					<UnitMeshGroup>
						<EarlyArtDefineTag>ART_DEF_UNIT_SKELETON_SWORDSMAN</EarlyArtDefineTag>
					</UnitMeshGroup>
				</StyleUnit>
				<StyleUnit>
					<UnitType>UNIT_MAGE</UnitType>
					<UnitMeshGroup>
						<EarlyArtDefineTag>ART_DEF_UNIT_FIREMAGE_DUNMER</EarlyArtDefineTag>
					</UnitMeshGroup>
				</StyleUnit>
				<StyleUnit>
					<UnitType>UNIT_WARMAGE</UnitType>
					<UnitMeshGroup>
						<EarlyArtDefineTag>ART_DEF_UNIT_WARMAGE_DUNMER</EarlyArtDefineTag>
					</UnitMeshGroup>
				</StyleUnit>
				<StyleUnit>
					<UnitType>UNIT_WORKER</UnitType>
					<UnitMeshGroup>
						<EarlyArtDefineTag>ART_DEF_UNIT_WORKER_DUNMER</EarlyArtDefineTag>
					</UnitMeshGroup>
				</StyleUnit>
				<StyleUnit>
					<UnitType>UNIT_SETTLER</UnitType>
					<UnitMeshGroup>
						<EarlyArtDefineTag>ART_DEF_UNIT_SETTLER_DUNMER</EarlyArtDefineTag>
					</UnitMeshGroup>
					<UnitMeshGroup>
						<EarlyArtDefineTag>ART_DEF_UNIT_SETTLER_2_DUNMER</EarlyArtDefineTag>
					</UnitMeshGroup>
				</StyleUnit>	
				<StyleUnit>
					<UnitType>UNIT_GREAT_GENERAL</UnitType>
					<UnitMeshGroup>
						<EarlyArtDefineTag>ART_DEF_UNIT_WARLORD_DUNMER</EarlyArtDefineTag>
					</UnitMeshGroup>
				</StyleUnit>
				<StyleUnit>
					<UnitType>UNIT_ARTIST</UnitType>
					<UnitMeshGroup>
						<EarlyArtDefineTag>ART_DEF_UNIT_ARTIST_DUNMER</EarlyArtDefineTag>
					</UnitMeshGroup>
				</StyleUnit>
				<StyleUnit>
					<UnitType>UNIT_SCIENTIST</UnitType>
					<UnitMeshGroup>
						<EarlyArtDefineTag>ART_DEF_UNIT_SCIENTIST_DUNMER</EarlyArtDefineTag>
					</UnitMeshGroup>
				</StyleUnit>
				<StyleUnit>
					<UnitType>UNIT_MERCHANT</UnitType>
					<UnitMeshGroup>
						<EarlyArtDefineTag>ART_DEF_UNIT_MERCHANT_DUNMER</EarlyArtDefineTag>
					</UnitMeshGroup>
				</StyleUnit>
				<StyleUnit>
					<UnitType>UNIT_ENGINEER</UnitType>
					<UnitMeshGroup>
						<EarlyArtDefineTag>ART_DEF_UNIT_ENGINEER_DUNMER</EarlyArtDefineTag>
					</UnitMeshGroup>
				</StyleUnit>
				<StyleUnit>
					<UnitType>UNIT_PROPHET</UnitType>
					<UnitMeshGroup>
						<EarlyArtDefineTag>ART_DEF_UNIT_PROPHET_DUNMER</EarlyArtDefineTag>
					</UnitMeshGroup>
				</StyleUnit>
				<StyleUnit>
					<UnitType>UNIT_GREAT_SPY</UnitType>
					<UnitMeshGroup>
						<EarlyArtDefineTag>ART_DEF_UNIT_ANCIENT_GREAT_SPY_DUNMER</EarlyArtDefineTag>
					</UnitMeshGroup>
				</StyleUnit>
				<StyleUnit>
					<UnitType>UNIT_GALLEY</UnitType>
					<UnitMeshGroup>
						<EarlyArtDefineTag>ART_DEF_UNIT_GALLEY_MER</EarlyArtDefineTag>
					</UnitMeshGroup>
				</StyleUnit>
				<StyleUnit>
					<UnitType>UNIT_TRIREME</UnitType>
					<UnitMeshGroup>
						<EarlyArtDefineTag>ART_DEF_UNIT_TRIREME_MER</EarlyArtDefineTag>
					</UnitMeshGroup>
				</StyleUnit>
				<StyleUnit>
					<UnitType>UNIT_CARAVEL</UnitType>
					<UnitMeshGroup>
						<EarlyArtDefineTag>ART_DEF_UNIT_CARAVEL_MER</EarlyArtDefineTag>
					</UnitMeshGroup>
				</StyleUnit>
				<StyleUnit>
					<UnitType>UNIT_GALLEON</UnitType>
					<UnitMeshGroup>
						<EarlyArtDefineTag>ART_DEF_UNIT_GALLEON_MER</EarlyArtDefineTag>
					</UnitMeshGroup>
				</StyleUnit>
				<StyleUnit>
					<UnitType>UNIT_HERO</UnitType>
					<UnitMeshGroup>
						<EarlyArtDefineTag>ART_DEF_UNIT_HERO_DUNMER</EarlyArtDefineTag>
					</UnitMeshGroup>
				</StyleUnit>
				<StyleUnit>
					<UnitType>UNIT_HERO2</UnitType>
					<UnitMeshGroup>
						<EarlyArtDefineTag>ART_DEF_UNIT_HERO_DUNMER</EarlyArtDefineTag>
					</UnitMeshGroup>
				</StyleUnit>
				<StyleUnit>
					<UnitType>UNIT_HERO3</UnitType>
					<UnitMeshGroup>
						<EarlyArtDefineTag>ART_DEF_UNIT_HERO_DUNMER</EarlyArtDefineTag>
					</UnitMeshGroup>
				</StyleUnit>
			</StyleUnits>
		</UnitArtStyleTypeInfo>
		<UnitArtStyleTypeInfo>
			<Type>UNIT_ARTSTYLE_REDGUARD</Type>
			<StyleUnits>
				<StyleUnit>
					<UnitType>UNIT_SCOUT</UnitType>
					<UnitMeshGroup>
						<EarlyArtDefineTag>ART_DEF_UNIT_SCOUT_HAMMERFELL</EarlyArtDefineTag>
					</UnitMeshGroup>
				</StyleUnit>
				<StyleUnit>
					<UnitType>UNIT_EXPLORER</UnitType>
					<UnitMeshGroup>
						<EarlyArtDefineTag>ART_DEF_UNIT_EXPLORER_HAMMERFELL</EarlyArtDefineTag>
					</UnitMeshGroup>
				</StyleUnit>
				<StyleUnit>
					<UnitType>UNIT_WARRIOR</UnitType>
					<UnitMeshGroup>
						<EarlyArtDefineTag>ART_DEF_UNIT_WARRIOR_HAMMERFELL</EarlyArtDefineTag>
					</UnitMeshGroup>
				</StyleUnit>
				<StyleUnit>
					<UnitType>UNIT_SPEARMAN</UnitType>
					<UnitMeshGroup>
						<EarlyArtDefineTag>ART_DEF_UNIT_SPEARMAN_HAMMERFELL</EarlyArtDefineTag>
					</UnitMeshGroup>
				</StyleUnit>
				<StyleUnit>
					<UnitType>UNIT_SWORDSMAN</UnitType>
					<UnitMeshGroup>
						<EarlyArtDefineTag>ART_DEF_UNIT_SWORDSMAN_HAMMERFELL</EarlyArtDefineTag>
					</UnitMeshGroup>
				</StyleUnit>
				<StyleUnit>
					<UnitType>UNIT_ARCHER</UnitType>
					<UnitMeshGroup>
						<EarlyArtDefineTag>ART_DEF_UNIT_ARCHER_HAMMERFELL</EarlyArtDefineTag>
					</UnitMeshGroup>
				</StyleUnit>
				<StyleUnit>
					<UnitType>UNIT_HORSE_ARCHER</UnitType>
					<UnitMeshGroup>
						<EarlyArtDefineTag>ART_DEF_UNIT_HORSEMAN_HAMMERFELL</EarlyArtDefineTag>
					</UnitMeshGroup>
				</StyleUnit>
				<StyleUnit>
					<UnitType>UNIT_LONGBOWMAN</UnitType>
					<UnitMeshGroup>
						<EarlyArtDefineTag>ART_DEF_UNIT_LONGBOWMAN_HAMMERFELL</EarlyArtDefineTag>
					</UnitMeshGroup>
				</StyleUnit>
				<StyleUnit>
					<UnitType>UNIT_AXEMAN</UnitType>
					<UnitMeshGroup>
						<EarlyArtDefineTag>ART_DEF_UNIT_AXEMAN_HAMMERFELL</EarlyArtDefineTag>
					</UnitMeshGroup>
				</StyleUnit>
				<StyleUnit>
					<UnitType>UNIT_CHARIOT</UnitType>
					<UnitMeshGroup>
						<EarlyArtDefineTag>ART_DEF_UNIT_CHARIOT_HAMMERFELL</EarlyArtDefineTag>
					</UnitMeshGroup>
				</StyleUnit>
				<StyleUnit>
					<UnitType>UNIT_PIKEMAN</UnitType>
					<UnitMeshGroup>
						<EarlyArtDefineTag>ART_DEF_UNIT_PIKEMAN_HAMMERFELL</EarlyArtDefineTag>
					</UnitMeshGroup>
				</StyleUnit>
				<StyleUnit>
					<UnitType>UNIT_MACEMAN</UnitType>
					<UnitMeshGroup>
						<EarlyArtDefineTag>ART_DEF_UNIT_MACEMAN_HAMMERFELL</EarlyArtDefineTag>
					</UnitMeshGroup>
				</StyleUnit>
				<StyleUnit>
					<UnitType>UNIT_KNIGHT</UnitType>
					<UnitMeshGroup>
						<EarlyArtDefineTag>ART_DEF_UNIT_KNIGHT_HAMMERFELL</EarlyArtDefineTag>
					</UnitMeshGroup>
				</StyleUnit>
				<StyleUnit>
					<UnitType>UNIT_CASTER</UnitType>
					<UnitMeshGroup>
						<EarlyArtDefineTag>ART_DEF_UNIT_CASTER_HAMMERFELL</EarlyArtDefineTag>
					</UnitMeshGroup>
				</StyleUnit>
				<StyleUnit>
					<UnitType>UNIT_CONJURER</UnitType>
					<UnitMeshGroup>
						<EarlyArtDefineTag>ART_DEF_UNIT_CONJUNER_HAMMERFELL</EarlyArtDefineTag>
					</UnitMeshGroup>
					<UnitMeshGroup>
						<EarlyArtDefineTag>ART_DEF_UNIT_ICE</EarlyArtDefineTag>
					</UnitMeshGroup>
					<UnitMeshGroup>
						<EarlyArtDefineTag>ART_DEF_UNIT_DEVOURER</EarlyArtDefineTag>
					</UnitMeshGroup>
					<UnitMeshGroup>
						<EarlyArtDefineTag>ART_DEF_UNIT_SKELETON_SWORDSMAN</EarlyArtDefineTag>
					</UnitMeshGroup>
				</StyleUnit>
				<StyleUnit>
					<UnitType>UNIT_MAGE</UnitType>
					<UnitMeshGroup>
						<EarlyArtDefineTag>ART_DEF_UNIT_FIREMAGE_HAMMERFELL</EarlyArtDefineTag>
					</UnitMeshGroup>
				</StyleUnit>
				<StyleUnit>
					<UnitType>UNIT_WARMAGE</UnitType>
					<UnitMeshGroup>
						<EarlyArtDefineTag>ART_DEF_UNIT_WARMAGE_HAMMERFELL</EarlyArtDefineTag>
					</UnitMeshGroup>
				</StyleUnit>
				<StyleUnit>
					<UnitType>UNIT_WORKER</UnitType>
					<UnitMeshGroup>
						<EarlyArtDefineTag>ART_DEF_UNIT_WORKER_HAMMERFELL</EarlyArtDefineTag>
					</UnitMeshGroup>
				</StyleUnit>
				<StyleUnit>
					<UnitType>UNIT_SETTLER</UnitType>
					<UnitMeshGroup>
						<EarlyArtDefineTag>ART_DEF_UNIT_SETTLER_HAMMERFELL</EarlyArtDefineTag>
					</UnitMeshGroup>
					<UnitMeshGroup>
						<EarlyArtDefineTag>ART_DEF_UNIT_SETTLER_2_HAMMERFELL</EarlyArtDefineTag>
					</UnitMeshGroup>
				</StyleUnit>	
				<StyleUnit>
					<UnitType>UNIT_GREAT_GENERAL</UnitType>
					<UnitMeshGroup>
						<EarlyArtDefineTag>ART_DEF_UNIT_WARLORD_HAMMERFELL</EarlyArtDefineTag>
					</UnitMeshGroup>
				</StyleUnit>
				<StyleUnit>
					<UnitType>UNIT_ARTIST</UnitType>
					<UnitMeshGroup>
						<EarlyArtDefineTag>ART_DEF_UNIT_ARTIST_HAMMERFELL</EarlyArtDefineTag>
					</UnitMeshGroup>
				</StyleUnit>
				<StyleUnit>
					<UnitType>UNIT_SCIENTIST</UnitType>
					<UnitMeshGroup>
						<EarlyArtDefineTag>ART_DEF_UNIT_SCIENTIST_HAMMERFELL</EarlyArtDefineTag>
					</UnitMeshGroup>
				</StyleUnit>
				<StyleUnit>
					<UnitType>UNIT_MERCHANT</UnitType>
					<UnitMeshGroup>
						<EarlyArtDefineTag>ART_DEF_UNIT_MERCHANT_HAMMERFELL</EarlyArtDefineTag>
					</UnitMeshGroup>
				</StyleUnit>
				<StyleUnit>
					<UnitType>UNIT_ENGINEER</UnitType>
					<UnitMeshGroup>
						<EarlyArtDefineTag>ART_DEF_UNIT_ENGINEER_HAMMERFELL</EarlyArtDefineTag>
					</UnitMeshGroup>
				</StyleUnit>
				<StyleUnit>
					<UnitType>UNIT_PROPHET</UnitType>
					<UnitMeshGroup>
						<EarlyArtDefineTag>ART_DEF_UNIT_PROPHET_HAMMERFELL</EarlyArtDefineTag>
					</UnitMeshGroup>
				</StyleUnit>
				<StyleUnit>
					<UnitType>UNIT_GREAT_SPY</UnitType>
					<UnitMeshGroup>
						<EarlyArtDefineTag>ART_DEF_UNIT_ANCIENT_GREAT_SPY_HAMMERFELL</EarlyArtDefineTag>
					</UnitMeshGroup>
				</StyleUnit>
				<StyleUnit>
					<UnitType>UNIT_GALLEY</UnitType>
					<UnitMeshGroup>
						<EarlyArtDefineTag>ART_DEF_UNIT_GALLEY_HUMAN</EarlyArtDefineTag>
					</UnitMeshGroup>
				</StyleUnit>
				<StyleUnit>
					<UnitType>UNIT_TRIREME</UnitType>
					<UnitMeshGroup>
						<EarlyArtDefineTag>ART_DEF_UNIT_TRIREME_HUMAN</EarlyArtDefineTag>
					</UnitMeshGroup>
				</StyleUnit>
				<StyleUnit>
					<UnitType>UNIT_CARAVEL</UnitType>
					<UnitMeshGroup>
						<EarlyArtDefineTag>ART_DEF_UNIT_CARAVEL_HUMAN</EarlyArtDefineTag>
					</UnitMeshGroup>
				</StyleUnit>
				<StyleUnit>
					<UnitType>UNIT_GALLEON</UnitType>
					<UnitMeshGroup>
						<EarlyArtDefineTag>ART_DEF_UNIT_GALLEON_HUMAN</EarlyArtDefineTag>
					</UnitMeshGroup>
				</StyleUnit>
				<StyleUnit>
					<UnitType>UNIT_HERO</UnitType>
					<UnitMeshGroup>
						<EarlyArtDefineTag>ART_DEF_UNIT_HERO_HAMMERFELL</EarlyArtDefineTag>
					</UnitMeshGroup>
				</StyleUnit>
				<StyleUnit>
					<UnitType>UNIT_HERO2</UnitType>
					<UnitMeshGroup>
						<EarlyArtDefineTag>ART_DEF_UNIT_HERO_HAMMERFELL</EarlyArtDefineTag>
					</UnitMeshGroup>
				</StyleUnit>
				<StyleUnit>
					<UnitType>UNIT_HERO3</UnitType>
					<UnitMeshGroup>
						<EarlyArtDefineTag>ART_DEF_UNIT_HERO_HAMMERFELL</EarlyArtDefineTag>
					</UnitMeshGroup>
				</StyleUnit>
			</StyleUnits>
		</UnitArtStyleTypeInfo>
		<UnitArtStyleTypeInfo>
			<Type>UNIT_ARTSTYLE_ARGONIAN</Type>
			<StyleUnits>
				<StyleUnit>
					<UnitType>UNIT_SCOUT</UnitType>
					<UnitMeshGroup>
						<EarlyArtDefineTag>ART_DEF_UNIT_SCOUT_ARGONIAN</EarlyArtDefineTag>
					</UnitMeshGroup>
				</StyleUnit>
				<StyleUnit>
					<UnitType>UNIT_EXPLORER</UnitType>
					<UnitMeshGroup>
						<EarlyArtDefineTag>ART_DEF_UNIT_EXPLORER_ARGONIAN</EarlyArtDefineTag>
					</UnitMeshGroup>
				</StyleUnit>
				<StyleUnit>
					<UnitType>UNIT_WARRIOR</UnitType>
					<UnitMeshGroup>
						<EarlyArtDefineTag>ART_DEF_UNIT_WARRIOR_ARGONIAN</EarlyArtDefineTag>
					</UnitMeshGroup>
				</StyleUnit>
				<StyleUnit>
					<UnitType>UNIT_SPEARMAN</UnitType>
					<UnitMeshGroup>
						<EarlyArtDefineTag>ART_DEF_UNIT_SPEARMAN_ARGONIAN</EarlyArtDefineTag>
					</UnitMeshGroup>
				</StyleUnit>
				<StyleUnit>
					<UnitType>UNIT_SWORDSMAN</UnitType>
					<UnitMeshGroup>
						<EarlyArtDefineTag>ART_DEF_UNIT_SWORDSMAN_ARGONIAN</EarlyArtDefineTag>
					</UnitMeshGroup>
				</StyleUnit>
				<StyleUnit>
					<UnitType>UNIT_ARCHER</UnitType>
					<UnitMeshGroup>
						<EarlyArtDefineTag>ART_DEF_UNIT_ARCHER_ARGONIAN</EarlyArtDefineTag>
					</UnitMeshGroup>
				</StyleUnit>
				<StyleUnit>
					<UnitType>UNIT_HORSE_ARCHER</UnitType>
					<UnitMeshGroup>
						<EarlyArtDefineTag>ART_DEF_UNIT_HORSEMAN_ARGONIAN</EarlyArtDefineTag>
					</UnitMeshGroup>
				</StyleUnit>
				<StyleUnit>
					<UnitType>UNIT_LONGBOWMAN</UnitType>
					<UnitMeshGroup>
						<EarlyArtDefineTag>ART_DEF_UNIT_LONGBOWMAN_ARGONIAN</EarlyArtDefineTag>
					</UnitMeshGroup>
				</StyleUnit>
				<StyleUnit>
					<UnitType>UNIT_AXEMAN</UnitType>
					<UnitMeshGroup>
						<EarlyArtDefineTag>ART_DEF_UNIT_AXEMAN_ARGONIAN</EarlyArtDefineTag>
					</UnitMeshGroup>
				</StyleUnit>
				<StyleUnit>
					<UnitType>UNIT_CHARIOT</UnitType>
					<UnitMeshGroup>
						<EarlyArtDefineTag>ART_DEF_UNIT_CHARIOT_ARGONIAN</EarlyArtDefineTag>
					</UnitMeshGroup>
				</StyleUnit>
				<StyleUnit>
					<UnitType>UNIT_PIKEMAN</UnitType>
					<UnitMeshGroup>
						<EarlyArtDefineTag>ART_DEF_UNIT_PIKEMAN_ARGONIAN</EarlyArtDefineTag>
					</UnitMeshGroup>
				</StyleUnit>
				<StyleUnit>
					<UnitType>UNIT_MACEMAN</UnitType>
					<UnitMeshGroup>
						<EarlyArtDefineTag>ART_DEF_UNIT_MACEMAN_ARGONIAN</EarlyArtDefineTag>
					</UnitMeshGroup>
				</StyleUnit>
				<StyleUnit>
					<UnitType>UNIT_KNIGHT</UnitType>
					<UnitMeshGroup>
						<EarlyArtDefineTag>ART_DEF_UNIT_KNIGHT_ARGONIAN</EarlyArtDefineTag>
					</UnitMeshGroup>
				</StyleUnit>
				<StyleUnit>
					<UnitType>UNIT_CASTER</UnitType>
					<UnitMeshGroup>
						<EarlyArtDefineTag>ART_DEF_UNIT_CASTER_ARGONIAN</EarlyArtDefineTag>
					</UnitMeshGroup>
				</StyleUnit>
				<StyleUnit>
					<UnitType>UNIT_CONJURER</UnitType>
					<UnitMeshGroup>
						<EarlyArtDefineTag>ART_DEF_UNIT_CONJUNER_ARGONIAN</EarlyArtDefineTag>
					</UnitMeshGroup>
					<UnitMeshGroup>
						<EarlyArtDefineTag>ART_DEF_UNIT_ICE</EarlyArtDefineTag>
					</UnitMeshGroup>
					<UnitMeshGroup>
						<EarlyArtDefineTag>ART_DEF_UNIT_DEVOURER</EarlyArtDefineTag>
					</UnitMeshGroup>
					<UnitMeshGroup>
						<EarlyArtDefineTag>ART_DEF_UNIT_SKELETON_SWORDSMAN</EarlyArtDefineTag>
					</UnitMeshGroup>
				</StyleUnit>
				<StyleUnit>
					<UnitType>UNIT_MAGE</UnitType>
					<UnitMeshGroup>
						<EarlyArtDefineTag>ART_DEF_UNIT_FIREMAGE_ARGONIAN</EarlyArtDefineTag>
					</UnitMeshGroup>
				</StyleUnit>
				<StyleUnit>
					<UnitType>UNIT_WARMAGE</UnitType>
					<UnitMeshGroup>
						<EarlyArtDefineTag>ART_DEF_UNIT_WARMAGE_ARGONIAN</EarlyArtDefineTag>
					</UnitMeshGroup>
				</StyleUnit>
				<StyleUnit>
					<UnitType>UNIT_WORKER</UnitType>
					<UnitMeshGroup>
						<EarlyArtDefineTag>ART_DEF_UNIT_WORKER_ARGONIAN</EarlyArtDefineTag>
					</UnitMeshGroup>
				</StyleUnit>
				<StyleUnit>
					<UnitType>UNIT_SETTLER</UnitType>
					<UnitMeshGroup>
						<EarlyArtDefineTag>ART_DEF_UNIT_SETTLER_ARGONIAN</EarlyArtDefineTag>
					</UnitMeshGroup>
					<UnitMeshGroup>
						<EarlyArtDefineTag>ART_DEF_UNIT_SETTLER_2_ARGONIAN</EarlyArtDefineTag>
					</UnitMeshGroup>
				</StyleUnit>	
				<StyleUnit>
					<UnitType>UNIT_GREAT_GENERAL</UnitType>
					<UnitMeshGroup>
						<EarlyArtDefineTag>ART_DEF_UNIT_WARLORD_ARGONIAN</EarlyArtDefineTag>
					</UnitMeshGroup>
				</StyleUnit>
				<StyleUnit>
					<UnitType>UNIT_ARTIST</UnitType>
					<UnitMeshGroup>
						<EarlyArtDefineTag>ART_DEF_UNIT_ARTIST_ARGONIAN</EarlyArtDefineTag>
					</UnitMeshGroup>
				</StyleUnit>
				<StyleUnit>
					<UnitType>UNIT_SCIENTIST</UnitType>
					<UnitMeshGroup>
						<EarlyArtDefineTag>ART_DEF_UNIT_SCIENTIST_ARGONIAN</EarlyArtDefineTag>
					</UnitMeshGroup>
				</StyleUnit>
				<StyleUnit>
					<UnitType>UNIT_MERCHANT</UnitType>
					<UnitMeshGroup>
						<EarlyArtDefineTag>ART_DEF_UNIT_MERCHANT_ARGONIAN</EarlyArtDefineTag>
					</UnitMeshGroup>
				</StyleUnit>
				<StyleUnit>
					<UnitType>UNIT_ENGINEER</UnitType>
					<UnitMeshGroup>
						<EarlyArtDefineTag>ART_DEF_UNIT_ENGINEER_ARGONIAN</EarlyArtDefineTag>
					</UnitMeshGroup>
				</StyleUnit>
				<StyleUnit>
					<UnitType>UNIT_PROPHET</UnitType>
					<UnitMeshGroup>
						<EarlyArtDefineTag>ART_DEF_UNIT_PROPHET_ARGONIAN</EarlyArtDefineTag>
					</UnitMeshGroup>
				</StyleUnit>
				<StyleUnit>
					<UnitType>UNIT_GREAT_SPY</UnitType>
					<UnitMeshGroup>
						<EarlyArtDefineTag>ART_DEF_UNIT_ANCIENT_GREAT_SPY_ARGONIAN</EarlyArtDefineTag>
					</UnitMeshGroup>
				</StyleUnit>
				<StyleUnit>
					<UnitType>UNIT_GALLEY</UnitType>
					<UnitMeshGroup>
						<EarlyArtDefineTag>ART_DEF_UNIT_GALLEY_ANIMAL</EarlyArtDefineTag>
					</UnitMeshGroup>
				</StyleUnit>
				<StyleUnit>
					<UnitType>UNIT_TRIREME</UnitType>
					<UnitMeshGroup>
						<EarlyArtDefineTag>ART_DEF_UNIT_TRIREME_ANIMAL</EarlyArtDefineTag>
					</UnitMeshGroup>
				</StyleUnit>
				<StyleUnit>
					<UnitType>UNIT_CARAVEL</UnitType>
					<UnitMeshGroup>
						<EarlyArtDefineTag>ART_DEF_UNIT_CARAVEL_ANIMAL</EarlyArtDefineTag>
					</UnitMeshGroup>
				</StyleUnit>
				<StyleUnit>
					<UnitType>UNIT_GALLEON</UnitType>
					<UnitMeshGroup>
						<EarlyArtDefineTag>ART_DEF_UNIT_GALLEON_ANIMAL</EarlyArtDefineTag>
					</UnitMeshGroup>
				</StyleUnit>
				<StyleUnit>
					<UnitType>UNIT_HERO</UnitType>
					<UnitMeshGroup>
						<EarlyArtDefineTag>ART_DEF_UNIT_HERO_ARGONIAN</EarlyArtDefineTag>
					</UnitMeshGroup>
				</StyleUnit>
				<StyleUnit>
					<UnitType>UNIT_HERO2</UnitType>
					<UnitMeshGroup>
						<EarlyArtDefineTag>ART_DEF_UNIT_HERO_ARGONIAN</EarlyArtDefineTag>
					</UnitMeshGroup>
				</StyleUnit>
				<StyleUnit>
					<UnitType>UNIT_HERO3</UnitType>
					<UnitMeshGroup>
						<EarlyArtDefineTag>ART_DEF_UNIT_HERO_ARGONIAN</EarlyArtDefineTag>
					</UnitMeshGroup>
				</StyleUnit>
			</StyleUnits>
		</UnitArtStyleTypeInfo>
		<UnitArtStyleTypeInfo>
			<Type>UNIT_ARTSTYLE_ORC</Type>
			<StyleUnits>
				<StyleUnit>
					<UnitType>UNIT_SCOUT</UnitType>
					<UnitMeshGroup>
						<EarlyArtDefineTag>ART_DEF_UNIT_SCOUT_ORC</EarlyArtDefineTag>
					</UnitMeshGroup>
				</StyleUnit>
				<StyleUnit>
					<UnitType>UNIT_EXPLORER</UnitType>
					<UnitMeshGroup>
						<EarlyArtDefineTag>ART_DEF_UNIT_EXPLORER_ORC</EarlyArtDefineTag>
					</UnitMeshGroup>
				</StyleUnit>
				<StyleUnit>
					<UnitType>UNIT_WARRIOR</UnitType>
					<UnitMeshGroup>
						<EarlyArtDefineTag>ART_DEF_UNIT_WARRIOR_ORC</EarlyArtDefineTag>
					</UnitMeshGroup>
				</StyleUnit>
				<StyleUnit>
					<UnitType>UNIT_SPEARMAN</UnitType>
					<UnitMeshGroup>
						<EarlyArtDefineTag>ART_DEF_UNIT_SPEARMAN_ORC</EarlyArtDefineTag>
					</UnitMeshGroup>
				</StyleUnit>
				<StyleUnit>
					<UnitType>UNIT_SWORDSMAN</UnitType>
					<UnitMeshGroup>
						<EarlyArtDefineTag>ART_DEF_UNIT_SWORDSMAN_ORC</EarlyArtDefineTag>
					</UnitMeshGroup>
				</StyleUnit>
				<StyleUnit>
					<UnitType>UNIT_ARCHER</UnitType>
					<UnitMeshGroup>
						<EarlyArtDefineTag>ART_DEF_UNIT_ARCHER_ORC</EarlyArtDefineTag>
					</UnitMeshGroup>
				</StyleUnit>
				<StyleUnit>
					<UnitType>UNIT_HORSE_ARCHER</UnitType>
					<UnitMeshGroup>
						<EarlyArtDefineTag>ART_DEF_UNIT_HORSEMAN_ORC</EarlyArtDefineTag>
					</UnitMeshGroup>
				</StyleUnit>
				<StyleUnit>
					<UnitType>UNIT_LONGBOWMAN</UnitType>
					<UnitMeshGroup>
						<EarlyArtDefineTag>ART_DEF_UNIT_LONGBOWMAN_ORC</EarlyArtDefineTag>
					</UnitMeshGroup>
				</StyleUnit>
				<StyleUnit>
					<UnitType>UNIT_AXEMAN</UnitType>
					<UnitMeshGroup>
						<EarlyArtDefineTag>ART_DEF_UNIT_AXEMAN_ORC</EarlyArtDefineTag>
					</UnitMeshGroup>
				</StyleUnit>
				<StyleUnit>
					<UnitType>UNIT_CHARIOT</UnitType>
					<UnitMeshGroup>
						<EarlyArtDefineTag>ART_DEF_UNIT_CHARIOT_ORC</EarlyArtDefineTag>
					</UnitMeshGroup>
				</StyleUnit>
				<StyleUnit>
					<UnitType>UNIT_PIKEMAN</UnitType>
					<UnitMeshGroup>
						<EarlyArtDefineTag>ART_DEF_UNIT_PIKEMAN_ORC</EarlyArtDefineTag>
					</UnitMeshGroup>
				</StyleUnit>
				<StyleUnit>
					<UnitType>UNIT_MACEMAN</UnitType>
					<UnitMeshGroup>
						<EarlyArtDefineTag>ART_DEF_UNIT_MACEMAN_ORC</EarlyArtDefineTag>
					</UnitMeshGroup>
				</StyleUnit>
				<StyleUnit>
					<UnitType>UNIT_KNIGHT</UnitType>
					<UnitMeshGroup>
						<EarlyArtDefineTag>ART_DEF_UNIT_KNIGHT_ORC</EarlyArtDefineTag>
					</UnitMeshGroup>
				</StyleUnit>
				<StyleUnit>
					<UnitType>UNIT_CASTER</UnitType>
					<UnitMeshGroup>
						<EarlyArtDefineTag>ART_DEF_UNIT_CASTER_ORC</EarlyArtDefineTag>
					</UnitMeshGroup>
				</StyleUnit>
				<StyleUnit>
					<UnitType>UNIT_CONJURER</UnitType>
					<UnitMeshGroup>
						<EarlyArtDefineTag>ART_DEF_UNIT_CONJUNER_ORC</EarlyArtDefineTag>
					</UnitMeshGroup>
					<UnitMeshGroup>
						<EarlyArtDefineTag>ART_DEF_UNIT_ICE</EarlyArtDefineTag>
					</UnitMeshGroup>
					<UnitMeshGroup>
						<EarlyArtDefineTag>ART_DEF_UNIT_DEVOURER</EarlyArtDefineTag>
					</UnitMeshGroup>
					<UnitMeshGroup>
						<EarlyArtDefineTag>ART_DEF_UNIT_SKELETON_SWORDSMAN</EarlyArtDefineTag>
					</UnitMeshGroup>
				</StyleUnit>
				<StyleUnit>
					<UnitType>UNIT_MAGE</UnitType>
					<UnitMeshGroup>
						<EarlyArtDefineTag>ART_DEF_UNIT_FIREMAGE_ORC</EarlyArtDefineTag>
					</UnitMeshGroup>
				</StyleUnit>
				<StyleUnit>
					<UnitType>UNIT_WARMAGE</UnitType>
					<UnitMeshGroup>
						<EarlyArtDefineTag>ART_DEF_UNIT_WARMAGE_ORC</EarlyArtDefineTag>
					</UnitMeshGroup>
				</StyleUnit>
				<StyleUnit>
					<UnitType>UNIT_WORKER</UnitType>
					<UnitMeshGroup>
						<EarlyArtDefineTag>ART_DEF_UNIT_WORKER_ORC</EarlyArtDefineTag>
					</UnitMeshGroup>
				</StyleUnit>
				<StyleUnit>
					<UnitType>UNIT_SETTLER</UnitType>
					<UnitMeshGroup>
						<EarlyArtDefineTag>ART_DEF_UNIT_SETTLER_ORC</EarlyArtDefineTag>
					</UnitMeshGroup>
					<UnitMeshGroup>
						<EarlyArtDefineTag>ART_DEF_UNIT_SETTLER_2_ORC</EarlyArtDefineTag>
					</UnitMeshGroup>
				</StyleUnit>	
				<StyleUnit>
					<UnitType>UNIT_GREAT_GENERAL</UnitType>
					<UnitMeshGroup>
						<EarlyArtDefineTag>ART_DEF_UNIT_WARLORD_ORC</EarlyArtDefineTag>
					</UnitMeshGroup>
				</StyleUnit>
				<StyleUnit>
					<UnitType>UNIT_ARTIST</UnitType>
					<UnitMeshGroup>
						<EarlyArtDefineTag>ART_DEF_UNIT_ARTIST_ORC</EarlyArtDefineTag>
					</UnitMeshGroup>
				</StyleUnit>
				<StyleUnit>
					<UnitType>UNIT_SCIENTIST</UnitType>
					<UnitMeshGroup>
						<EarlyArtDefineTag>ART_DEF_UNIT_SCIENTIST_ORC</EarlyArtDefineTag>
					</UnitMeshGroup>
				</StyleUnit>
				<StyleUnit>
					<UnitType>UNIT_MERCHANT</UnitType>
					<UnitMeshGroup>
						<EarlyArtDefineTag>ART_DEF_UNIT_MERCHANT_ORC</EarlyArtDefineTag>
					</UnitMeshGroup>
				</StyleUnit>
				<StyleUnit>
					<UnitType>UNIT_ENGINEER</UnitType>
					<UnitMeshGroup>
						<EarlyArtDefineTag>ART_DEF_UNIT_ENGINEER_ORC</EarlyArtDefineTag>
					</UnitMeshGroup>
				</StyleUnit>
				<StyleUnit>
					<UnitType>UNIT_PROPHET</UnitType>
					<UnitMeshGroup>
						<EarlyArtDefineTag>ART_DEF_UNIT_PROPHET_ORC</EarlyArtDefineTag>
					</UnitMeshGroup>
				</StyleUnit>
				<StyleUnit>
					<UnitType>UNIT_GREAT_SPY</UnitType>
					<UnitMeshGroup>
						<EarlyArtDefineTag>ART_DEF_UNIT_ANCIENT_GREAT_SPY_ORC</EarlyArtDefineTag>
					</UnitMeshGroup>
				</StyleUnit>
				<StyleUnit>
					<UnitType>UNIT_GALLEY</UnitType>
					<UnitMeshGroup>
						<EarlyArtDefineTag>ART_DEF_UNIT_GALLEY_ANIMAL</EarlyArtDefineTag>
					</UnitMeshGroup>
				</StyleUnit>
				<StyleUnit>
					<UnitType>UNIT_TRIREME</UnitType>
					<UnitMeshGroup>
						<EarlyArtDefineTag>ART_DEF_UNIT_TRIREME_ANIMAL</EarlyArtDefineTag>
					</UnitMeshGroup>
				</StyleUnit>
				<StyleUnit>
					<UnitType>UNIT_CARAVEL</UnitType>
					<UnitMeshGroup>
						<EarlyArtDefineTag>ART_DEF_UNIT_CARAVEL_ANIMAL</EarlyArtDefineTag>
					</UnitMeshGroup>
				</StyleUnit>
				<StyleUnit>
					<UnitType>UNIT_GALLEON</UnitType>
					<UnitMeshGroup>
						<EarlyArtDefineTag>ART_DEF_UNIT_GALLEON_ANIMAL</EarlyArtDefineTag>
					</UnitMeshGroup>
				</StyleUnit>
				<StyleUnit>
					<UnitType>UNIT_HERO</UnitType>
					<UnitMeshGroup>
						<EarlyArtDefineTag>ART_DEF_UNIT_HERO_ORC</EarlyArtDefineTag>
					</UnitMeshGroup>
				</StyleUnit>
				<StyleUnit>
					<UnitType>UNIT_HERO2</UnitType>
					<UnitMeshGroup>
						<EarlyArtDefineTag>ART_DEF_UNIT_HERO_ORC</EarlyArtDefineTag>
					</UnitMeshGroup>
				</StyleUnit>
				<StyleUnit>
					<UnitType>UNIT_HERO3</UnitType>
					<UnitMeshGroup>
						<EarlyArtDefineTag>ART_DEF_UNIT_HERO_ORC</EarlyArtDefineTag>
					</UnitMeshGroup>
				</StyleUnit>
			</StyleUnits>
		</UnitArtStyleTypeInfo>
		<UnitArtStyleTypeInfo>
			<Type>UNIT_ARTSTYLE_BOSMER</Type>
			<StyleUnits>
				<StyleUnit>
					<UnitType>UNIT_SCOUT</UnitType>
					<UnitMeshGroup>
						<EarlyArtDefineTag>ART_DEF_UNIT_SCOUT_BOSMER</EarlyArtDefineTag>
					</UnitMeshGroup>
				</StyleUnit>
				<StyleUnit>
					<UnitType>UNIT_EXPLORER</UnitType>
					<UnitMeshGroup>
						<EarlyArtDefineTag>ART_DEF_UNIT_EXPLORER_BOSMER</EarlyArtDefineTag>
					</UnitMeshGroup>
				</StyleUnit>
				<StyleUnit>
					<UnitType>UNIT_WARRIOR</UnitType>
					<UnitMeshGroup>
						<EarlyArtDefineTag>ART_DEF_UNIT_WARRIOR_BOSMER</EarlyArtDefineTag>
					</UnitMeshGroup>
				</StyleUnit>
				<StyleUnit>
					<UnitType>UNIT_SPEARMAN</UnitType>
					<UnitMeshGroup>
						<EarlyArtDefineTag>ART_DEF_UNIT_SPEARMAN_BOSMER</EarlyArtDefineTag>
					</UnitMeshGroup>
				</StyleUnit>
				<StyleUnit>
					<UnitType>UNIT_SWORDSMAN</UnitType>
					<UnitMeshGroup>
						<EarlyArtDefineTag>ART_DEF_UNIT_SWORDSMAN_BOSMER</EarlyArtDefineTag>
					</UnitMeshGroup>
				</StyleUnit>
				<StyleUnit>
					<UnitType>UNIT_ARCHER</UnitType>
					<UnitMeshGroup>
						<EarlyArtDefineTag>ART_DEF_UNIT_ARCHER_BOSMER</EarlyArtDefineTag>
					</UnitMeshGroup>
				</StyleUnit>
				<StyleUnit>
					<UnitType>UNIT_HORSE_ARCHER</UnitType>
					<UnitMeshGroup>
						<EarlyArtDefineTag>ART_DEF_UNIT_HORSEMAN_BOSMER</EarlyArtDefineTag>
					</UnitMeshGroup>
				</StyleUnit>
				<StyleUnit>
					<UnitType>UNIT_LONGBOWMAN</UnitType>
					<UnitMeshGroup>
						<EarlyArtDefineTag>ART_DEF_UNIT_LONGBOWMAN_BOSMER</EarlyArtDefineTag>
					</UnitMeshGroup>
				</StyleUnit>
				<StyleUnit>
					<UnitType>UNIT_AXEMAN</UnitType>
					<UnitMeshGroup>
						<EarlyArtDefineTag>ART_DEF_UNIT_AXEMAN_BOSMER</EarlyArtDefineTag>
					</UnitMeshGroup>
				</StyleUnit>
				<StyleUnit>
					<UnitType>UNIT_CHARIOT</UnitType>
					<UnitMeshGroup>
						<EarlyArtDefineTag>ART_DEF_UNIT_CHARIOT_BOSMER</EarlyArtDefineTag>
					</UnitMeshGroup>
				</StyleUnit>
				<StyleUnit>
					<UnitType>UNIT_PIKEMAN</UnitType>
					<UnitMeshGroup>
						<EarlyArtDefineTag>ART_DEF_UNIT_PIKEMAN_BOSMER</EarlyArtDefineTag>
					</UnitMeshGroup>
				</StyleUnit>
				<StyleUnit>
					<UnitType>UNIT_MACEMAN</UnitType>
					<UnitMeshGroup>
						<EarlyArtDefineTag>ART_DEF_UNIT_MACEMAN_BOSMER</EarlyArtDefineTag>
					</UnitMeshGroup>
				</StyleUnit>
				<StyleUnit>
					<UnitType>UNIT_KNIGHT</UnitType>
					<UnitMeshGroup>
						<EarlyArtDefineTag>ART_DEF_UNIT_KNIGHT_BOSMER</EarlyArtDefineTag>
					</UnitMeshGroup>
				</StyleUnit>
				<StyleUnit>
					<UnitType>UNIT_CASTER</UnitType>
					<UnitMeshGroup>
						<EarlyArtDefineTag>ART_DEF_UNIT_CASTER_BOSMER</EarlyArtDefineTag>
					</UnitMeshGroup>
				</StyleUnit>
				<StyleUnit>
					<UnitType>UNIT_CONJURER</UnitType>
					<UnitMeshGroup>
						<EarlyArtDefineTag>ART_DEF_UNIT_CONJUNER_BOSMER</EarlyArtDefineTag>
					</UnitMeshGroup>
					<UnitMeshGroup>
						<EarlyArtDefineTag>ART_DEF_UNIT_ICE</EarlyArtDefineTag>
					</UnitMeshGroup>
					<UnitMeshGroup>
						<EarlyArtDefineTag>ART_DEF_UNIT_DEVOURER</EarlyArtDefineTag>
					</UnitMeshGroup>
					<UnitMeshGroup>
						<EarlyArtDefineTag>ART_DEF_UNIT_SKELETON_SWORDSMAN</EarlyArtDefineTag>
					</UnitMeshGroup>
				</StyleUnit>
				<StyleUnit>
					<UnitType>UNIT_MAGE</UnitType>
					<UnitMeshGroup>
						<EarlyArtDefineTag>ART_DEF_UNIT_FIREMAGE_BOSMER</EarlyArtDefineTag>
					</UnitMeshGroup>
				</StyleUnit>
				<StyleUnit>
					<UnitType>UNIT_WARMAGE</UnitType>
					<UnitMeshGroup>
						<EarlyArtDefineTag>ART_DEF_UNIT_WARMAGE_BOSMER</EarlyArtDefineTag>
					</UnitMeshGroup>
				</StyleUnit>
				<StyleUnit>
					<UnitType>UNIT_WORKER</UnitType>
					<UnitMeshGroup>
						<EarlyArtDefineTag>ART_DEF_UNIT_WORKER_BOSMER_UU</EarlyArtDefineTag>
					</UnitMeshGroup>
				</StyleUnit>
				<StyleUnit>
					<UnitType>UNIT_SETTLER</UnitType>
					<UnitMeshGroup>
						<EarlyArtDefineTag>ART_DEF_UNIT_SETTLER_BOSMER</EarlyArtDefineTag>
					</UnitMeshGroup>
					<UnitMeshGroup>
						<EarlyArtDefineTag>ART_DEF_UNIT_SETTLER_2_BOSMER</EarlyArtDefineTag>
					</UnitMeshGroup>
				</StyleUnit>	
				<StyleUnit>
					<UnitType>UNIT_GREAT_GENERAL</UnitType>
					<UnitMeshGroup>
						<EarlyArtDefineTag>ART_DEF_UNIT_WARLORD_BOSMER</EarlyArtDefineTag>
					</UnitMeshGroup>
				</StyleUnit>
				<StyleUnit>
					<UnitType>UNIT_ARTIST</UnitType>
					<UnitMeshGroup>
						<EarlyArtDefineTag>ART_DEF_UNIT_ARTIST_BOSMER</EarlyArtDefineTag>
					</UnitMeshGroup>
				</StyleUnit>
				<StyleUnit>
					<UnitType>UNIT_SCIENTIST</UnitType>
					<UnitMeshGroup>
						<EarlyArtDefineTag>ART_DEF_UNIT_SCIENTIST_BOSMER</EarlyArtDefineTag>
					</UnitMeshGroup>
				</StyleUnit>
				<StyleUnit>
					<UnitType>UNIT_MERCHANT</UnitType>
					<UnitMeshGroup>
						<EarlyArtDefineTag>ART_DEF_UNIT_MERCHANT_BOSMER</EarlyArtDefineTag>
					</UnitMeshGroup>
				</StyleUnit>
				<StyleUnit>
					<UnitType>UNIT_ENGINEER</UnitType>
					<UnitMeshGroup>
						<EarlyArtDefineTag>ART_DEF_UNIT_ENGINEER_BOSMER</EarlyArtDefineTag>
					</UnitMeshGroup>
				</StyleUnit>
				<StyleUnit>
					<UnitType>UNIT_PROPHET</UnitType>
					<UnitMeshGroup>
						<EarlyArtDefineTag>ART_DEF_UNIT_PROPHET_BOSMER</EarlyArtDefineTag>
					</UnitMeshGroup>
				</StyleUnit>
				<StyleUnit>
					<UnitType>UNIT_GREAT_SPY</UnitType>
					<UnitMeshGroup>
						<EarlyArtDefineTag>ART_DEF_UNIT_ANCIENT_GREAT_SPY_BOSMER</EarlyArtDefineTag>
					</UnitMeshGroup>
				</StyleUnit>
				<StyleUnit>
					<UnitType>UNIT_GALLEY</UnitType>
					<UnitMeshGroup>
						<EarlyArtDefineTag>ART_DEF_UNIT_GALLEY_MER</EarlyArtDefineTag>
					</UnitMeshGroup>
				</StyleUnit>
				<StyleUnit>
					<UnitType>UNIT_TRIREME</UnitType>
					<UnitMeshGroup>
						<EarlyArtDefineTag>ART_DEF_UNIT_TRIREME_MER</EarlyArtDefineTag>
					</UnitMeshGroup>
				</StyleUnit>
				<StyleUnit>
					<UnitType>UNIT_CARAVEL</UnitType>
					<UnitMeshGroup>
						<EarlyArtDefineTag>ART_DEF_UNIT_CARAVEL_MER</EarlyArtDefineTag>
					</UnitMeshGroup>
				</StyleUnit>
				<StyleUnit>
					<UnitType>UNIT_GALLEON</UnitType>
					<UnitMeshGroup>
						<EarlyArtDefineTag>ART_DEF_UNIT_GALLEON_MER</EarlyArtDefineTag>
					</UnitMeshGroup>
				</StyleUnit>
				<StyleUnit>
					<UnitType>UNIT_HERO</UnitType>
					<UnitMeshGroup>
						<EarlyArtDefineTag>ART_DEF_UNIT_HERO_BOSMER</EarlyArtDefineTag>
					</UnitMeshGroup>
				</StyleUnit>
				<StyleUnit>
					<UnitType>UNIT_HERO2</UnitType>
					<UnitMeshGroup>
						<EarlyArtDefineTag>ART_DEF_UNIT_HERO_BOSMER</EarlyArtDefineTag>
					</UnitMeshGroup>
				</StyleUnit>
				<StyleUnit>
					<UnitType>UNIT_HERO3</UnitType>
					<UnitMeshGroup>
						<EarlyArtDefineTag>ART_DEF_UNIT_HERO_BOSMER</EarlyArtDefineTag>
					</UnitMeshGroup>
				</StyleUnit>
			</StyleUnits>
		</UnitArtStyleTypeInfo>	

		<UnitArtStyleTypeInfo>
			<Type>UNIT_ARTSTYLE_BARB</Type>
			<StyleUnits>
				<StyleUnit>
					<UnitType>UNIT_GALLEY</UnitType>
					<UnitMeshGroup>
						<EarlyArtDefineTag>ART_DEF_UNIT_GALLEY_PIRATE</EarlyArtDefineTag>
					</UnitMeshGroup>
				</StyleUnit>
				<StyleUnit>
					<UnitType>UNIT_GALLEON</UnitType>
					<UnitMeshGroup>
						<EarlyArtDefineTag>ART_DEF_UNIT_GALLEON_PIRATE</EarlyArtDefineTag>
					</UnitMeshGroup>
				</StyleUnit>
			</StyleUnits>
		</UnitArtStyleTypeInfo>	
		
	</UnitArtStyleTypeInfos>
</Civ4UnitArtStyleTypeInfos>
