<?xml version="1.0" encoding="UTF-8"?>
<!-- edited with XMLSPY v2004 rel. 2 U (http://www.xmlspy.com) by Alex Mantzaris (Firaxis Games) -->
<!-- Sid Meier's Civilization 4 -->
<!-- Copyright Firaxis Games 2005 -->
<!-- -->
<!-- Route art path information -->
<Civ4RouteModelInfos xmlns="x-schema:CIV4ArtDefinesSchema.xml">
	<RouteModelInfos>
		<RouteModelInfo>
			<ModelFile>Art/Terrain/Routes/Roads/RoadA00.nif</ModelFile>
			<LateModelFile>Art/Terrain/Routes/Roads/RoadA00.nif</LateModelFile>
			<ModelFileKey>A00</ModelFileKey>
			<Animated>0</Animated>
			<RouteType>ROUTE_ROAD</RouteType>
			<Connections>-</Connections>
			<ModelConnections>-</ModelConnections>
			<Rotations>0 90 180 270</Rotations>
		</RouteModelInfo>
		<RouteModelInfo>
			<ModelFile>Art/Terrain/Routes/Roads/RoadA01.nif</ModelFile>
			<LateModelFile>Art/Terrain/Routes/Roads/RoadA01.nif</LateModelFile>
			<ModelFileKey>A01</ModelFileKey>
			<Animated>0</Animated>
			<RouteType>ROUTE_ROAD</RouteType>
			<Connections>N</Connections>
			<ModelConnections>-</ModelConnections>
			<Rotations>0 90 180 270</Rotations>
		</RouteModelInfo>
		<RouteModelInfo>
			<ModelFile>Art/Terrain/Routes/Roads/RoadA02.nif</ModelFile>
			<LateModelFile>Art/Terrain/Routes/Roads/RoadA02.nif</LateModelFile>
			<ModelFileKey>A02</ModelFileKey>
			<Animated>0</Animated>
			<RouteType>ROUTE_ROAD</RouteType>
			<Connections>NE</Connections>
			<ModelConnections>-</ModelConnections>
			<Rotations>0 90 180 270</Rotations>
		</RouteModelInfo>
		<RouteModelInfo>
			<ModelFile>Art/Terrain/Routes/Roads/RoadB01.nif</ModelFile>
			<LateModelFile>Art/Terrain/Routes/Roads/RoadB01.nif</LateModelFile>
			<ModelFileKey>B01</ModelFileKey>
			<Animated>0</Animated>
			<RouteType>ROUTE_ROAD</RouteType>
			<Connections>N NE</Connections>
			<ModelConnections>-</ModelConnections>
			<Rotations>0 90 180 270</Rotations>
		</RouteModelInfo>
		<RouteModelInfo>
			<ModelFile>Art/Terrain/Routes/Roads/RoadB02.nif</ModelFile>
			<LateModelFile>Art/Terrain/Routes/Roads/RoadB02.nif</LateModelFile>
			<ModelFileKey>B02</ModelFileKey>
			<Animated>0</Animated>
			<RouteType>ROUTE_ROAD</RouteType>
			<Connections>NE E</Connections>
			<ModelConnections>-</ModelConnections>
			<Rotations>0 90 180 270</Rotations>
		</RouteModelInfo>
		<RouteModelInfo>
			<ModelFile>Art/Terrain/Routes/Roads/RoadB03.nif</ModelFile>
			<LateModelFile>Art/Terrain/Routes/Roads/RoadB03.nif</LateModelFile>
			<ModelFileKey>B03</ModelFileKey>
			<Animated>0</Animated>
			<RouteType>ROUTE_ROAD</RouteType>
			<Connections>N S</Connections>
			<ModelConnections>-</ModelConnections>
			<Rotations>0 90 180 270</Rotations>
		</RouteModelInfo>
		<RouteModelInfo>
			<ModelFile>Art/Terrain/Routes/Roads/RoadB04.nif</ModelFile>
			<LateModelFile>Art/Terrain/Routes/Roads/RoadB04.nif</LateModelFile>
			<ModelFileKey>B04</ModelFileKey>
			<Animated>0</Animated>
			<RouteType>ROUTE_ROAD</RouteType>
			<Connections>NE SW</Connections>
			<ModelConnections>-</ModelConnections>
			<Rotations>0 90 180 270</Rotations>
		</RouteModelInfo>
		<RouteModelInfo>
			<ModelFile>Art/Terrain/Routes/Roads/RoadB05.nif</ModelFile>
			<LateModelFile>Art/Terrain/Routes/Roads/RoadB05.nif</LateModelFile>
			<ModelFileKey>B05</ModelFileKey>
			<Animated>0</Animated>
			<RouteType>ROUTE_ROAD</RouteType>
			<Connections>N E</Connections>
			<ModelConnections>-</ModelConnections>
			<Rotations>0 90 180 270</Rotations>
		</RouteModelInfo>
		<RouteModelInfo>
			<ModelFile>Art/Terrain/Routes/Roads/RoadB06.nif</ModelFile>
			<LateModelFile>Art/Terrain/Routes/Roads/RoadB06.nif</LateModelFile>
			<ModelFileKey>B06</ModelFileKey>
			<Animated>0</Animated>
			<RouteType>ROUTE_ROAD</RouteType>
			<Connections>NE SE</Connections>
			<ModelConnections>-</ModelConnections>
			<Rotations>0 90 180 270</Rotations>
		</RouteModelInfo>
		<RouteModelInfo>
			<ModelFile>Art/Terrain/Routes/Roads/RoadB07.nif</ModelFile>
			<LateModelFile>Art/Terrain/Routes/Roads/RoadB07.nif</LateModelFile>
			<ModelFileKey>B07</ModelFileKey>
			<Animated>0</Animated>
			<RouteType>ROUTE_ROAD</RouteType>
			<Connections>N SE</Connections>
			<ModelConnections>-</ModelConnections>
			<Rotations>0 90 180 270</Rotations>
		</RouteModelInfo>
		<RouteModelInfo>
			<ModelFile>Art/Terrain/Routes/Roads/RoadB08.nif</ModelFile>
			<LateModelFile>Art/Terrain/Routes/Roads/RoadB08.nif</LateModelFile>
			<ModelFileKey>B08</ModelFileKey>
			<Animated>0</Animated>
			<RouteType>ROUTE_ROAD</RouteType>
			<Connections>NE S</Connections>
			<ModelConnections>-</ModelConnections>
			<Rotations>0 90 180 270</Rotations>
		</RouteModelInfo>
		<RouteModelInfo>
			<ModelFile>Art/Terrain/Routes/Roads/RoadB05.nif</ModelFile>
			<LateModelFile>Art/Terrain/Routes/Roads/RoadB05.nif</LateModelFile>
			<ModelFileKey>C01</ModelFileKey>
			<Animated>0</Animated>
			<RouteType>ROUTE_ROAD</RouteType>
			<Connections>N NE E</Connections>
			<ModelConnections>N E</ModelConnections>
			<Rotations>0 90 180 270</Rotations>
		</RouteModelInfo>
		<RouteModelInfo>
			<ModelFile>Art/Terrain/Routes/Roads/RoadB06.nif</ModelFile>
			<LateModelFile>Art/Terrain/Routes/Roads/RoadB06.nif</LateModelFile>
			<ModelFileKey>C02</ModelFileKey>
			<Animated>0</Animated>
			<RouteType>ROUTE_ROAD</RouteType>
			<Connections>NE E SE</Connections>
			<ModelConnections>NE SE</ModelConnections>
			<Rotations>0 90 180 270</Rotations>
		</RouteModelInfo>
		<RouteModelInfo>
			<ModelFile>Art/Terrain/Routes/Roads/RoadC03.nif</ModelFile>
			<LateModelFile>Art/Terrain/Routes/Roads/RoadC03.nif</LateModelFile>
			<ModelFileKey>C03</ModelFileKey>
			<Animated>0</Animated>
			<RouteType>ROUTE_ROAD</RouteType>
			<Connections>N E SW</Connections>
			<ModelConnections>-</ModelConnections>
			<Rotations>0 90 180 270</Rotations>
		</RouteModelInfo>
		<RouteModelInfo>
			<ModelFile>Art/Terrain/Routes/Roads/RoadC04.nif</ModelFile>
			<LateModelFile>Art/Terrain/Routes/Roads/RoadC04.nif</LateModelFile>
			<ModelFileKey>C04</ModelFileKey>
			<Animated>0</Animated>
			<RouteType>ROUTE_ROAD</RouteType>
			<Connections>NE SE W</Connections>
			<ModelConnections>-</ModelConnections>
			<Rotations>0 90 180 270</Rotations>
		</RouteModelInfo>
		<RouteModelInfo>
			<ModelFile>Art/Terrain/Routes/Roads/RoadB03.nif</ModelFile>
			<LateModelFile>Art/Terrain/Routes/Roads/RoadB03.nif</LateModelFile>
			<ModelFileKey>C05OtherDir</ModelFileKey>
			<Animated>0</Animated>
			<RouteType>ROUTE_ROAD</RouteType>
			<Connections>N E S</Connections>
			<ModelConnections>N S</ModelConnections>
			<Rotations>0 90 180 270</Rotations>
		</RouteModelInfo>
		<RouteModelInfo>
			<ModelFile>Art/Terrain/Routes/Roads/RoadC06.nif</ModelFile>
			<LateModelFile>Art/Terrain/Routes/Roads/RoadC06.nif</LateModelFile>
			<ModelFileKey>C06</ModelFileKey>
			<Animated>0</Animated>
			<RouteType>ROUTE_ROAD</RouteType>
			<Connections>NE SE NW</Connections>
			<ModelConnections>-</ModelConnections>
			<Rotations>0 90 180 270</Rotations>
		</RouteModelInfo>
		<RouteModelInfo>
			<ModelFile>Art/Terrain/Routes/Roads/RoadC07.nif</ModelFile>
			<LateModelFile>Art/Terrain/Routes/Roads/RoadC07.nif</LateModelFile>
			<ModelFileKey>C07</ModelFileKey>
			<Animated>0</Animated>
			<RouteType>ROUTE_ROAD</RouteType>
			<Connections>N NE S</Connections>
			<ModelConnections>-</ModelConnections>
			<Rotations>0 90 180 270</Rotations>
		</RouteModelInfo>
		<RouteModelInfo>
			<ModelFile>Art/Terrain/Routes/Roads/RoadC08.nif</ModelFile>
			<LateModelFile>Art/Terrain/Routes/Roads/RoadC08.nif</LateModelFile>
			<ModelFileKey>C08</ModelFileKey>
			<Animated>0</Animated>
			<RouteType>ROUTE_ROAD</RouteType>
			<Connections>NE E SW</Connections>
			<ModelConnections>-</ModelConnections>
			<Rotations>0 90 180 270</Rotations>
		</RouteModelInfo>
		<RouteModelInfo>
			<ModelFile>Art/Terrain/Routes/Roads/RoadC09.nif</ModelFile>
			<LateModelFile>Art/Terrain/Routes/Roads/RoadC09.nif</LateModelFile>
			<ModelFileKey>C09</ModelFileKey>
			<Animated>0</Animated>
			<RouteType>ROUTE_ROAD</RouteType>
			<Connections>N NE SW</Connections>
			<ModelConnections>-</ModelConnections>
			<Rotations>0 90 180 270</Rotations>
		</RouteModelInfo>
		<RouteModelInfo>
			<ModelFile>Art/Terrain/Routes/Roads/RoadC10.nif</ModelFile>
			<LateModelFile>Art/Terrain/Routes/Roads/RoadC10.nif</LateModelFile>
			<ModelFileKey>C10</ModelFileKey>
			<Animated>0</Animated>
			<RouteType>ROUTE_ROAD</RouteType>
			<Connections>NE E W</Connections>
			<ModelConnections>-</ModelConnections>
			<Rotations>0 90 180 270</Rotations>
		</RouteModelInfo>
		<RouteModelInfo>
			<ModelFile>Art/Terrain/Routes/Roads/RoadB07.nif</ModelFile>
			<LateModelFile>Art/Terrain/Routes/Roads/RoadB07.nif</LateModelFile>
			<ModelFileKey>C11</ModelFileKey>
			<Animated>0</Animated>
			<RouteType>ROUTE_ROAD</RouteType>
			<Connections>N E SE</Connections>
			<ModelConnections>N SE</ModelConnections>
			<Rotations>0 90 180 270</Rotations>
		</RouteModelInfo>
		<RouteModelInfo>
			<ModelFile>Art/Terrain/Routes/Roads/RoadC12.nif</ModelFile>
			<LateModelFile>Art/Terrain/Routes/Roads/RoadC12.nif</LateModelFile>
			<ModelFileKey>C12</ModelFileKey>
			<Animated>0</Animated>
			<RouteType>ROUTE_ROAD</RouteType>
			<Connections>NE SE S</Connections>
			<ModelConnections>-</ModelConnections>
			<Rotations>0 90 180 270</Rotations>
		</RouteModelInfo>
		<RouteModelInfo>
			<ModelFile>Art/Terrain/Routes/Roads/RoadB08.nif</ModelFile>
			<LateModelFile>Art/Terrain/Routes/Roads/RoadB08.nif</LateModelFile>
			<ModelFileKey>C13</ModelFileKey>
			<Animated>0</Animated>
			<RouteType>ROUTE_ROAD</RouteType>
			<Connections>NE E S</Connections>
			<ModelConnections>NE S</ModelConnections>
			<Rotations>0 90 180 270</Rotations>
		</RouteModelInfo>
		<RouteModelInfo>
			<ModelFile>Art/Terrain/Routes/Roads/RoadC14.nif</ModelFile>
			<LateModelFile>Art/Terrain/Routes/Roads/RoadC14.nif</LateModelFile>
			<ModelFileKey>C14</ModelFileKey>
			<Animated>0</Animated>
			<RouteType>ROUTE_ROAD</RouteType>
			<Connections>NE W NW</Connections>
			<ModelConnections>-</ModelConnections>
			<Rotations>0 90 180 270</Rotations>
		</RouteModelInfo>
		<RouteModelInfo>
			<ModelFile>Art/Terrain/Routes/Roads/RoadD02.nif</ModelFile>
			<LateModelFile>Art/Terrain/Routes/Roads/RoadD02.nif</LateModelFile>
			<ModelFileKey>D01</ModelFileKey>
			<Animated>0</Animated>
			<RouteType>ROUTE_ROAD</RouteType>
			<Connections>N E S W</Connections>
			<ModelConnections>NE SE SW NW</ModelConnections>
			<Rotations>0 90 180 270</Rotations>
		</RouteModelInfo>
		<RouteModelInfo>
			<ModelFile>Art/Terrain/Routes/Roads/RoadD02.nif</ModelFile>
			<LateModelFile>Art/Terrain/Routes/Roads/RoadD02.nif</LateModelFile>
			<ModelFileKey>D02</ModelFileKey>
			<Animated>0</Animated>
			<RouteType>ROUTE_ROAD</RouteType>
			<Connections>NE SE SW NW</Connections>
			<ModelConnections>-</ModelConnections>
			<Rotations>0 90 180 270</Rotations>
		</RouteModelInfo>
		<RouteModelInfo>
			<ModelFile>Art/Terrain/Routes/Roads/RoadD03.nif</ModelFile>
			<LateModelFile>Art/Terrain/Routes/Roads/RoadD03.nif</LateModelFile>
			<ModelFileKey>D03</ModelFileKey>
			<Animated>0</Animated>
			<RouteType>ROUTE_ROAD</RouteType>
			<Connections>N NE E SW</Connections>
			<ModelConnections>-</ModelConnections>
			<Rotations>0 90 180 270</Rotations>
		</RouteModelInfo>
		<RouteModelInfo>
			<ModelFile>Art/Terrain/Routes/Roads/RoadC04.nif</ModelFile>
			<LateModelFile>Art/Terrain/Routes/Roads/RoadC04.nif</LateModelFile>
			<ModelFileKey>D04</ModelFileKey>
			<Animated>0</Animated>
			<RouteType>ROUTE_ROAD</RouteType>
			<Connections>NE E SE W</Connections>
			<ModelConnections>NE SE W</ModelConnections>
			<Rotations>0 90 180 270</Rotations>
		</RouteModelInfo>
		<RouteModelInfo>
			<ModelFile>Art/Terrain/Routes/Roads/RoadD05.nif</ModelFile>
			<LateModelFile>Art/Terrain/Routes/Roads/RoadD05.nif</LateModelFile>
			<ModelFileKey>D05</ModelFileKey>
			<Animated>0</Animated>
			<RouteType>ROUTE_ROAD</RouteType>
			<Connections>N NE SE S</Connections>
			<ModelConnections>-</ModelConnections>
			<Rotations>0 90 180 270</Rotations>
		</RouteModelInfo>
		<RouteModelInfo>
			<ModelFile>Art/Terrain/Routes/Roads/RoadB04.nif</ModelFile>
			<LateModelFile>Art/Terrain/Routes/Roads/RoadB04.nif</LateModelFile>
			<ModelFileKey>D06</ModelFileKey>
			<Animated>0</Animated>
			<RouteType>ROUTE_ROAD</RouteType>
			<Connections>NE E S SW</Connections>
			<ModelConnections>NE SW</ModelConnections>
			<Rotations>0 90 180 270</Rotations>
		</RouteModelInfo>
		<RouteModelInfo>
			<ModelFile>Art/Terrain/Routes/Roads/RoadD07.nif</ModelFile>
			<LateModelFile>Art/Terrain/Routes/Roads/RoadD07.nif</LateModelFile>
			<ModelFileKey>D07</ModelFileKey>
			<Animated>0</Animated>
			<RouteType>ROUTE_ROAD</RouteType>
			<Connections>N NE S SW</Connections>
			<ModelConnections>-</ModelConnections>
			<Rotations>0 90 180 270</Rotations>
		</RouteModelInfo>
		<RouteModelInfo>
			<ModelFile>Art/Terrain/Routes/Roads/RoadD08.nif</ModelFile>
			<LateModelFile>Art/Terrain/Routes/Roads/RoadD08.nif</LateModelFile>
			<ModelFileKey>D08</ModelFileKey>
			<Animated>0</Animated>
			<RouteType>ROUTE_ROAD</RouteType>
			<Connections>NE E SW W</Connections>
			<ModelConnections>-</ModelConnections>
			<Rotations>0 90 180 270</Rotations>
		</RouteModelInfo>
		<RouteModelInfo>
			<ModelFile>Art/Terrain/Routes/Roads/RoadB08.nif</ModelFile>
			<LateModelFile>Art/Terrain/Routes/Roads/RoadB08.nif</LateModelFile>
			<ModelFileKey>D09</ModelFileKey>
			<Animated>0</Animated>
			<RouteType>ROUTE_ROAD</RouteType>
			<Connections>N NE S W</Connections>
			<ModelConnections>NE S</ModelConnections>
			<Rotations>0 90 180 270</Rotations>
		</RouteModelInfo>
		<RouteModelInfo>
			<ModelFile>Art/Terrain/Routes/Roads/RoadB07.nif</ModelFile>
			<LateModelFile>Art/Terrain/Routes/Roads/RoadB07.nif</LateModelFile>
			<ModelFileKey>D10</ModelFileKey>
			<Animated>0</Animated>
			<RouteType>ROUTE_ROAD</RouteType>
			<Connections>N SE S W</Connections>
			<ModelConnections>N SE</ModelConnections>
			<Rotations>0 90 180 270</Rotations>
		</RouteModelInfo>
		<RouteModelInfo>
			<ModelFile>Art/Terrain/Routes/Roads/RoadC06.nif</ModelFile>
			<LateModelFile>Art/Terrain/Routes/Roads/RoadC06.nif</LateModelFile>
			<ModelFileKey>D11</ModelFileKey>
			<Animated>0</Animated>
			<RouteType>ROUTE_ROAD</RouteType>
			<Connections>N NE SE NW</Connections>
			<ModelConnections>NE SE NW</ModelConnections>
			<Rotations>0 90 180 270</Rotations>
		</RouteModelInfo>
		<RouteModelInfo>
			<ModelFile>Art/Terrain/Routes/Roads/RoadC07.nif</ModelFile>
			<LateModelFile>Art/Terrain/Routes/Roads/RoadC07.nif</LateModelFile>
			<ModelFileKey>D12</ModelFileKey>
			<Animated>0</Animated>
			<RouteType>ROUTE_ROAD</RouteType>
			<Connections>N NE E S</Connections>
			<ModelConnections>N NE S</ModelConnections>
			<Rotations>0 90 180 270</Rotations>
		</RouteModelInfo>
		<RouteModelInfo>
			<ModelFile>Art/Terrain/Routes/Roads/RoadC04.nif</ModelFile>
			<LateModelFile>Art/Terrain/Routes/Roads/RoadC04.nif</LateModelFile>
			<ModelFileKey>D13</ModelFileKey>
			<Animated>0</Animated>
			<RouteType>ROUTE_ROAD</RouteType>
			<Connections>N NE SE W</Connections>
			<ModelConnections>NE SE W</ModelConnections>
			<Rotations>0 90 180 270</Rotations>
		</RouteModelInfo>
		<RouteModelInfo>
			<ModelFile>Art/Terrain/Routes/Roads/RoadC04.nif</ModelFile>
			<LateModelFile>Art/Terrain/Routes/Roads/RoadC04.nif</LateModelFile>
			<ModelFileKey>D14</ModelFileKey>
			<Animated>0</Animated>
			<RouteType>ROUTE_ROAD</RouteType>
			<Connections>NE SE S W</Connections>
			<ModelConnections>NE SE W</ModelConnections>
			<Rotations>0 90 180 270</Rotations>
		</RouteModelInfo>
		<RouteModelInfo>
			<ModelFile>Art/Terrain/Routes/Roads/RoadC10.nif</ModelFile>
			<LateModelFile>Art/Terrain/Routes/Roads/RoadC10.nif</LateModelFile>
			<ModelFileKey>D15</ModelFileKey>
			<Animated>0</Animated>
			<RouteType>ROUTE_ROAD</RouteType>
			<Connections>N NE E W</Connections>
			<ModelConnections>NE E W</ModelConnections>
			<Rotations>0 90 180 270</Rotations>
		</RouteModelInfo>
		<RouteModelInfo>
			<ModelFile>Art/Terrain/Routes/Roads/RoadC06.nif</ModelFile>
			<LateModelFile>Art/Terrain/Routes/Roads/RoadC06.nif</LateModelFile>
			<ModelFileKey>D16</ModelFileKey>
			<Animated>0</Animated>
			<RouteType>ROUTE_ROAD</RouteType>
			<Connections>NE E SE NW</Connections>
			<ModelConnections>NE SE NW</ModelConnections>
			<Rotations>0 90 180 270</Rotations>
		</RouteModelInfo>
		<RouteModelInfo>
			<ModelFile>Art/Terrain/Routes/Roads/RoadC12.nif</ModelFile>
			<LateModelFile>Art/Terrain/Routes/Roads/RoadC12.nif</LateModelFile>
			<ModelFileKey>D17</ModelFileKey>
			<Animated>0</Animated>
			<RouteType>ROUTE_ROAD</RouteType>
			<Connections>NE E SE S</Connections>
			<ModelConnections>NE SE S</ModelConnections>
			<Rotations>0 90 180 270</Rotations>
		</RouteModelInfo>
		<RouteModelInfo>
			<ModelFile>Art/Terrain/Routes/Roads/RoadC14.nif</ModelFile>
			<LateModelFile>Art/Terrain/Routes/Roads/RoadC14.nif</LateModelFile>
			<ModelFileKey>D18</ModelFileKey>
			<Animated>0</Animated>
			<RouteType>ROUTE_ROAD</RouteType>
			<Connections>N NE W NW</Connections>
			<ModelConnections>NE W NW</ModelConnections>
			<Rotations>0 90 180 270</Rotations>
		</RouteModelInfo>
		<RouteModelInfo>
			<ModelFile>Art/Terrain/Routes/Roads/RoadD19.nif</ModelFile>
			<LateModelFile>Art/Terrain/Routes/Roads/RoadD19.nif</LateModelFile>
			<ModelFileKey>D19</ModelFileKey>
			<Animated>0</Animated>
			<RouteType>ROUTE_ROAD</RouteType>
			<Connections>NE SE SW W</Connections>
			<ModelConnections>-</ModelConnections>
			<Rotations>0 90 180 270</Rotations>
		</RouteModelInfo>
		<RouteModelInfo>
			<ModelFile>Art/Terrain/Routes/Roads/RoadD20.nif</ModelFile>
			<LateModelFile>Art/Terrain/Routes/Roads/RoadD20.nif</LateModelFile>
			<ModelFileKey>D20</ModelFileKey>
			<Animated>0</Animated>
			<RouteType>ROUTE_ROAD</RouteType>
			<Connections>NE SE W NW</Connections>
			<ModelConnections>-</ModelConnections>
			<Rotations>0 90 180 270</Rotations>
		</RouteModelInfo>
		<RouteModelInfo>
			<ModelFile>Art/Terrain/Routes/Roads/RoadD02.nif</ModelFile>
			<LateModelFile>Art/Terrain/Routes/Roads/RoadD02.nif</LateModelFile>
			<ModelFileKey>E01</ModelFileKey>
			<Animated>0</Animated>
			<RouteType>ROUTE_ROAD</RouteType>
			<Connections>N NE E S W</Connections>
			<ModelConnections>NE SE SW NW</ModelConnections>
			<Rotations>0 90 180 270</Rotations>
		</RouteModelInfo>
		<RouteModelInfo>
			<ModelFile>Art/Terrain/Routes/Roads/RoadD02.nif</ModelFile>
			<LateModelFile>Art/Terrain/Routes/Roads/RoadD02.nif</LateModelFile>
			<ModelFileKey>E02</ModelFileKey>
			<Animated>0</Animated>
			<RouteType>ROUTE_ROAD</RouteType>
			<Connections>NE E SE SW NW</Connections>
			<ModelConnections>NE SE SW NW</ModelConnections>
			<Rotations>0 90 180 270</Rotations>
		</RouteModelInfo>
		<RouteModelInfo>
			<ModelFile>Art/Terrain/Routes/Roads/RoadD20.nif</ModelFile>
			<LateModelFile>Art/Terrain/Routes/Roads/RoadD20.nif</LateModelFile>
			<ModelFileKey>E03</ModelFileKey>
			<Animated>0</Animated>
			<RouteType>ROUTE_ROAD</RouteType>
			<Connections>N NE SE W NW</Connections>
			<ModelConnections>NE SE W NW</ModelConnections>
			<Rotations>0 90 180 270</Rotations>
		</RouteModelInfo>
		<RouteModelInfo>
			<ModelFile>Art/Terrain/Routes/Roads/RoadC04.nif</ModelFile>
			<LateModelFile>Art/Terrain/Routes/Roads/RoadC04.nif</LateModelFile>
			<ModelFileKey>E04</ModelFileKey>
			<Animated>0</Animated>
			<RouteType>ROUTE_ROAD</RouteType>
			<Connections>NE E SE S W</Connections>
			<ModelConnections>NE SE W</ModelConnections>
			<Rotations>0 90 180 270</Rotations>
		</RouteModelInfo>
		<RouteModelInfo>
			<ModelFile>Art/Terrain/Routes/Roads/RoadD05.nif</ModelFile>
			<LateModelFile>Art/Terrain/Routes/Roads/RoadD05.nif</LateModelFile>
			<ModelFileKey>E05</ModelFileKey>
			<Animated>0</Animated>
			<RouteType>ROUTE_ROAD</RouteType>
			<Connections>N NE E SE S</Connections>
			<ModelConnections>N NE SE S</ModelConnections>
			<Rotations>0 90 180 270</Rotations>
		</RouteModelInfo>
		<RouteModelInfo>
			<ModelFile>Art/Terrain/Routes/Roads/RoadB04.nif</ModelFile>
			<LateModelFile>Art/Terrain/Routes/Roads/RoadB04.nif</LateModelFile>
			<ModelFileKey>E06</ModelFileKey>
			<Animated>0</Animated>
			<RouteType>ROUTE_ROAD</RouteType>
			<Connections>NE E SE S SW</Connections>
			<ModelConnections>NE SW</ModelConnections>
			<Rotations>0 90 180 270</Rotations>
		</RouteModelInfo>
		<RouteModelInfo>
			<ModelFile>Art/Terrain/Routes/Roads/RoadC08.nif</ModelFile>
			<LateModelFile>Art/Terrain/Routes/Roads/RoadC08.nif</LateModelFile>
			<ModelFileKey>E07</ModelFileKey>
			<Animated>0</Animated>
			<RouteType>ROUTE_ROAD</RouteType>
			<Connections>N NE E SW W</Connections>
			<ModelConnections>NE E SW</ModelConnections>
			<Rotations>0 90 180 270</Rotations>
		</RouteModelInfo>
		<RouteModelInfo>
			<ModelFile>Art/Terrain/Routes/Roads/RoadD20.nif</ModelFile>
			<LateModelFile>Art/Terrain/Routes/Roads/RoadD20.nif</LateModelFile>
			<ModelFileKey>E08</ModelFileKey>
			<Animated>0</Animated>
			<RouteType>ROUTE_ROAD</RouteType>
			<Connections>NE E SE W NW</Connections>
			<ModelConnections>NE SE W NW</ModelConnections>
			<Rotations>0 90 180 270</Rotations>
		</RouteModelInfo>
		<RouteModelInfo>
			<ModelFile>Art/Terrain/Routes/Roads/RoadC09.nif</ModelFile>
			<LateModelFile>Art/Terrain/Routes/Roads/RoadC09.nif</LateModelFile>
			<ModelFileKey>E09</ModelFileKey>
			<Animated>0</Animated>
			<RouteType>ROUTE_ROAD</RouteType>
			<Connections>N NE E S SW</Connections>
			<ModelConnections>N NE SW</ModelConnections>
			<Rotations>0 90 180 270</Rotations>
		</RouteModelInfo>
		<RouteModelInfo>
			<ModelFile>Art/Terrain/Routes/Roads/RoadD19.nif</ModelFile>
			<LateModelFile>Art/Terrain/Routes/Roads/RoadD19.nif</LateModelFile>
			<ModelFileKey>E10</ModelFileKey>
			<Animated>0</Animated>
			<RouteType>ROUTE_ROAD</RouteType>
			<Connections>NE E SE SW W</Connections>
			<ModelConnections>NE SE SW W</ModelConnections>
			<Rotations>0 90 180 270</Rotations>
		</RouteModelInfo>
		<RouteModelInfo>
			<ModelFile>Art/Terrain/Routes/Roads/RoadC06.nif</ModelFile>
			<LateModelFile>Art/Terrain/Routes/Roads/RoadC06.nif</LateModelFile>
			<ModelFileKey>E11</ModelFileKey>
			<Animated>0</Animated>
			<RouteType>ROUTE_ROAD</RouteType>
			<Connections>NE SE S W NW</Connections>
			<ModelConnections>NE SE NW</ModelConnections>
			<Rotations>0 90 180 270</Rotations>
		</RouteModelInfo>
		<RouteModelInfo>
			<ModelFile>Art/Terrain/Routes/Roads/RoadB06.nif</ModelFile>
			<LateModelFile>Art/Terrain/Routes/Roads/RoadB06.nif</LateModelFile>
			<ModelFileKey>E12</ModelFileKey>
			<Animated>0</Animated>
			<RouteType>ROUTE_ROAD</RouteType>
			<Connections>N NE SE S W</Connections>
			<ModelConnections>NE SE</ModelConnections>
			<Rotations>0 90 180 270</Rotations>
		</RouteModelInfo>
		<RouteModelInfo>
			<ModelFile>Art/Terrain/Routes/Roads/RoadD19.nif</ModelFile>
			<LateModelFile>Art/Terrain/Routes/Roads/RoadD19.nif</LateModelFile>
			<ModelFileKey>E13</ModelFileKey>
			<Animated>0</Animated>
			<RouteType>ROUTE_ROAD</RouteType>
			<Connections>NE SE S SW W</Connections>
			<ModelConnections>NE SE SW W</ModelConnections>
			<Rotations>0 90 180 270</Rotations>
		</RouteModelInfo>
		<RouteModelInfo>
			<ModelFile>Art/Terrain/Routes/Roads/RoadC04.nif</ModelFile>
			<LateModelFile>Art/Terrain/Routes/Roads/RoadC04.nif</LateModelFile>
			<ModelFileKey>E14</ModelFileKey>
			<Animated>0</Animated>
			<RouteType>ROUTE_ROAD</RouteType>
			<Connections>N NE E SE W</Connections>
			<ModelConnections>NE SE W</ModelConnections>
			<Rotations>0 90 180 270</Rotations>
		</RouteModelInfo>
		<RouteModelInfo>
			<ModelFile>Art/Terrain/Routes/Roads/RoadD02.nif</ModelFile>
			<LateModelFile>Art/Terrain/Routes/Roads/RoadD02.nif</LateModelFile>
			<ModelFileKey>F01</ModelFileKey>
			<Animated>0</Animated>
			<RouteType>ROUTE_ROAD</RouteType>
			<Connections>N E SE S W NW</Connections>
			<ModelConnections>NE SE SW NW</ModelConnections>
			<Rotations>0 90 180 270</Rotations>
		</RouteModelInfo>
		<RouteModelInfo>
			<ModelFile>Art/Terrain/Routes/Roads/RoadD02.nif</ModelFile>
			<LateModelFile>Art/Terrain/Routes/Roads/RoadD02.nif</LateModelFile>
			<ModelFileKey>F02</ModelFileKey>
			<Animated>0</Animated>
			<RouteType>ROUTE_ROAD</RouteType>
			<Connections>N NE SE S SW NW</Connections>
			<ModelConnections>NE SE SW NW</ModelConnections>
			<Rotations>0 90 180 270</Rotations>
		</RouteModelInfo>
		<RouteModelInfo>
			<ModelFile>Art/Terrain/Routes/Roads/RoadD02.nif</ModelFile>
			<LateModelFile>Art/Terrain/Routes/Roads/RoadD02.nif</LateModelFile>
			<ModelFileKey>F03</ModelFileKey>
			<Animated>0</Animated>
			<RouteType>ROUTE_ROAD</RouteType>
			<Connections>N NE E SE S W</Connections>
			<ModelConnections>NE SE SW NW</ModelConnections>
			<Rotations>0 90 180 270</Rotations>
		</RouteModelInfo>
		<RouteModelInfo>
			<ModelFile>Art/Terrain/Routes/Roads/RoadD02.nif</ModelFile>
			<LateModelFile>Art/Terrain/Routes/Roads/RoadD02.nif</LateModelFile>
			<ModelFileKey>F04</ModelFileKey>
			<Animated>0</Animated>
			<RouteType>ROUTE_ROAD</RouteType>
			<Connections>N NE E SE SW NW</Connections>
			<ModelConnections>NE SE SW NW</ModelConnections>
			<Rotations>0 90 180 270</Rotations>
		</RouteModelInfo>
		<RouteModelInfo>
			<ModelFile>Art/Terrain/Routes/Roads/RoadC08.nif</ModelFile>
			<LateModelFile>Art/Terrain/Routes/Roads/RoadC08.nif</LateModelFile>
			<ModelFileKey>F05</ModelFileKey>
			<Animated>0</Animated>
			<RouteType>ROUTE_ROAD</RouteType>
			<Connections>N NE E SW W NW</Connections>
			<ModelConnections>NE E SW</ModelConnections>
			<Rotations>0 90 180 270</Rotations>
		</RouteModelInfo>
		<RouteModelInfo>
			<ModelFile>Art/Terrain/Routes/Roads/RoadD20.nif</ModelFile>
			<LateModelFile>Art/Terrain/Routes/Roads/RoadD20.nif</LateModelFile>
			<ModelFileKey>F06</ModelFileKey>
			<Animated>0</Animated>
			<RouteType>ROUTE_ROAD</RouteType>
			<Connections>N NE E SE W NW</Connections>
			<ModelConnections>NE SE W NW</ModelConnections>
			<Rotations>0 90 180 270</Rotations>
		</RouteModelInfo>
		<RouteModelInfo>
			<ModelFile>Art/Terrain/Routes/Roads/RoadC06.nif</ModelFile>
			<LateModelFile>Art/Terrain/Routes/Roads/RoadC06.nif</LateModelFile>
			<ModelFileKey>F07</ModelFileKey>
			<Animated>0</Animated>
			<RouteType>ROUTE_ROAD</RouteType>
			<Connections>N NE SE S W NW</Connections>
			<ModelConnections>NE SE NW</ModelConnections>
			<Rotations>0 90 180 270</Rotations>
		</RouteModelInfo>
		<RouteModelInfo>
			<ModelFile>Art/Terrain/Routes/Roads/RoadC06.nif</ModelFile>
			<LateModelFile>Art/Terrain/Routes/Roads/RoadC06.nif</LateModelFile>
			<ModelFileKey>F08</ModelFileKey>
			<Animated>0</Animated>
			<RouteType>ROUTE_ROAD</RouteType>
			<Connections>NE E SE S W NW</Connections>
			<ModelConnections>NE SE NW</ModelConnections>
			<Rotations>0 90 180 270</Rotations>
		</RouteModelInfo>
		<RouteModelInfo>
			<ModelFile>Art/Terrain/Routes/Roads/RoadD02.nif</ModelFile>
			<LateModelFile>Art/Terrain/Routes/Roads/RoadD02.nif</LateModelFile>
			<ModelFileKey>G01</ModelFileKey>
			<Animated>0</Animated>
			<RouteType>ROUTE_ROAD</RouteType>
			<Connections>N E SE S SW W NW</Connections>
			<ModelConnections>NE SE SW NW</ModelConnections>
			<Rotations>0 90 180 270</Rotations>
		</RouteModelInfo>
		<RouteModelInfo>
			<ModelFile>Art/Terrain/Routes/Roads/RoadD02.nif</ModelFile>
			<LateModelFile>Art/Terrain/Routes/Roads/RoadD02.nif</LateModelFile>
			<ModelFileKey>G02</ModelFileKey>
			<Animated>0</Animated>
			<RouteType>ROUTE_ROAD</RouteType>
			<Connections>N NE SE S SW W NW</Connections>
			<ModelConnections>NE SE SW NW</ModelConnections>
			<Rotations>0 90 180 270</Rotations>
		</RouteModelInfo>
		<RouteModelInfo>
			<ModelFile>Art/Terrain/Routes/Roads/RoadD02.nif</ModelFile>
			<LateModelFile>Art/Terrain/Routes/Roads/RoadD02.nif</LateModelFile>
			<ModelFileKey>H01</ModelFileKey>
			<Animated>0</Animated>
			<RouteType>ROUTE_ROAD</RouteType>
			<Connections>N NE E SE S SW W NW</Connections>
			<ModelConnections>NE SE SW NW</ModelConnections>
			<Rotations>0 90 180 270</Rotations>
		</RouteModelInfo>
		<RouteModelInfo>
			<ModelFile>Art/Terrain/Routes/Railroads/RailroadA00.nif</ModelFile>
			<LateModelFile>Art/Terrain/Routes/Railroads/RailroadA00.nif</LateModelFile>
			<ModelFileKey>A00</ModelFileKey>
			<Animated>0</Animated>
			<RouteType>ROUTE_RAILROAD</RouteType>
			<Connections>-</Connections>
			<ModelConnections>-</ModelConnections>
			<Rotations>0 90 180 270</Rotations>
		</RouteModelInfo>
		<RouteModelInfo>
			<ModelFile>Art/Terrain/Routes/Railroads/RailroadA01.nif</ModelFile>
			<LateModelFile>Art/Terrain/Routes/Railroads/RailroadA01.nif</LateModelFile>
			<ModelFileKey>A01</ModelFileKey>
			<Animated>0</Animated>
			<RouteType>ROUTE_RAILROAD</RouteType>
			<Connections>N</Connections>
			<ModelConnections>-</ModelConnections>
			<Rotations>0 90 180 270</Rotations>
		</RouteModelInfo>
		<RouteModelInfo>
			<ModelFile>Art/Terrain/Routes/Railroads/RailroadA02.nif</ModelFile>
			<LateModelFile>Art/Terrain/Routes/Railroads/RailroadA02.nif</LateModelFile>
			<ModelFileKey>A02</ModelFileKey>
			<Animated>0</Animated>
			<RouteType>ROUTE_RAILROAD</RouteType>
			<Connections>NE</Connections>
			<ModelConnections>-</ModelConnections>
			<Rotations>0 90 180 270</Rotations>
		</RouteModelInfo>
		<RouteModelInfo>
			<ModelFile>Art/Terrain/Routes/Railroads/RailroadB01.nif</ModelFile>
			<LateModelFile>Art/Terrain/Routes/Railroads/RailroadB01.nif</LateModelFile>
			<ModelFileKey>B01</ModelFileKey>
			<Animated>0</Animated>
			<RouteType>ROUTE_RAILROAD</RouteType>
			<Connections>N NE</Connections>
			<ModelConnections>-</ModelConnections>
			<Rotations>0 90 180 270</Rotations>
		</RouteModelInfo>
		<RouteModelInfo>
			<ModelFile>Art/Terrain/Routes/Railroads/RailroadB02.nif</ModelFile>
			<LateModelFile>Art/Terrain/Routes/Railroads/RailroadB02.nif</LateModelFile>
			<ModelFileKey>B02</ModelFileKey>
			<Animated>0</Animated>
			<RouteType>ROUTE_RAILROAD</RouteType>
			<Connections>NE E</Connections>
			<ModelConnections>-</ModelConnections>
			<Rotations>0 90 180 270</Rotations>
		</RouteModelInfo>
		<RouteModelInfo>
			<ModelFile>Art/Terrain/Routes/Railroads/RailroadB03.nif</ModelFile>
			<LateModelFile>Art/Terrain/Routes/Railroads/RailroadB03.nif</LateModelFile>
			<ModelFileKey>B03</ModelFileKey>
			<Animated>0</Animated>
			<RouteType>ROUTE_RAILROAD</RouteType>
			<Connections>N S</Connections>
			<ModelConnections>-</ModelConnections>
			<Rotations>0 90 180 270</Rotations>
		</RouteModelInfo>
		<RouteModelInfo>
			<ModelFile>Art/Terrain/Routes/Railroads/RailroadB04.nif</ModelFile>
			<LateModelFile>Art/Terrain/Routes/Railroads/RailroadB04.nif</LateModelFile>
			<ModelFileKey>B04</ModelFileKey>
			<Animated>0</Animated>
			<RouteType>ROUTE_RAILROAD</RouteType>
			<Connections>NE SW</Connections>
			<ModelConnections>-</ModelConnections>
			<Rotations>0 90 180 270</Rotations>
		</RouteModelInfo>
		<RouteModelInfo>
			<ModelFile>Art/Terrain/Routes/Railroads/RailroadB05.nif</ModelFile>
			<LateModelFile>Art/Terrain/Routes/Railroads/RailroadB05.nif</LateModelFile>
			<ModelFileKey>B05</ModelFileKey>
			<Animated>0</Animated>
			<RouteType>ROUTE_RAILROAD</RouteType>
			<Connections>N E</Connections>
			<ModelConnections>-</ModelConnections>
			<Rotations>0 90 180 270</Rotations>
		</RouteModelInfo>
		<RouteModelInfo>
			<ModelFile>Art/Terrain/Routes/Railroads/RailroadB06.nif</ModelFile>
			<LateModelFile>Art/Terrain/Routes/Railroads/RailroadB06.nif</LateModelFile>
			<ModelFileKey>B06</ModelFileKey>
			<Animated>0</Animated>
			<RouteType>ROUTE_RAILROAD</RouteType>
			<Connections>NE SE</Connections>
			<ModelConnections>-</ModelConnections>
			<Rotations>0 90 180 270</Rotations>
		</RouteModelInfo>
		<RouteModelInfo>
			<ModelFile>Art/Terrain/Routes/Railroads/RailroadB07.nif</ModelFile>
			<LateModelFile>Art/Terrain/Routes/Railroads/RailroadB07.nif</LateModelFile>
			<ModelFileKey>B07</ModelFileKey>
			<Animated>0</Animated>
			<RouteType>ROUTE_RAILROAD</RouteType>
			<Connections>N SE</Connections>
			<ModelConnections>-</ModelConnections>
			<Rotations>0 90 180 270</Rotations>
		</RouteModelInfo>
		<RouteModelInfo>
			<ModelFile>Art/Terrain/Routes/Railroads/RailroadB08.nif</ModelFile>
			<LateModelFile>Art/Terrain/Routes/Railroads/RailroadB08.nif</LateModelFile>
			<ModelFileKey>B08</ModelFileKey>
			<Animated>0</Animated>
			<RouteType>ROUTE_RAILROAD</RouteType>
			<Connections>NE S</Connections>
			<ModelConnections>-</ModelConnections>
			<Rotations>0 90 180 270</Rotations>
		</RouteModelInfo>
		<RouteModelInfo>
			<ModelFile>Art/Terrain/Routes/Railroads/RailroadB05.nif</ModelFile>
			<LateModelFile>Art/Terrain/Routes/Railroads/RailroadB05.nif</LateModelFile>
			<ModelFileKey>C01</ModelFileKey>
			<Animated>0</Animated>
			<RouteType>ROUTE_RAILROAD</RouteType>
			<Connections>N NE E</Connections>
			<ModelConnections>N E</ModelConnections>
			<Rotations>0 90 180 270</Rotations>
		</RouteModelInfo>
		<RouteModelInfo>
			<ModelFile>Art/Terrain/Routes/Railroads/RailroadB06.nif</ModelFile>
			<LateModelFile>Art/Terrain/Routes/Railroads/RailroadB06.nif</LateModelFile>
			<ModelFileKey>C02</ModelFileKey>
			<Animated>0</Animated>
			<RouteType>ROUTE_RAILROAD</RouteType>
			<Connections>NE E SE</Connections>
			<ModelConnections>NE SE</ModelConnections>
			<Rotations>0 90 180 270</Rotations>
		</RouteModelInfo>
		<RouteModelInfo>
			<ModelFile>Art/Terrain/Routes/Railroads/RailroadC03.nif</ModelFile>
			<LateModelFile>Art/Terrain/Routes/Railroads/RailroadC03.nif</LateModelFile>
			<ModelFileKey>C03</ModelFileKey>
			<Animated>0</Animated>
			<RouteType>ROUTE_RAILROAD</RouteType>
			<Connections>N E SW</Connections>
			<ModelConnections>-</ModelConnections>
			<Rotations>0 90 180 270</Rotations>
		</RouteModelInfo>
		<RouteModelInfo>
			<ModelFile>Art/Terrain/Routes/Railroads/RailroadC04.nif</ModelFile>
			<LateModelFile>Art/Terrain/Routes/Railroads/RailroadC04.nif</LateModelFile>
			<ModelFileKey>C04</ModelFileKey>
			<Animated>0</Animated>
			<RouteType>ROUTE_RAILROAD</RouteType>
			<Connections>NE SE W</Connections>
			<ModelConnections>-</ModelConnections>
			<Rotations>0 90 180 270</Rotations>
		</RouteModelInfo>
		<RouteModelInfo>
			<ModelFile>Art/Terrain/Routes/Railroads/RailroadB03.nif</ModelFile>
			<LateModelFile>Art/Terrain/Routes/Railroads/RailroadB03.nif</LateModelFile>
			<ModelFileKey>C05OtherDir</ModelFileKey>
			<Animated>0</Animated>
			<RouteType>ROUTE_RAILROAD</RouteType>
			<Connections>N E S</Connections>
			<ModelConnections>N S</ModelConnections>
			<Rotations>0 90 180 270</Rotations>
		</RouteModelInfo>
		<RouteModelInfo>
			<ModelFile>Art/Terrain/Routes/Railroads/RailroadC06.nif</ModelFile>
			<LateModelFile>Art/Terrain/Routes/Railroads/RailroadC06.nif</LateModelFile>
			<ModelFileKey>C06</ModelFileKey>
			<Animated>0</Animated>
			<RouteType>ROUTE_RAILROAD</RouteType>
			<Connections>NE SE NW</Connections>
			<ModelConnections>-</ModelConnections>
			<Rotations>0 90 180 270</Rotations>
		</RouteModelInfo>
		<RouteModelInfo>
			<ModelFile>Art/Terrain/Routes/Railroads/RailroadC07.nif</ModelFile>
			<LateModelFile>Art/Terrain/Routes/Railroads/RailroadC07.nif</LateModelFile>
			<ModelFileKey>C07</ModelFileKey>
			<Animated>0</Animated>
			<RouteType>ROUTE_RAILROAD</RouteType>
			<Connections>N NE S</Connections>
			<ModelConnections>-</ModelConnections>
			<Rotations>0 90 180 270</Rotations>
		</RouteModelInfo>
		<RouteModelInfo>
			<ModelFile>Art/Terrain/Routes/Railroads/RailroadC08.nif</ModelFile>
			<LateModelFile>Art/Terrain/Routes/Railroads/RailroadC08.nif</LateModelFile>
			<ModelFileKey>C08</ModelFileKey>
			<Animated>0</Animated>
			<RouteType>ROUTE_RAILROAD</RouteType>
			<Connections>NE E SW</Connections>
			<ModelConnections>-</ModelConnections>
			<Rotations>0 90 180 270</Rotations>
		</RouteModelInfo>
		<RouteModelInfo>
			<ModelFile>Art/Terrain/Routes/Railroads/RailroadC09.nif</ModelFile>
			<LateModelFile>Art/Terrain/Routes/Railroads/RailroadC09.nif</LateModelFile>
			<ModelFileKey>C09</ModelFileKey>
			<Animated>0</Animated>
			<RouteType>ROUTE_RAILROAD</RouteType>
			<Connections>N NE SW</Connections>
			<ModelConnections>-</ModelConnections>
			<Rotations>0 90 180 270</Rotations>
		</RouteModelInfo>
		<RouteModelInfo>
			<ModelFile>Art/Terrain/Routes/Railroads/RailroadC10.nif</ModelFile>
			<LateModelFile>Art/Terrain/Routes/Railroads/RailroadC10.nif</LateModelFile>
			<ModelFileKey>C10</ModelFileKey>
			<Animated>0</Animated>
			<RouteType>ROUTE_RAILROAD</RouteType>
			<Connections>NE E W</Connections>
			<ModelConnections>-</ModelConnections>
			<Rotations>0 90 180 270</Rotations>
		</RouteModelInfo>
		<RouteModelInfo>
			<ModelFile>Art/Terrain/Routes/Railroads/RailroadB07.nif</ModelFile>
			<LateModelFile>Art/Terrain/Routes/Railroads/RailroadB07.nif</LateModelFile>
			<ModelFileKey>C11</ModelFileKey>
			<Animated>0</Animated>
			<RouteType>ROUTE_RAILROAD</RouteType>
			<Connections>N E SE</Connections>
			<ModelConnections>N SE</ModelConnections>
			<Rotations>0 90 180 270</Rotations>
		</RouteModelInfo>
		<RouteModelInfo>
			<ModelFile>Art/Terrain/Routes/Railroads/RailroadC12.nif</ModelFile>
			<LateModelFile>Art/Terrain/Routes/Railroads/RailroadC12.nif</LateModelFile>
			<ModelFileKey>C12</ModelFileKey>
			<Animated>0</Animated>
			<RouteType>ROUTE_RAILROAD</RouteType>
			<Connections>NE SE S</Connections>
			<ModelConnections>-</ModelConnections>
			<Rotations>0 90 180 270</Rotations>
		</RouteModelInfo>
		<RouteModelInfo>
			<ModelFile>Art/Terrain/Routes/Railroads/RailroadB08.nif</ModelFile>
			<LateModelFile>Art/Terrain/Routes/Railroads/RailroadB08.nif</LateModelFile>
			<ModelFileKey>C13</ModelFileKey>
			<Animated>0</Animated>
			<RouteType>ROUTE_RAILROAD</RouteType>
			<Connections>NE E S</Connections>
			<ModelConnections>NE S</ModelConnections>
			<Rotations>0 90 180 270</Rotations>
		</RouteModelInfo>
		<RouteModelInfo>
			<ModelFile>Art/Terrain/Routes/Railroads/RailroadC14.nif</ModelFile>
			<LateModelFile>Art/Terrain/Routes/Railroads/RailroadC14.nif</LateModelFile>
			<ModelFileKey>C14</ModelFileKey>
			<Animated>0</Animated>
			<RouteType>ROUTE_RAILROAD</RouteType>
			<Connections>NE W NW</Connections>
			<ModelConnections>-</ModelConnections>
			<Rotations>0 90 180 270</Rotations>
		</RouteModelInfo>
		<RouteModelInfo>
			<ModelFile>Art/Terrain/Routes/Railroads/RailroadD02.nif</ModelFile>
			<LateModelFile>Art/Terrain/Routes/Railroads/RailroadD02.nif</LateModelFile>
			<ModelFileKey>D01</ModelFileKey>
			<Animated>0</Animated>
			<RouteType>ROUTE_RAILROAD</RouteType>
			<Connections>N E S W</Connections>
			<ModelConnections>NE SE SW NW</ModelConnections>
			<Rotations>0 90 180 270</Rotations>
		</RouteModelInfo>
		<RouteModelInfo>
			<ModelFile>Art/Terrain/Routes/Railroads/RailroadD02.nif</ModelFile>
			<LateModelFile>Art/Terrain/Routes/Railroads/RailroadD02.nif</LateModelFile>
			<ModelFileKey>D02</ModelFileKey>
			<Animated>0</Animated>
			<RouteType>ROUTE_RAILROAD</RouteType>
			<Connections>NE SE SW NW</Connections>
			<ModelConnections>-</ModelConnections>
			<Rotations>0 90 180 270</Rotations>
		</RouteModelInfo>
		<RouteModelInfo>
			<ModelFile>Art/Terrain/Routes/Railroads/RailroadD03.nif</ModelFile>
			<LateModelFile>Art/Terrain/Routes/Railroads/RailroadD03.nif</LateModelFile>
			<ModelFileKey>D03</ModelFileKey>
			<Animated>0</Animated>
			<RouteType>ROUTE_RAILROAD</RouteType>
			<Connections>N NE E SW</Connections>
			<ModelConnections>-</ModelConnections>
			<Rotations>0 90 180 270</Rotations>
		</RouteModelInfo>
		<RouteModelInfo>
			<ModelFile>Art/Terrain/Routes/Railroads/RailroadC04.nif</ModelFile>
			<LateModelFile>Art/Terrain/Routes/Railroads/RailroadC04.nif</LateModelFile>
			<ModelFileKey>D04</ModelFileKey>
			<Animated>0</Animated>
			<RouteType>ROUTE_RAILROAD</RouteType>
			<Connections>NE E SE W</Connections>
			<ModelConnections>NE SE W</ModelConnections>
			<Rotations>0 90 180 270</Rotations>
		</RouteModelInfo>
		<RouteModelInfo>
			<ModelFile>Art/Terrain/Routes/Railroads/RailroadD05.nif</ModelFile>
			<LateModelFile>Art/Terrain/Routes/Railroads/RailroadD05.nif</LateModelFile>
			<ModelFileKey>D05</ModelFileKey>
			<Animated>0</Animated>
			<RouteType>ROUTE_RAILROAD</RouteType>
			<Connections>N NE SE S</Connections>
			<ModelConnections>-</ModelConnections>
			<Rotations>0 90 180 270</Rotations>
		</RouteModelInfo>
		<RouteModelInfo>
			<ModelFile>Art/Terrain/Routes/Railroads/RailroadB04.nif</ModelFile>
			<LateModelFile>Art/Terrain/Routes/Railroads/RailroadB04.nif</LateModelFile>
			<ModelFileKey>D06</ModelFileKey>
			<Animated>0</Animated>
			<RouteType>ROUTE_RAILROAD</RouteType>
			<Connections>NE E S SW</Connections>
			<ModelConnections>NE SW</ModelConnections>
			<Rotations>0 90 180 270</Rotations>
		</RouteModelInfo>
		<RouteModelInfo>
			<ModelFile>Art/Terrain/Routes/Railroads/RailroadD07.nif</ModelFile>
			<LateModelFile>Art/Terrain/Routes/Railroads/RailroadD07.nif</LateModelFile>
			<ModelFileKey>D07</ModelFileKey>
			<Animated>0</Animated>
			<RouteType>ROUTE_RAILROAD</RouteType>
			<Connections>N NE S SW</Connections>
			<ModelConnections>-</ModelConnections>
			<Rotations>0 90 180 270</Rotations>
		</RouteModelInfo>
		<RouteModelInfo>
			<ModelFile>Art/Terrain/Routes/Railroads/RailroadD08.nif</ModelFile>
			<LateModelFile>Art/Terrain/Routes/Railroads/RailroadD08.nif</LateModelFile>
			<ModelFileKey>D08</ModelFileKey>
			<Animated>0</Animated>
			<RouteType>ROUTE_RAILROAD</RouteType>
			<Connections>NE E SW W</Connections>
			<ModelConnections>-</ModelConnections>
			<Rotations>0 90 180 270</Rotations>
		</RouteModelInfo>
		<RouteModelInfo>
			<ModelFile>Art/Terrain/Routes/Railroads/RailroadB08.nif</ModelFile>
			<LateModelFile>Art/Terrain/Routes/Railroads/RailroadB08.nif</LateModelFile>
			<ModelFileKey>D09</ModelFileKey>
			<Animated>0</Animated>
			<RouteType>ROUTE_RAILROAD</RouteType>
			<Connections>N NE S W</Connections>
			<ModelConnections>NE S</ModelConnections>
			<Rotations>0 90 180 270</Rotations>
		</RouteModelInfo>
		<RouteModelInfo>
			<ModelFile>Art/Terrain/Routes/Railroads/RailroadB07.nif</ModelFile>
			<LateModelFile>Art/Terrain/Routes/Railroads/RailroadB07.nif</LateModelFile>
			<ModelFileKey>D10</ModelFileKey>
			<Animated>0</Animated>
			<RouteType>ROUTE_RAILROAD</RouteType>
			<Connections>N SE S W</Connections>
			<ModelConnections>N SE</ModelConnections>
			<Rotations>0 90 180 270</Rotations>
		</RouteModelInfo>
		<RouteModelInfo>
			<ModelFile>Art/Terrain/Routes/Railroads/RailroadC06.nif</ModelFile>
			<LateModelFile>Art/Terrain/Routes/Railroads/RailroadC06.nif</LateModelFile>
			<ModelFileKey>D11</ModelFileKey>
			<Animated>0</Animated>
			<RouteType>ROUTE_RAILROAD</RouteType>
			<Connections>N NE SE NW</Connections>
			<ModelConnections>NE SE NW</ModelConnections>
			<Rotations>0 90 180 270</Rotations>
		</RouteModelInfo>
		<RouteModelInfo>
			<ModelFile>Art/Terrain/Routes/Railroads/RailroadC07.nif</ModelFile>
			<LateModelFile>Art/Terrain/Routes/Railroads/RailroadC07.nif</LateModelFile>
			<ModelFileKey>D12</ModelFileKey>
			<Animated>0</Animated>
			<RouteType>ROUTE_RAILROAD</RouteType>
			<Connections>N NE E S</Connections>
			<ModelConnections>N NE S</ModelConnections>
			<Rotations>0 90 180 270</Rotations>
		</RouteModelInfo>
		<RouteModelInfo>
			<ModelFile>Art/Terrain/Routes/Railroads/RailroadC04.nif</ModelFile>
			<LateModelFile>Art/Terrain/Routes/Railroads/RailroadC04.nif</LateModelFile>
			<ModelFileKey>D13</ModelFileKey>
			<Animated>0</Animated>
			<RouteType>ROUTE_RAILROAD</RouteType>
			<Connections>N NE SE W</Connections>
			<ModelConnections>NE SE W</ModelConnections>
			<Rotations>0 90 180 270</Rotations>
		</RouteModelInfo>
		<RouteModelInfo>
			<ModelFile>Art/Terrain/Routes/Railroads/RailroadC04.nif</ModelFile>
			<LateModelFile>Art/Terrain/Routes/Railroads/RailroadC04.nif</LateModelFile>
			<ModelFileKey>D14</ModelFileKey>
			<Animated>0</Animated>
			<RouteType>ROUTE_RAILROAD</RouteType>
			<Connections>NE SE S W</Connections>
			<ModelConnections>NE SE W</ModelConnections>
			<Rotations>0 90 180 270</Rotations>
		</RouteModelInfo>
		<RouteModelInfo>
			<ModelFile>Art/Terrain/Routes/Railroads/RailroadC10.nif</ModelFile>
			<LateModelFile>Art/Terrain/Routes/Railroads/RailroadC10.nif</LateModelFile>
			<ModelFileKey>D15</ModelFileKey>
			<Animated>0</Animated>
			<RouteType>ROUTE_RAILROAD</RouteType>
			<Connections>N NE E W</Connections>
			<ModelConnections>NE E W</ModelConnections>
			<Rotations>0 90 180 270</Rotations>
		</RouteModelInfo>
		<RouteModelInfo>
			<ModelFile>Art/Terrain/Routes/Railroads/RailroadC06.nif</ModelFile>
			<LateModelFile>Art/Terrain/Routes/Railroads/RailroadC06.nif</LateModelFile>
			<ModelFileKey>D16</ModelFileKey>
			<Animated>0</Animated>
			<RouteType>ROUTE_RAILROAD</RouteType>
			<Connections>NE E SE NW</Connections>
			<ModelConnections>NE SE NW</ModelConnections>
			<Rotations>0 90 180 270</Rotations>
		</RouteModelInfo>
		<RouteModelInfo>
			<ModelFile>Art/Terrain/Routes/Railroads/RailroadC12.nif</ModelFile>
			<LateModelFile>Art/Terrain/Routes/Railroads/RailroadC12.nif</LateModelFile>
			<ModelFileKey>D17</ModelFileKey>
			<Animated>0</Animated>
			<RouteType>ROUTE_RAILROAD</RouteType>
			<Connections>NE E SE S</Connections>
			<ModelConnections>NE SE S</ModelConnections>
			<Rotations>0 90 180 270</Rotations>
		</RouteModelInfo>
		<RouteModelInfo>
			<ModelFile>Art/Terrain/Routes/Railroads/RailroadC14.nif</ModelFile>
			<LateModelFile>Art/Terrain/Routes/Railroads/RailroadC14.nif</LateModelFile>
			<ModelFileKey>D18</ModelFileKey>
			<Animated>0</Animated>
			<RouteType>ROUTE_RAILROAD</RouteType>
			<Connections>N NE W NW</Connections>
			<ModelConnections>NE W NW</ModelConnections>
			<Rotations>0 90 180 270</Rotations>
		</RouteModelInfo>
		<RouteModelInfo>
			<ModelFile>Art/Terrain/Routes/Railroads/RailroadD19.nif</ModelFile>
			<LateModelFile>Art/Terrain/Routes/Railroads/RailroadD19.nif</LateModelFile>
			<ModelFileKey>D19</ModelFileKey>
			<Animated>0</Animated>
			<RouteType>ROUTE_RAILROAD</RouteType>
			<Connections>NE SE SW W</Connections>
			<ModelConnections>-</ModelConnections>
			<Rotations>0 90 180 270</Rotations>
		</RouteModelInfo>
		<RouteModelInfo>
			<ModelFile>Art/Terrain/Routes/Railroads/RailroadD20.nif</ModelFile>
			<LateModelFile>Art/Terrain/Routes/Railroads/RailroadD20.nif</LateModelFile>
			<ModelFileKey>D20</ModelFileKey>
			<Animated>0</Animated>
			<RouteType>ROUTE_RAILROAD</RouteType>
			<Connections>NE SE W NW</Connections>
			<ModelConnections>-</ModelConnections>
			<Rotations>0 90 180 270</Rotations>
		</RouteModelInfo>
		<RouteModelInfo>
			<ModelFile>Art/Terrain/Routes/Railroads/RailroadD02.nif</ModelFile>
			<LateModelFile>Art/Terrain/Routes/Railroads/RailroadD02.nif</LateModelFile>
			<ModelFileKey>E01</ModelFileKey>
			<Animated>0</Animated>
			<RouteType>ROUTE_RAILROAD</RouteType>
			<Connections>N NE E S W</Connections>
			<ModelConnections>NE SE SW NW</ModelConnections>
			<Rotations>0 90 180 270</Rotations>
		</RouteModelInfo>
		<RouteModelInfo>
			<ModelFile>Art/Terrain/Routes/Railroads/RailroadD02.nif</ModelFile>
			<LateModelFile>Art/Terrain/Routes/Railroads/RailroadD02.nif</LateModelFile>
			<ModelFileKey>E02</ModelFileKey>
			<Animated>0</Animated>
			<RouteType>ROUTE_RAILROAD</RouteType>
			<Connections>NE E SE SW NW</Connections>
			<ModelConnections>NE SE SW NW</ModelConnections>
			<Rotations>0 90 180 270</Rotations>
		</RouteModelInfo>
		<RouteModelInfo>
			<ModelFile>Art/Terrain/Routes/Railroads/RailroadD20.nif</ModelFile>
			<LateModelFile>Art/Terrain/Routes/Railroads/RailroadD20.nif</LateModelFile>
			<ModelFileKey>E03</ModelFileKey>
			<Animated>0</Animated>
			<RouteType>ROUTE_RAILROAD</RouteType>
			<Connections>N NE SE W NW</Connections>
			<ModelConnections>NE SE W NW</ModelConnections>
			<Rotations>0 90 180 270</Rotations>
		</RouteModelInfo>
		<RouteModelInfo>
			<ModelFile>Art/Terrain/Routes/Railroads/RailroadC04.nif</ModelFile>
			<LateModelFile>Art/Terrain/Routes/Railroads/RailroadC04.nif</LateModelFile>
			<ModelFileKey>E04</ModelFileKey>
			<Animated>0</Animated>
			<RouteType>ROUTE_RAILROAD</RouteType>
			<Connections>NE E SE S W</Connections>
			<ModelConnections>NE SE W</ModelConnections>
			<Rotations>0 90 180 270</Rotations>
		</RouteModelInfo>
		<RouteModelInfo>
			<ModelFile>Art/Terrain/Routes/Railroads/RailroadD05.nif</ModelFile>
			<LateModelFile>Art/Terrain/Routes/Railroads/RailroadD05.nif</LateModelFile>
			<ModelFileKey>E05</ModelFileKey>
			<Animated>0</Animated>
			<RouteType>ROUTE_RAILROAD</RouteType>
			<Connections>N NE E SE S</Connections>
			<ModelConnections>N NE SE S</ModelConnections>
			<Rotations>0 90 180 270</Rotations>
		</RouteModelInfo>
		<RouteModelInfo>
			<ModelFile>Art/Terrain/Routes/Railroads/RailroadB04.nif</ModelFile>
			<LateModelFile>Art/Terrain/Routes/Railroads/RailroadB04.nif</LateModelFile>
			<ModelFileKey>E06</ModelFileKey>
			<Animated>0</Animated>
			<RouteType>ROUTE_RAILROAD</RouteType>
			<Connections>NE E SE S SW</Connections>
			<ModelConnections>NE SW</ModelConnections>
			<Rotations>0 90 180 270</Rotations>
		</RouteModelInfo>
		<RouteModelInfo>
			<ModelFile>Art/Terrain/Routes/Railroads/RailroadC08.nif</ModelFile>
			<LateModelFile>Art/Terrain/Routes/Railroads/RailroadC08.nif</LateModelFile>
			<ModelFileKey>E07</ModelFileKey>
			<Animated>0</Animated>
			<RouteType>ROUTE_RAILROAD</RouteType>
			<Connections>N NE E SW W</Connections>
			<ModelConnections>NE E SW</ModelConnections>
			<Rotations>0 90 180 270</Rotations>
		</RouteModelInfo>
		<RouteModelInfo>
			<ModelFile>Art/Terrain/Routes/Railroads/RailroadD20.nif</ModelFile>
			<LateModelFile>Art/Terrain/Routes/Railroads/RailroadD20.nif</LateModelFile>
			<ModelFileKey>E08</ModelFileKey>
			<Animated>0</Animated>
			<RouteType>ROUTE_RAILROAD</RouteType>
			<Connections>NE E SE W NW</Connections>
			<ModelConnections>NE SE W NW</ModelConnections>
			<Rotations>0 90 180 270</Rotations>
		</RouteModelInfo>
		<RouteModelInfo>
			<ModelFile>Art/Terrain/Routes/Railroads/RailroadC09.nif</ModelFile>
			<LateModelFile>Art/Terrain/Routes/Railroads/RailroadC09.nif</LateModelFile>
			<ModelFileKey>E09</ModelFileKey>
			<Animated>0</Animated>
			<RouteType>ROUTE_RAILROAD</RouteType>
			<Connections>N NE E S SW</Connections>
			<ModelConnections>N NE SW</ModelConnections>
			<Rotations>0 90 180 270</Rotations>
		</RouteModelInfo>
		<RouteModelInfo>
			<ModelFile>Art/Terrain/Routes/Railroads/RailroadD19.nif</ModelFile>
			<LateModelFile>Art/Terrain/Routes/Railroads/RailroadD19.nif</LateModelFile>
			<ModelFileKey>E10</ModelFileKey>
			<Animated>0</Animated>
			<RouteType>ROUTE_RAILROAD</RouteType>
			<Connections>NE E SE SW W</Connections>
			<ModelConnections>NE SE SW W</ModelConnections>
			<Rotations>0 90 180 270</Rotations>
		</RouteModelInfo>
		<RouteModelInfo>
			<ModelFile>Art/Terrain/Routes/Railroads/RailroadC06.nif</ModelFile>
			<LateModelFile>Art/Terrain/Routes/Railroads/RailroadC06.nif</LateModelFile>
			<ModelFileKey>E11</ModelFileKey>
			<Animated>0</Animated>
			<RouteType>ROUTE_RAILROAD</RouteType>
			<Connections>NE SE S W NW</Connections>
			<ModelConnections>NE SE NW</ModelConnections>
			<Rotations>0 90 180 270</Rotations>
		</RouteModelInfo>
		<RouteModelInfo>
			<ModelFile>Art/Terrain/Routes/Railroads/RailroadB06.nif</ModelFile>
			<LateModelFile>Art/Terrain/Routes/Railroads/RailroadB06.nif</LateModelFile>
			<ModelFileKey>E12</ModelFileKey>
			<Animated>0</Animated>
			<RouteType>ROUTE_RAILROAD</RouteType>
			<Connections>N NE SE S W</Connections>
			<ModelConnections>NE SE</ModelConnections>
			<Rotations>0 90 180 270</Rotations>
		</RouteModelInfo>
		<RouteModelInfo>
			<ModelFile>Art/Terrain/Routes/Railroads/RailroadD19.nif</ModelFile>
			<LateModelFile>Art/Terrain/Routes/Railroads/RailroadD19.nif</LateModelFile>
			<ModelFileKey>E13</ModelFileKey>
			<Animated>0</Animated>
			<RouteType>ROUTE_RAILROAD</RouteType>
			<Connections>NE SE S SW W</Connections>
			<ModelConnections>NE SE SW W</ModelConnections>
			<Rotations>0 90 180 270</Rotations>
		</RouteModelInfo>
		<RouteModelInfo>
			<ModelFile>Art/Terrain/Routes/Railroads/RailroadC04.nif</ModelFile>
			<LateModelFile>Art/Terrain/Routes/Railroads/RailroadC04.nif</LateModelFile>
			<ModelFileKey>E14</ModelFileKey>
			<Animated>0</Animated>
			<RouteType>ROUTE_RAILROAD</RouteType>
			<Connections>N NE E SE W</Connections>
			<ModelConnections>NE SE W</ModelConnections>
			<Rotations>0 90 180 270</Rotations>
		</RouteModelInfo>
		<RouteModelInfo>
			<ModelFile>Art/Terrain/Routes/Railroads/RailroadD02.nif</ModelFile>
			<LateModelFile>Art/Terrain/Routes/Railroads/RailroadD02.nif</LateModelFile>
			<ModelFileKey>F01</ModelFileKey>
			<Animated>0</Animated>
			<RouteType>ROUTE_RAILROAD</RouteType>
			<Connections>N E SE S W NW</Connections>
			<ModelConnections>NE SE SW NW</ModelConnections>
			<Rotations>0 90 180 270</Rotations>
		</RouteModelInfo>
		<RouteModelInfo>
			<ModelFile>Art/Terrain/Routes/Railroads/RailroadD02.nif</ModelFile>
			<LateModelFile>Art/Terrain/Routes/Railroads/RailroadD02.nif</LateModelFile>
			<ModelFileKey>F02</ModelFileKey>
			<Animated>0</Animated>
			<RouteType>ROUTE_RAILROAD</RouteType>
			<Connections>N NE SE S SW NW</Connections>
			<ModelConnections>NE SE SW NW</ModelConnections>
			<Rotations>0 90 180 270</Rotations>
		</RouteModelInfo>
		<RouteModelInfo>
			<ModelFile>Art/Terrain/Routes/Railroads/RailroadD02.nif</ModelFile>
			<LateModelFile>Art/Terrain/Routes/Railroads/RailroadD02.nif</LateModelFile>
			<ModelFileKey>F03</ModelFileKey>
			<Animated>0</Animated>
			<RouteType>ROUTE_RAILROAD</RouteType>
			<Connections>N NE E SE S W</Connections>
			<ModelConnections>NE SE SW NW</ModelConnections>
			<Rotations>0 90 180 270</Rotations>
		</RouteModelInfo>
		<RouteModelInfo>
			<ModelFile>Art/Terrain/Routes/Railroads/RailroadD02.nif</ModelFile>
			<LateModelFile>Art/Terrain/Routes/Railroads/RailroadD02.nif</LateModelFile>
			<ModelFileKey>F04</ModelFileKey>
			<Animated>0</Animated>
			<RouteType>ROUTE_RAILROAD</RouteType>
			<Connections>N NE E SE SW NW</Connections>
			<ModelConnections>NE SE SW NW</ModelConnections>
			<Rotations>0 90 180 270</Rotations>
		</RouteModelInfo>
		<RouteModelInfo>
			<ModelFile>Art/Terrain/Routes/Railroads/RailroadC08.nif</ModelFile>
			<LateModelFile>Art/Terrain/Routes/Railroads/RailroadC08.nif</LateModelFile>
			<ModelFileKey>F05</ModelFileKey>
			<Animated>0</Animated>
			<RouteType>ROUTE_RAILROAD</RouteType>
			<Connections>N NE E SW W NW</Connections>
			<ModelConnections>NE E SW</ModelConnections>
			<Rotations>0 90 180 270</Rotations>
		</RouteModelInfo>
		<RouteModelInfo>
			<ModelFile>Art/Terrain/Routes/Railroads/RailroadD20.nif</ModelFile>
			<LateModelFile>Art/Terrain/Routes/Railroads/RailroadD20.nif</LateModelFile>
			<ModelFileKey>F06</ModelFileKey>
			<Animated>0</Animated>
			<RouteType>ROUTE_RAILROAD</RouteType>
			<Connections>N NE E SE W NW</Connections>
			<ModelConnections>NE SE W NW</ModelConnections>
			<Rotations>0 90 180 270</Rotations>
		</RouteModelInfo>
		<RouteModelInfo>
			<ModelFile>Art/Terrain/Routes/Railroads/RailroadC06.nif</ModelFile>
			<LateModelFile>Art/Terrain/Routes/Railroads/RailroadC06.nif</LateModelFile>
			<ModelFileKey>F07</ModelFileKey>
			<Animated>0</Animated>
			<RouteType>ROUTE_RAILROAD</RouteType>
			<Connections>N NE SE S W NW</Connections>
			<ModelConnections>NE SE NW</ModelConnections>
			<Rotations>0 90 180 270</Rotations>
		</RouteModelInfo>
		<RouteModelInfo>
			<ModelFile>Art/Terrain/Routes/Railroads/RailroadC06.nif</ModelFile>
			<LateModelFile>Art/Terrain/Routes/Railroads/RailroadC06.nif</LateModelFile>
			<ModelFileKey>F08</ModelFileKey>
			<Animated>0</Animated>
			<RouteType>ROUTE_RAILROAD</RouteType>
			<Connections>NE E SE S W NW</Connections>
			<ModelConnections>NE SE NW</ModelConnections>
			<Rotations>0 90 180 270</Rotations>
		</RouteModelInfo>
		<RouteModelInfo>
			<ModelFile>Art/Terrain/Routes/Railroads/RailroadD02.nif</ModelFile>
			<LateModelFile>Art/Terrain/Routes/Railroads/RailroadD02.nif</LateModelFile>
			<ModelFileKey>G01</ModelFileKey>
			<Animated>0</Animated>
			<RouteType>ROUTE_RAILROAD</RouteType>
			<Connections>N E SE S SW W NW</Connections>
			<ModelConnections>NE SE SW NW</ModelConnections>
			<Rotations>0 90 180 270</Rotations>
		</RouteModelInfo>
		<RouteModelInfo>
			<ModelFile>Art/Terrain/Routes/Railroads/RailroadD02.nif</ModelFile>
			<LateModelFile>Art/Terrain/Routes/Railroads/RailroadD02.nif</LateModelFile>
			<ModelFileKey>G02</ModelFileKey>
			<Animated>0</Animated>
			<RouteType>ROUTE_RAILROAD</RouteType>
			<Connections>N NE SE S SW W NW</Connections>
			<ModelConnections>NE SE SW NW</ModelConnections>
			<Rotations>0 90 180 270</Rotations>
		</RouteModelInfo>
		<RouteModelInfo>
			<ModelFile>Art/Terrain/Routes/Railroads/RailroadD02.nif</ModelFile>
			<LateModelFile>Art/Terrain/Routes/Railroads/RailroadD02.nif</LateModelFile>
			<ModelFileKey>H01</ModelFileKey>
			<Animated>0</Animated>
			<RouteType>ROUTE_RAILROAD</RouteType>
			<Connections>N NE E SE S SW W NW</Connections>
			<ModelConnections>NE SE SW NW</ModelConnections>
			<Rotations>0 90 180 270</Rotations>
		</RouteModelInfo>
	</RouteModelInfos>
</Civ4RouteModelInfos>
