<?xml version="1.0"?>
<!-- edited with XMLSPY v2004 rel. 2 U (http://www.xmlspy.com) by Jason Winokur (Firaxis Games) -->
<!-- Sid Meier's Civilization 4 -->
<!-- Copyright Firaxis Games 2005 -->
<!-- -->
<!-- Feature art path information -->
<Civ4ArtDefines xmlns="x-schema:CIV4ArtDefinesSchema.xml">
	<FeatureArtInfos>
		<FeatureArtInfo>
			<Type>ART_DEF_FEATURE_SWAMP</Type>
			<bAnimated>1</bAnimated>
			<bRiverArt>0</bRiverArt>
			<TileArtType>TILE_ART_TYPE_NONE</TileArtType>
			<LightType>LIGHT_TYPE_SUN</LightType>
			<fScale>1.0</fScale>
			<fInterfaceScale>1.0</fInterfaceScale>
			<Button>Art\Interface\buttons\rusbuttons\other/Swamp.dds</Button>
			<FeatureVariety>
				<!-- Note from Josh (2010-03-16): Do we need to add Art Pieces? -->
				<FeatureArtPieces>
					<FeatureArtPiece>
						<ModelFile>Art/Terrain/Features/Swamp/wheat.nif</ModelFile>
						<Connections></Connections>
					</FeatureArtPiece>
				</FeatureArtPieces>
				<FeatureDummyNodes/>
				<bGenerateRotations>1</bGenerateRotations>
				<VarietyButton>Art\Interface\buttons\rusbuttons\other/Swamp.dds</VarietyButton>
			</FeatureVariety>
		</FeatureArtInfo>
		<FeatureArtInfo>
			<Type>ART_DEF_FEATURE_DESERT</Type>
			<bAnimated>1</bAnimated>
			<bRiverArt>0</bRiverArt>
			<TileArtType>TILE_ART_TYPE_NONE</TileArtType>
			<LightType>LIGHT_TYPE_SUN</LightType>
			<fScale>1.0</fScale>
			<fInterfaceScale>1.0</fInterfaceScale>
			<Button>ArtArt/Interface/Buttons/TerrainFeatures/scrub.dds</Button>
			<FeatureVariety>
				<!-- Note from Josh (2010-03-16): Do we need to add Art Pieces? -->
				<FeatureArtPieces>
					<FeatureArtPiece>
						<ModelFile>Art/Terrain/Features/desert/wheat.nif</ModelFile>
						<Connections></Connections>
					</FeatureArtPiece>
				</FeatureArtPieces>
				<FeatureDummyNodes/>
				<bGenerateRotations>1</bGenerateRotations>
				<VarietyButton>Art/Interface/Buttons/TerrainFeatures/scrub.dds</VarietyButton>
			</FeatureVariety>
		</FeatureArtInfo>
		<FeatureArtInfo>
			<Type>ART_DEF_FEATURE_SCRUB</Type>
			<bAnimated>0</bAnimated>
			<bRiverArt>0</bRiverArt>
			<TileArtType>TILE_ART_TYPE_PLOT_TILING</TileArtType>
			<LightType>LIGHT_TYPE_SUN</LightType>
			<fScale>1.0</fScale>
			<fInterfaceScale>1.0</fInterfaceScale>
			<Button>Art/Interface/Buttons/TerrainFeatures/scrub.dds</Button>
			<FeatureVariety>
				<!-- Note from Josh (2010-03-16): Do we need to add Art Pieces? -->
				<FeatureArtPieces>
					<FeatureArtPiece>
						<ModelFile>Art/Terrain/Features/scrub/scrub15_01.nif</ModelFile>
						<ModelFile>Art/Terrain/Features/scrub/scrub15_02.nif</ModelFile>
						<ModelFile>Art/Terrain/Features/scrub/scrub15_03.nif</ModelFile>
						<ModelFile>Art/Terrain/Features/scrub/scrub15_04.nif</ModelFile>
						<ModelFile>Art/Terrain/Features/scrub/scrub15_05.nif</ModelFile>
						<ModelFile>Art/Terrain/Features/scrub/scrub15_06.nif</ModelFile>
						<ModelFile>Art/Terrain/Features/scrub/scrub15_07.nif</ModelFile>
						<ModelFile>Art/Terrain/Features/scrub/scrub15_08.nif</ModelFile>
						<ModelFile>Art/Terrain/Features/scrub/scrub15_09.nif</ModelFile>
						<ModelFile>Art/Terrain/Features/scrub/scrub15_10.nif</ModelFile>
						<ModelFile>Art/Terrain/Features/scrub/scrub15_11.nif</ModelFile>
						<ModelFile>Art/Terrain/Features/scrub/scrub15_12.nif</ModelFile>
						<Connections></Connections>
					</FeatureArtPiece>
				</FeatureArtPieces>
				<FeatureDummyNodes/>
				<bGenerateRotations>0</bGenerateRotations>
				<VarietyButton>Art/Interface/Buttons/TerrainFeatures/scrub.dds</VarietyButton>
			</FeatureVariety>
		</FeatureArtInfo>
		<FeatureArtInfo>
			<Type>ART_DEF_FEATURE_HOTSPRINGS</Type>
			<bAnimated>1</bAnimated>
			<bRiverArt>0</bRiverArt>
			<TileArtType>TILE_ART_TYPE_NONE</TileArtType>
			<LightType>LIGHT_TYPE_SUN</LightType>
			<fScale>0.5</fScale>
			<fInterfaceScale>1.0</fInterfaceScale>
			<Button>Art/Interface/Buttons/TerrainFeatures/hot_springs_bt.dds</Button>
			<FeatureVariety>
				<!-- Note from Josh (2010-03-16): Do we need to add Art Pieces? -->
				<FeatureArtPieces>
					<FeatureArtPiece>
						<ModelFile>Art/Terrain/Features/Hot springs/thermal.nif</ModelFile>
						<Connections></Connections>
					</FeatureArtPiece>
				</FeatureArtPieces>
				<FeatureDummyNodes/>
				<bGenerateRotations>0</bGenerateRotations>
				<VarietyButton>Art/Interface/Buttons/TerrainFeatures/hot_springs_bt.dds</VarietyButton>
			</FeatureVariety>
		</FeatureArtInfo>
		<FeatureArtInfo>
			<Type>ART_DEF_FEATURE_FERTILE_SOIL_GRASS</Type>
			<bAnimated>1</bAnimated>
			<bRiverArt>0</bRiverArt>
			<TileArtType>TILE_ART_TYPE_NONE</TileArtType>
			<LightType>LIGHT_TYPE_SUN</LightType>
			<fScale>0.5</fScale>
			<fInterfaceScale>1.0</fInterfaceScale>
			<Button>Art/Interface/Buttons/TerrainFeatures/fertile_soil2.dds</Button>
			<FeatureVariety>
				<!-- Note from Josh (2010-03-16): Do we need to add Art Pieces? -->
				<FeatureArtPieces>
					<FeatureArtPiece>
						<ModelFile>Art/Terrain/Features/Fertile/wheat.nif</ModelFile>
						<Connections></Connections>
					</FeatureArtPiece>
				</FeatureArtPieces>
				<FeatureDummyNodes/>
				<bGenerateRotations>0</bGenerateRotations>
				<VarietyButton>Art/Interface/Buttons/TerrainFeatures/fertile_soil2.dds</VarietyButton>
			</FeatureVariety>
		</FeatureArtInfo>
		<FeatureArtInfo>
			<Type>ART_DEF_FEATURE_REEF</Type>
			<bAnimated>1</bAnimated>
			<bRiverArt>0</bRiverArt>
			<TileArtType>TILE_ART_TYPE_HALF_TILING</TileArtType>
			<LightType>LIGHT_TYPE_SUN</LightType>
			<fScale>0.4</fScale>
			<fInterfaceScale>1.0</fInterfaceScale>
			<Button>Art/Interface/Buttons/TerrainFeatures/reefs.dds</Button>
			<FeatureVariety>
				<FeatureArtPieces>
					<FeatureArtPiece>
						<ModelFile>Art/Terrain/Features/Reef/stone_nw.nif</ModelFile>
						<ModelFile>Art/Terrain/Features/Reef/stone_nw2.nif</ModelFile>
						<ModelFile>Art/Terrain/Features/Reef/stone_nw3.nif</ModelFile>
						<Connections>NW</Connections>
					</FeatureArtPiece>
					<FeatureArtPiece>
						<ModelFile>Art/Terrain/Features/Reef/stone_ne.nif</ModelFile>
						<ModelFile>Art/Terrain/Features/Reef/stone_ne2.nif</ModelFile>
						<ModelFile>Art/Terrain/Features/Reef/stone_ne3.nif</ModelFile>
						<Connections>NE</Connections>
					</FeatureArtPiece>
					<FeatureArtPiece>
						<ModelFile>Art/Terrain/Features/Reef/stone_sw.nif</ModelFile>
						<ModelFile>Art/Terrain/Features/Reef/stone_sw2.nif</ModelFile>
						<ModelFile>Art/Terrain/Features/Reef/stone_sw3.nif</ModelFile>
						<Connections>SW</Connections>
					</FeatureArtPiece>
					<FeatureArtPiece>
						<ModelFile>Art/Terrain/Features/Reef/stone_se.nif</ModelFile>
						<ModelFile>Art/Terrain/Features/Reef/stone_se2.nif</ModelFile>
						<ModelFile>Art/Terrain/Features/Reef/stone_se3.nif</ModelFile>
						<Connections>SE</Connections>
					</FeatureArtPiece>
				</FeatureArtPieces>
				<FeatureDummyNodes/>
				<bGenerateRotations>0</bGenerateRotations>
				<VarietyButton>Art/Interface/Buttons/TerrainFeatures/reefs.dds</VarietyButton>
			</FeatureVariety>
		</FeatureArtInfo>
		<FeatureArtInfo>
			<Type>ART_DEF_FEATURE_ICE</Type>
			<bAnimated>0</bAnimated>
			<bRiverArt>0</bRiverArt>
			<TileArtType>TILE_ART_TYPE_HALF_TILING</TileArtType>
			<LightType>LIGHT_TYPE_SUN</LightType>
			<fScale>1.0</fScale>
			<fInterfaceScale>1.0</fInterfaceScale>
			<Button>,Art/Interface/Buttons/TerrainFeatures/Ice.dds,Art/Interface/Buttons/BaseTerrain_TerrainFeatures_Atlas.dds,4,3</Button>
			<FeatureVariety>
				<FeatureArtPieces>
					<FeatureArtPiece>
						<ModelFile>Art/Terrain/Features/IcePack/Ice01_01.nif</ModelFile>
						<ModelFile>Art/Terrain/Features/IcePack/Ice01_02.nif</ModelFile>
						<ModelFile>Art/Terrain/Features/IcePack/Ice01_03.nif</ModelFile>
						<Connections>NW</Connections>
					</FeatureArtPiece>
					<FeatureArtPiece>
						<ModelFile>Art/Terrain/Features/IcePack/Ice02_01.nif</ModelFile>
						<ModelFile>Art/Terrain/Features/IcePack/Ice02_02.nif</ModelFile>
						<ModelFile>Art/Terrain/Features/IcePack/Ice02_03.nif</ModelFile>
						<Connections>NE</Connections>
					</FeatureArtPiece>
					<FeatureArtPiece>
						<ModelFile>Art/Terrain/Features/IcePack/Ice03_01.nif</ModelFile>
						<ModelFile>Art/Terrain/Features/IcePack/Ice03_02.nif</ModelFile>
						<ModelFile>Art/Terrain/Features/IcePack/Ice03_03.nif</ModelFile>
						<Connections>NW NE</Connections>
					</FeatureArtPiece>
					<FeatureArtPiece>
						<ModelFile>Art/Terrain/Features/IcePack/Ice04_01.nif</ModelFile>
						<ModelFile>Art/Terrain/Features/IcePack/Ice04_02.nif</ModelFile>
						<ModelFile>Art/Terrain/Features/IcePack/Ice04_03.nif</ModelFile>
						<Connections>SE</Connections>
					</FeatureArtPiece>
					<FeatureArtPiece>
						<ModelFile>Art/Terrain/Features/IcePack/Ice05_01.nif</ModelFile>
						<ModelFile>Art/Terrain/Features/IcePack/Ice05_02.nif</ModelFile>
						<ModelFile>Art/Terrain/Features/IcePack/Ice05_03.nif</ModelFile>
						<Connections>NW SE</Connections>
					</FeatureArtPiece>
					<FeatureArtPiece>
						<ModelFile>Art/Terrain/Features/IcePack/Ice06_01.nif</ModelFile>
						<ModelFile>Art/Terrain/Features/IcePack/Ice06_02.nif</ModelFile>
						<ModelFile>Art/Terrain/Features/IcePack/Ice06_03.nif</ModelFile>
						<Connections>NE SE</Connections>
					</FeatureArtPiece>
					<FeatureArtPiece>
						<ModelFile>Art/Terrain/Features/IcePack/Ice07_01.nif</ModelFile>
						<ModelFile>Art/Terrain/Features/IcePack/Ice07_02.nif</ModelFile>
						<ModelFile>Art/Terrain/Features/IcePack/Ice07_03.nif</ModelFile>
						<Connections>NW NE SE</Connections>
					</FeatureArtPiece>
					<FeatureArtPiece>
						<ModelFile>Art/Terrain/Features/IcePack/Ice08_01.nif</ModelFile>
						<ModelFile>Art/Terrain/Features/IcePack/Ice08_02.nif</ModelFile>
						<ModelFile>Art/Terrain/Features/IcePack/Ice08_03.nif</ModelFile>
						<Connections>SW</Connections>
					</FeatureArtPiece>
					<FeatureArtPiece>
						<ModelFile>Art/Terrain/Features/IcePack/Ice09_01.nif</ModelFile>
						<ModelFile>Art/Terrain/Features/IcePack/Ice09_02.nif</ModelFile>
						<ModelFile>Art/Terrain/Features/IcePack/Ice09_03.nif</ModelFile>
						<Connections>NW SW</Connections>
					</FeatureArtPiece>
					<FeatureArtPiece>
						<ModelFile>Art/Terrain/Features/IcePack/Ice10_01.nif</ModelFile>
						<ModelFile>Art/Terrain/Features/IcePack/Ice10_02.nif</ModelFile>
						<ModelFile>Art/Terrain/Features/IcePack/Ice10_03.nif</ModelFile>
						<Connections>NE SW</Connections>
					</FeatureArtPiece>
					<FeatureArtPiece>
						<ModelFile>Art/Terrain/Features/IcePack/Ice11_01.nif</ModelFile>
						<ModelFile>Art/Terrain/Features/IcePack/Ice11_02.nif</ModelFile>
						<ModelFile>Art/Terrain/Features/IcePack/Ice11_03.nif</ModelFile>
						<Connections>NW NE SW</Connections>
					</FeatureArtPiece>
					<FeatureArtPiece>
						<ModelFile>Art/Terrain/Features/IcePack/Ice12_01.nif</ModelFile>
						<ModelFile>Art/Terrain/Features/IcePack/Ice12_02.nif</ModelFile>
						<ModelFile>Art/Terrain/Features/IcePack/Ice12_03.nif</ModelFile>
						<Connections>SE SW</Connections>
					</FeatureArtPiece>
					<FeatureArtPiece>
						<ModelFile>Art/Terrain/Features/IcePack/Ice13_01.nif</ModelFile>
						<ModelFile>Art/Terrain/Features/IcePack/Ice13_02.nif</ModelFile>
						<ModelFile>Art/Terrain/Features/IcePack/Ice13_03.nif</ModelFile>
						<Connections>NW SE SW</Connections>
					</FeatureArtPiece>
					<FeatureArtPiece>
						<ModelFile>Art/Terrain/Features/IcePack/Ice14_01.nif</ModelFile>
						<ModelFile>Art/Terrain/Features/IcePack/Ice14_02.nif</ModelFile>
						<ModelFile>Art/Terrain/Features/IcePack/Ice14_03.nif</ModelFile>
						<Connections>NE SE SW</Connections>
					</FeatureArtPiece>
					<FeatureArtPiece>
						<ModelFile>Art/Terrain/Features/IcePack/Ice15_01.nif</ModelFile>
						<ModelFile>Art/Terrain/Features/IcePack/Ice15_02.nif</ModelFile>
						<ModelFile>Art/Terrain/Features/IcePack/Ice15_03.nif</ModelFile>
						<ModelFile>Art/Terrain/Features/IcePack/Ice15_04.nif</ModelFile>
						<ModelFile>Art/Terrain/Features/IcePack/Ice15_05.nif</ModelFile>
						<ModelFile>Art/Terrain/Features/IcePack/Ice15_06.nif</ModelFile>
						<ModelFile>Art/Terrain/Features/IcePack/Ice15_07.nif</ModelFile>
						<ModelFile>Art/Terrain/Features/IcePack/Ice15_08.nif</ModelFile>
						<Connections>NW NE SE SW</Connections>
					</FeatureArtPiece>
				</FeatureArtPieces>
				<FeatureDummyNodes/>
				<bGenerateRotations>0</bGenerateRotations>
				<VarietyButton>Art/Interface/Buttons/TerrainFeatures/Ice.dds</VarietyButton>
			</FeatureVariety>
		</FeatureArtInfo>
		<FeatureArtInfo>
			<Type>ART_DEF_FEATURE_JUNGLE</Type>
			<bAnimated>0</bAnimated>
			<bRiverArt>0</bRiverArt>
			<TileArtType>TILE_ART_TYPE_TREES</TileArtType>
			<LightType>LIGHT_TYPE_SUN</LightType>
			<fScale>1.0</fScale>
			<fInterfaceScale>1.0</fInterfaceScale>
			<Button>,Art/Interface/Buttons/TerrainFeatures/Jungle.dds,Art/Interface/Buttons/BaseTerrain_TerrainFeatures_Atlas.dds,5,3</Button>
			<FeatureVariety>
				<FeatureArtPieces>
					<FeatureArtPiece>
						<ModelFile>Art/Terrain/Features/Jungle/Jungle01_01.nif</ModelFile>
						<Connections>NW</Connections>
					</FeatureArtPiece>
					<FeatureArtPiece>
						<ModelFile>Art/Terrain/Features/Jungle/Jungle02_01.nif</ModelFile>
						<Connections>NE</Connections>
					</FeatureArtPiece>
					<FeatureArtPiece>
						<ModelFile>Art/Terrain/Features/Jungle/Jungle03_01.nif</ModelFile>
						<Connections>NW NE</Connections>
					</FeatureArtPiece>
					<FeatureArtPiece>
						<ModelFile>Art/Terrain/Features/Jungle/Jungle04_01.nif</ModelFile>
						<Connections>SE</Connections>
					</FeatureArtPiece>
					<FeatureArtPiece>
						<ModelFile>Art/Terrain/Features/Jungle/Jungle05_01.nif</ModelFile>
						<Connections>NW SE</Connections>
					</FeatureArtPiece>
					<FeatureArtPiece>
						<ModelFile>Art/Terrain/Features/Jungle/Jungle06_01.nif</ModelFile>
						<Connections>NE SE</Connections>
					</FeatureArtPiece>
					<FeatureArtPiece>
						<ModelFile>Art/Terrain/Features/Jungle/Jungle07_01.nif</ModelFile>
						<Connections>NW NE SE</Connections>
					</FeatureArtPiece>
					<FeatureArtPiece>
						<ModelFile>Art/Terrain/Features/Jungle/Jungle08_01.nif</ModelFile>
						<Connections>SW</Connections>
					</FeatureArtPiece>
					<FeatureArtPiece>
						<ModelFile>Art/Terrain/Features/Jungle/Jungle09_01.nif</ModelFile>
						<Connections>NW SW</Connections>
					</FeatureArtPiece>
					<FeatureArtPiece>
						<ModelFile>Art/Terrain/Features/Jungle/Jungle10_01.nif</ModelFile>
						<Connections>NE SW</Connections>
					</FeatureArtPiece>
					<FeatureArtPiece>
						<ModelFile>Art/Terrain/Features/Jungle/Jungle11_01.nif</ModelFile>
						<Connections>NW NE SW</Connections>
					</FeatureArtPiece>
					<FeatureArtPiece>
						<ModelFile>Art/Terrain/Features/Jungle/Jungle12_01.nif</ModelFile>
						<Connections>SE SW</Connections>
					</FeatureArtPiece>
					<FeatureArtPiece>
						<ModelFile>Art/Terrain/Features/Jungle/Jungle13_01.nif</ModelFile>
						<Connections>NW SE SW</Connections>
					</FeatureArtPiece>
					<FeatureArtPiece>
						<ModelFile>Art/Terrain/Features/Jungle/Jungle14_01.nif</ModelFile>
						<Connections>NE SE SW</Connections>
					</FeatureArtPiece>
					<FeatureArtPiece>
						<ModelFile>Art/Terrain/Features/Jungle/Jungle15_01.nif</ModelFile>
						<Connections>NW NE SE SW</Connections>
					</FeatureArtPiece>
				</FeatureArtPieces>
				<FeatureDummyNodes/>
				<bGenerateRotations>0</bGenerateRotations>
				<VarietyButton>Art/Interface/Buttons/TerrainFeatures/Jungle.dds</VarietyButton>
			</FeatureVariety>
		</FeatureArtInfo>
		<FeatureArtInfo>
			<Type>ART_DEF_FEATURE_BAMBOO</Type>
			<bAnimated>0</bAnimated>
			<bRiverArt>0</bRiverArt>
			<TileArtType>TILE_ART_TYPE_TREES</TileArtType>
			<LightType>LIGHT_TYPE_SUN</LightType>
			<fScale>1.0</fScale>
			<fInterfaceScale>1.0</fInterfaceScale>
			<Button>,Art/Interface/Buttons/TerrainFeatures/Jungle.dds,Art/Interface/Buttons/BaseTerrain_TerrainFeatures_Atlas.dds,5,3</Button>
			<FeatureVariety>
				<FeatureArtPieces>
					<FeatureArtPiece>
						<ModelFile>Art/Terrain/Features/BAMBOO/BAMBOO01_01.nif</ModelFile>
						<Connections>NW</Connections>
					</FeatureArtPiece>
					<FeatureArtPiece>
						<ModelFile>Art/Terrain/Features/BAMBOO/BAMBOO02_01.nif</ModelFile>
						<Connections>NE</Connections>
					</FeatureArtPiece>
					<FeatureArtPiece>
						<ModelFile>Art/Terrain/Features/BAMBOO/BAMBOO03_01.nif</ModelFile>
						<Connections>NW NE</Connections>
					</FeatureArtPiece>
					<FeatureArtPiece>
						<ModelFile>Art/Terrain/Features/BAMBOO/BAMBOO04_01.nif</ModelFile>
						<Connections>SE</Connections>
					</FeatureArtPiece>
					<FeatureArtPiece>
						<ModelFile>Art/Terrain/Features/BAMBOO/BAMBOO05_01.nif</ModelFile>
						<Connections>NW SE</Connections>
					</FeatureArtPiece>
					<FeatureArtPiece>
						<ModelFile>Art/Terrain/Features/BAMBOO/BAMBOO06_01.nif</ModelFile>
						<Connections>NE SE</Connections>
					</FeatureArtPiece>
					<FeatureArtPiece>
						<ModelFile>Art/Terrain/Features/BAMBOO/BAMBOO07_01.nif</ModelFile>
						<Connections>NW NE SE</Connections>
					</FeatureArtPiece>
					<FeatureArtPiece>
						<ModelFile>Art/Terrain/Features/BAMBOO/BAMBOO08_01.nif</ModelFile>
						<Connections>SW</Connections>
					</FeatureArtPiece>
					<FeatureArtPiece>
						<ModelFile>Art/Terrain/Features/BAMBOO/BAMBOO09_01.nif</ModelFile>
						<Connections>NW SW</Connections>
					</FeatureArtPiece>
					<FeatureArtPiece>
						<ModelFile>Art/Terrain/Features/BAMBOO/BAMBOO10_01.nif</ModelFile>
						<Connections>NE SW</Connections>
					</FeatureArtPiece>
					<FeatureArtPiece>
						<ModelFile>Art/Terrain/Features/BAMBOO/BAMBOO11_01.nif</ModelFile>
						<Connections>NW NE SW</Connections>
					</FeatureArtPiece>
					<FeatureArtPiece>
						<ModelFile>Art/Terrain/Features/BAMBOO/BAMBOO12_01.nif</ModelFile>
						<Connections>SE SW</Connections>
					</FeatureArtPiece>
					<FeatureArtPiece>
						<ModelFile>Art/Terrain/Features/BAMBOO/BAMBOO13_01.nif</ModelFile>
						<Connections>NW SE SW</Connections>
					</FeatureArtPiece>
					<FeatureArtPiece>
						<ModelFile>Art/Terrain/Features/BAMBOO/BAMBOO14_01.nif</ModelFile>
						<Connections>NE SE SW</Connections>
					</FeatureArtPiece>
					<FeatureArtPiece>
						<ModelFile>Art/Terrain/Features/BAMBOO/BAMBOO15_01.nif</ModelFile>
						<Connections>NW NE SE SW</Connections>
					</FeatureArtPiece>
				</FeatureArtPieces>
				<FeatureDummyNodes/>
				<bGenerateRotations>0</bGenerateRotations>
				<VarietyButton>Art/Interface/Buttons/TerrainFeatures/Jungle.dds</VarietyButton>
			</FeatureVariety>
		</FeatureArtInfo>
		<FeatureArtInfo>
			<Type>ART_DEF_FEATURE_OASIS</Type>
			<bAnimated>1</bAnimated>
			<bRiverArt>0</bRiverArt>
			<TileArtType>TILE_ART_TYPE_NONE</TileArtType>
			<LightType>LIGHT_TYPE_SUN</LightType>
			<fScale>1.0</fScale>
			<fInterfaceScale>1.0</fInterfaceScale>
			<Button>,Art/Interface/Buttons/TerrainFeatures/Oasis.dds,Art/Interface/Buttons/BaseTerrain_TerrainFeatures_Atlas.dds,6,3</Button>
			<FeatureVariety>
				<FeatureArtPieces>
					<FeatureArtPiece>
						<ModelFile>Art/Terrain/Features/Oasis/Oasis.nif</ModelFile>
						<Connections></Connections>
					</FeatureArtPiece>
				</FeatureArtPieces>
				<FeatureDummyNodes/>
				<bGenerateRotations>0</bGenerateRotations>
				<VarietyButton>Art/Interface/Buttons/TerrainFeatures/Oasis.dds</VarietyButton>
			</FeatureVariety>
		</FeatureArtInfo>
		<FeatureArtInfo>
			<Type>ART_DEF_FEATURE_FLOOD_PLAINS</Type>
			<bAnimated>0</bAnimated>
			<bRiverArt>1</bRiverArt>
			<TileArtType>TILE_ART_TYPE_NONE</TileArtType>
			<LightType>LIGHT_TYPE_SUN</LightType>
			<fScale>1.0</fScale>
			<fInterfaceScale>1.0</fInterfaceScale>
			<Button>,Art/Interface/Buttons/TerrainFeatures/FloodPlains.dds,Art/Interface/Buttons/BaseTerrain_TerrainFeatures_Atlas.dds,2,3</Button>
			<FeatureVariety>
				<FeatureArtPieces>
					<FeatureArtPiece>
						<ModelFile>Art/Terrain/Features/Floodplain/FloodPlain_baseALL.dds</ModelFile>
						<Connections/>
					</FeatureArtPiece>
				</FeatureArtPieces>
				<FeatureDummyNodes/>
				<bGenerateRotations>0</bGenerateRotations>
				<VarietyButton>Art/Interface/Buttons/TerrainFeatures/FloodPlains.dds</VarietyButton>
			</FeatureVariety>
		</FeatureArtInfo>
		<FeatureArtInfo>
			<Type>ART_DEF_FEATURE_FOREST</Type>
			<bAnimated>0</bAnimated>
			<bRiverArt>0</bRiverArt>
			<TileArtType>TILE_ART_TYPE_TREES</TileArtType>
			<LightType>LIGHT_TYPE_SUN</LightType>
			<fScale>1.0</fScale>
			<fInterfaceScale>1.0</fInterfaceScale>
			<Button>,Art/Interface/Buttons/TerrainFeatures/Forest.dds,Art/Interface/Buttons/BaseTerrain_TerrainFeatures_Atlas.dds,3,3</Button>
			<FeatureVariety>
				<FeatureArtPieces>
					<FeatureArtPiece>
						<ModelFile>Art/Terrain/Features/TreeLeafy/Leafy01_01.nif</ModelFile>
						<Connections>NW</Connections>
					</FeatureArtPiece>
					<FeatureArtPiece>
						<ModelFile>Art/Terrain/Features/TreeLeafy/Leafy02_01.nif</ModelFile>
						<Connections>NE</Connections>
					</FeatureArtPiece>
					<FeatureArtPiece>
						<ModelFile>Art/Terrain/Features/TreeLeafy/Leafy03_01.nif</ModelFile>
						<Connections>NW NE</Connections>
					</FeatureArtPiece>
					<FeatureArtPiece>
						<ModelFile>Art/Terrain/Features/TreeLeafy/Leafy04_01.nif</ModelFile>
						<Connections>SE</Connections>
					</FeatureArtPiece>
					<FeatureArtPiece>
						<ModelFile>Art/Terrain/Features/TreeLeafy/Leafy05_01.nif</ModelFile>
						<Connections>NW SE</Connections>
					</FeatureArtPiece>
					<FeatureArtPiece>
						<ModelFile>Art/Terrain/Features/TreeLeafy/Leafy06_01.nif</ModelFile>
						<Connections>NE SE</Connections>
					</FeatureArtPiece>
					<FeatureArtPiece>
						<ModelFile>Art/Terrain/Features/TreeLeafy/Leafy07_01.nif</ModelFile>
						<Connections>NW NE SE</Connections>
					</FeatureArtPiece>
					<FeatureArtPiece>
						<ModelFile>Art/Terrain/Features/TreeLeafy/Leafy08_01.nif</ModelFile>
						<Connections>SW</Connections>
					</FeatureArtPiece>
					<FeatureArtPiece>
						<ModelFile>Art/Terrain/Features/TreeLeafy/Leafy09_01.nif</ModelFile>
						<Connections>NW SW</Connections>
					</FeatureArtPiece>
					<FeatureArtPiece>
						<ModelFile>Art/Terrain/Features/TreeLeafy/Leafy10_01.nif</ModelFile>
						<Connections>NE SW</Connections>
					</FeatureArtPiece>
					<FeatureArtPiece>
						<ModelFile>Art/Terrain/Features/TreeLeafy/Leafy11_01.nif</ModelFile>
						<Connections>NW NE SW</Connections>
					</FeatureArtPiece>
					<FeatureArtPiece>
						<ModelFile>Art/Terrain/Features/TreeLeafy/Leafy12_01.nif</ModelFile>
						<Connections>SE SW</Connections>
					</FeatureArtPiece>
					<FeatureArtPiece>
						<ModelFile>Art/Terrain/Features/TreeLeafy/Leafy13_01.nif</ModelFile>
						<Connections>NW SE SW</Connections>
					</FeatureArtPiece>
					<FeatureArtPiece>
						<ModelFile>Art/Terrain/Features/TreeLeafy/Leafy14_01.nif</ModelFile>
						<Connections>NE SE SW</Connections>
					</FeatureArtPiece>
					<FeatureArtPiece>
						<ModelFile>Art/Terrain/Features/TreeLeafy/Leafy15_01.nif</ModelFile>
						<Connections>NW NE SE SW</Connections>
					</FeatureArtPiece>
				</FeatureArtPieces>
				<FeatureDummyNodes/>
				<bGenerateRotations>0</bGenerateRotations>
				<VarietyButton>Art/Interface/Buttons/TerrainFeatures/Forest.dds</VarietyButton>
			</FeatureVariety>
			<FeatureVariety>
				<FeatureArtPieces>
					<FeatureArtPiece>
						<ModelFile>Art/Terrain/Features/TreeEvergreen/Evergreen01_01.nif</ModelFile>
						<Connections>NW</Connections>
					</FeatureArtPiece>
					<FeatureArtPiece>
						<ModelFile>Art/Terrain/Features/TreeEvergreen/Evergreen02_01.nif</ModelFile>
						<Connections>NE</Connections>
					</FeatureArtPiece>
					<FeatureArtPiece>
						<ModelFile>Art/Terrain/Features/TreeEvergreen/Evergreen03_01.nif</ModelFile>
						<Connections>NW NE</Connections>
					</FeatureArtPiece>
					<FeatureArtPiece>
						<ModelFile>Art/Terrain/Features/TreeEvergreen/Evergreen04_01.nif</ModelFile>
						<Connections>SE</Connections>
					</FeatureArtPiece>
					<FeatureArtPiece>
						<ModelFile>Art/Terrain/Features/TreeEvergreen/Evergreen05_01.nif</ModelFile>
						<Connections>NW SE</Connections>
					</FeatureArtPiece>
					<FeatureArtPiece>
						<ModelFile>Art/Terrain/Features/TreeEvergreen/Evergreen06_01.nif</ModelFile>
						<Connections>NE SE</Connections>
					</FeatureArtPiece>
					<FeatureArtPiece>
						<ModelFile>Art/Terrain/Features/TreeEvergreen/Evergreen07_01.nif</ModelFile>
						<Connections>NW NE SE</Connections>
					</FeatureArtPiece>
					<FeatureArtPiece>
						<ModelFile>Art/Terrain/Features/TreeEvergreen/Evergreen08_01.nif</ModelFile>
						<Connections>SW</Connections>
					</FeatureArtPiece>
					<FeatureArtPiece>
						<ModelFile>Art/Terrain/Features/TreeEvergreen/Evergreen09_01.nif</ModelFile>
						<Connections>NW SW</Connections>
					</FeatureArtPiece>
					<FeatureArtPiece>
						<ModelFile>Art/Terrain/Features/TreeEvergreen/Evergreen10_01.nif</ModelFile>
						<Connections>NE SW</Connections>
					</FeatureArtPiece>
					<FeatureArtPiece>
						<ModelFile>Art/Terrain/Features/TreeEvergreen/Evergreen11_01.nif</ModelFile>
						<Connections>NW NE SW</Connections>
					</FeatureArtPiece>
					<FeatureArtPiece>
						<ModelFile>Art/Terrain/Features/TreeEvergreen/Evergreen12_01.nif</ModelFile>
						<Connections>SE SW</Connections>
					</FeatureArtPiece>
					<FeatureArtPiece>
						<ModelFile>Art/Terrain/Features/TreeEvergreen/Evergreen13_01.nif</ModelFile>
						<Connections>NW SE SW</Connections>
					</FeatureArtPiece>
					<FeatureArtPiece>
						<ModelFile>Art/Terrain/Features/TreeEvergreen/Evergreen14_01.nif</ModelFile>
						<Connections>NE SE SW</Connections>
					</FeatureArtPiece>
					<FeatureArtPiece>
						<ModelFile>Art/Terrain/Features/TreeEvergreen/Evergreen15_01.nif</ModelFile>
						<Connections>NW NE SE SW</Connections>
					</FeatureArtPiece>
				</FeatureArtPieces>
				<FeatureDummyNodes/>
				<bGenerateRotations>0</bGenerateRotations>
				<VarietyButton>Art/Interface/Buttons/TerrainFeatures/ForestEvergreen.dds</VarietyButton>
			</FeatureVariety>
			<FeatureVariety>
				<FeatureArtPieces>
					<FeatureArtPiece>
						<ModelFile>Art/Terrain/Features/TreeSnowy/Snowy01_01.nif</ModelFile>
						<Connections>NW</Connections>
					</FeatureArtPiece>
					<FeatureArtPiece>
						<ModelFile>Art/Terrain/Features/TreeSnowy/Snowy02_01.nif</ModelFile>
						<Connections>NE</Connections>
					</FeatureArtPiece>
					<FeatureArtPiece>
						<ModelFile>Art/Terrain/Features/TreeSnowy/Snowy03_01.nif</ModelFile>
						<Connections>NW NE</Connections>
					</FeatureArtPiece>
					<FeatureArtPiece>
						<ModelFile>Art/Terrain/Features/TreeSnowy/Snowy04_01.nif</ModelFile>
						<Connections>SE</Connections>
					</FeatureArtPiece>
					<FeatureArtPiece>
						<ModelFile>Art/Terrain/Features/TreeSnowy/Snowy05_01.nif</ModelFile>
						<Connections>NW SE</Connections>
					</FeatureArtPiece>
					<FeatureArtPiece>
						<ModelFile>Art/Terrain/Features/TreeSnowy/Snowy06_01.nif</ModelFile>
						<Connections>NE SE</Connections>
					</FeatureArtPiece>
					<FeatureArtPiece>
						<ModelFile>Art/Terrain/Features/TreeSnowy/Snowy07_01.nif</ModelFile>
						<Connections>NW NE SE</Connections>
					</FeatureArtPiece>
					<FeatureArtPiece>
						<ModelFile>Art/Terrain/Features/TreeSnowy/Snowy08_01.nif</ModelFile>
						<Connections>SW</Connections>
					</FeatureArtPiece>
					<FeatureArtPiece>
						<ModelFile>Art/Terrain/Features/TreeSnowy/Snowy09_01.nif</ModelFile>
						<Connections>NW SW</Connections>
					</FeatureArtPiece>
					<FeatureArtPiece>
						<ModelFile>Art/Terrain/Features/TreeSnowy/Snowy10_01.nif</ModelFile>
						<Connections>NE SW</Connections>
					</FeatureArtPiece>
					<FeatureArtPiece>
						<ModelFile>Art/Terrain/Features/TreeSnowy/Snowy11_01.nif</ModelFile>
						<Connections>NW NE SW</Connections>
					</FeatureArtPiece>
					<FeatureArtPiece>
						<ModelFile>Art/Terrain/Features/TreeSnowy/Snowy12_01.nif</ModelFile>
						<Connections>SE SW</Connections>
					</FeatureArtPiece>
					<FeatureArtPiece>
						<ModelFile>Art/Terrain/Features/TreeSnowy/Snowy13_01.nif</ModelFile>
						<Connections>NW SE SW</Connections>
					</FeatureArtPiece>
					<FeatureArtPiece>
						<ModelFile>Art/Terrain/Features/TreeSnowy/Snowy14_01.nif</ModelFile>
						<Connections>NE SE SW</Connections>
					</FeatureArtPiece>
					<FeatureArtPiece>
						<ModelFile>Art/Terrain/Features/TreeSnowy/Snowy15_01.nif</ModelFile>
						<Connections>NW NE SE SW</Connections>
					</FeatureArtPiece>
				</FeatureArtPieces>
				<FeatureDummyNodes/>
				<bGenerateRotations>0</bGenerateRotations>
				<VarietyButton>Art/Interface/Buttons/TerrainFeatures/ForestSnowyEvergreen.dds</VarietyButton>
			</FeatureVariety>
			<FeatureVariety>
				<FeatureArtPieces>
					<FeatureArtPiece>
						<ModelFile>Art/Terrain/Features/mushroomtree/Leafy01_01.nif</ModelFile>
						<Connections>NW</Connections>
					</FeatureArtPiece>
					<FeatureArtPiece>
						<ModelFile>Art/Terrain/Features/mushroomtree/Leafy02_01.nif</ModelFile>
						<Connections>NE</Connections>
					</FeatureArtPiece>
					<FeatureArtPiece>
						<ModelFile>Art/Terrain/Features/mushroomtree/Leafy03_01.nif</ModelFile>
						<Connections>NW NE</Connections>
					</FeatureArtPiece>
					<FeatureArtPiece>
						<ModelFile>Art/Terrain/Features/mushroomtree/Leafy04_01.nif</ModelFile>
						<Connections>SE</Connections>
					</FeatureArtPiece>
					<FeatureArtPiece>
						<ModelFile>Art/Terrain/Features/mushroomtree/Leafy05_01.nif</ModelFile>
						<Connections>NW SE</Connections>
					</FeatureArtPiece>
					<FeatureArtPiece>
						<ModelFile>Art/Terrain/Features/mushroomtree/Leafy06_01.nif</ModelFile>
						<Connections>NE SE</Connections>
					</FeatureArtPiece>
					<FeatureArtPiece>
						<ModelFile>Art/Terrain/Features/mushroomtree/Leafy07_01.nif</ModelFile>
						<Connections>NW NE SE</Connections>
					</FeatureArtPiece>
					<FeatureArtPiece>
						<ModelFile>Art/Terrain/Features/mushroomtree/Leafy08_01.nif</ModelFile>
						<Connections>SW</Connections>
					</FeatureArtPiece>
					<FeatureArtPiece>
						<ModelFile>Art/Terrain/Features/mushroomtree/Leafy09_01.nif</ModelFile>
						<Connections>NW SW</Connections>
					</FeatureArtPiece>
					<FeatureArtPiece>
						<ModelFile>Art/Terrain/Features/mushroomtree/Leafy10_01.nif</ModelFile>
						<Connections>NE SW</Connections>
					</FeatureArtPiece>
					<FeatureArtPiece>
						<ModelFile>Art/Terrain/Features/mushroomtree/Leafy11_01.nif</ModelFile>
						<Connections>NW NE SW</Connections>
					</FeatureArtPiece>
					<FeatureArtPiece>
						<ModelFile>Art/Terrain/Features/mushroomtree/Leafy12_01.nif</ModelFile>
						<Connections>SE SW</Connections>
					</FeatureArtPiece>
					<FeatureArtPiece>
						<ModelFile>Art/Terrain/Features/mushroomtree/Leafy13_01.nif</ModelFile>
						<Connections>NW SE SW</Connections>
					</FeatureArtPiece>
					<FeatureArtPiece>
						<ModelFile>Art/Terrain/Features/mushroomtree/Leafy14_01.nif</ModelFile>
						<Connections>NE SE SW</Connections>
					</FeatureArtPiece>
					<FeatureArtPiece>
						<ModelFile>Art/Terrain/Features/mushroomtree/Leafy15_01.nif</ModelFile>
						<Connections>NW NE SE SW</Connections>
					</FeatureArtPiece>
				</FeatureArtPieces>
				<FeatureDummyNodes/>
				<bGenerateRotations>0</bGenerateRotations>
				<VarietyButton>Art/Interface/Buttons/Terrain/mushroom.dds</VarietyButton>
			</FeatureVariety>
			<FeatureVariety>
				<FeatureArtPieces>
					<FeatureArtPiece>
						<ModelFile>Art/Terrain/Features/eldertrees/Leafy01_01.nif</ModelFile>
						<Connections>NW</Connections>
					</FeatureArtPiece>
					<FeatureArtPiece>
						<ModelFile>Art/Terrain/Features/eldertrees/Leafy02_01.nif</ModelFile>
						<Connections>NE</Connections>
					</FeatureArtPiece>
					<FeatureArtPiece>
						<ModelFile>Art/Terrain/Features/eldertrees/Leafy03_01.nif</ModelFile>
						<Connections>NW NE</Connections>
					</FeatureArtPiece>
					<FeatureArtPiece>
						<ModelFile>Art/Terrain/Features/eldertrees/Leafy04_01.nif</ModelFile>
						<Connections>SE</Connections>
					</FeatureArtPiece>
					<FeatureArtPiece>
						<ModelFile>Art/Terrain/Features/eldertrees/Leafy05_01.nif</ModelFile>
						<Connections>NW SE</Connections>
					</FeatureArtPiece>
					<FeatureArtPiece>
						<ModelFile>Art/Terrain/Features/eldertrees/Leafy06_01.nif</ModelFile>
						<Connections>NE SE</Connections>
					</FeatureArtPiece>
					<FeatureArtPiece>
						<ModelFile>Art/Terrain/Features/eldertrees/Leafy07_01.nif</ModelFile>
						<Connections>NW NE SE</Connections>
					</FeatureArtPiece>
					<FeatureArtPiece>
						<ModelFile>Art/Terrain/Features/eldertrees/Leafy08_01.nif</ModelFile>
						<Connections>SW</Connections>
					</FeatureArtPiece>
					<FeatureArtPiece>
						<ModelFile>Art/Terrain/Features/eldertrees/Leafy09_01.nif</ModelFile>
						<Connections>NW SW</Connections>
					</FeatureArtPiece>
					<FeatureArtPiece>
						<ModelFile>Art/Terrain/Features/eldertrees/Leafy10_01.nif</ModelFile>
						<Connections>NE SW</Connections>
					</FeatureArtPiece>
					<FeatureArtPiece>
						<ModelFile>Art/Terrain/Features/eldertrees/Leafy11_01.nif</ModelFile>
						<Connections>NW NE SW</Connections>
					</FeatureArtPiece>
					<FeatureArtPiece>
						<ModelFile>Art/Terrain/Features/eldertrees/Leafy12_01.nif</ModelFile>
						<Connections>SE SW</Connections>
					</FeatureArtPiece>
					<FeatureArtPiece>
						<ModelFile>Art/Terrain/Features/eldertrees/Leafy13_01.nif</ModelFile>
						<Connections>NW SE SW</Connections>
					</FeatureArtPiece>
					<FeatureArtPiece>
						<ModelFile>Art/Terrain/Features/eldertrees/Leafy14_01.nif</ModelFile>
						<Connections>NE SE SW</Connections>
					</FeatureArtPiece>
					<FeatureArtPiece>
						<ModelFile>Art/Terrain/Features/eldertrees/Leafy15_01.nif</ModelFile>
						<Connections>NW NE SE SW</Connections>
					</FeatureArtPiece>
				</FeatureArtPieces>
				<FeatureDummyNodes/>
				<bGenerateRotations>0</bGenerateRotations>
				<VarietyButton>Art/Interface/Buttons/TerrainFeatures/Forest.dds</VarietyButton>
			</FeatureVariety>
		</FeatureArtInfo>
		<FeatureArtInfo>
			<Type>ART_DEF_FEATURE_FALLOUT</Type>
			<bAnimated>1</bAnimated>
			<bRiverArt>0</bRiverArt>
			<TileArtType>TILE_ART_TYPE_NONE</TileArtType>
			<LightType>LIGHT_TYPE_SUN</LightType>
			<fScale>1.0</fScale>
			<fInterfaceScale>1.0</fInterfaceScale>
			<Button>,Art/Interface/Buttons/TerrainFeatures/Fallout.dds,Art/Interface/Buttons/BaseTerrain_TerrainFeatures_Atlas.dds,1,3</Button>
			<FeatureVariety>
				<FeatureArtPieces>
					<FeatureArtPiece>
						<ModelFile>Art/Effects/cities_irradiated/fx_cities_iradiated.nif</ModelFile>
						<Connections></Connections>
					</FeatureArtPiece>
				</FeatureArtPieces>
				<FeatureDummyNodes/>
				<bGenerateRotations>0</bGenerateRotations>
				<VarietyButton>Art/Interface/Buttons/TerrainFeatures/Fallout.dds</VarietyButton>
			</FeatureVariety>
		</FeatureArtInfo>
		<FeatureArtInfo>
			<Type>ART_DEF_FEATURE_PEAK1</Type>
			<bAnimated>0</bAnimated>
			<bRiverArt>0</bRiverArt>
			<TileArtType>TILE_ART_TYPE_NONE</TileArtType>
			<LightType>LIGHT_TYPE_SUN</LightType>
			<fScale>1</fScale>
			<fInterfaceScale>1</fInterfaceScale>
			<Button>Art/Interface/Buttons/TerrainFeatures/peak.dds</Button>
			<FeatureVariety>
				<FeatureArtPieces>
					<FeatureArtPiece>
						<ModelFile>Art/Terrain/Features/peaks/peak_singlea.nif</ModelFile>
						<Connections></Connections>
					</FeatureArtPiece>
				</FeatureArtPieces>
				<FeatureDummyNodes/>
				<bGenerateRotations>0</bGenerateRotations>
				<VarietyButton>Art/Interface/Buttons/TerrainFeatures/peak.dds</VarietyButton>
			</FeatureVariety>
		</FeatureArtInfo>		
		<FeatureArtInfo>
			<Type>ART_DEF_FEATURE_PEAK2</Type>
			<bAnimated>0</bAnimated>
			<bRiverArt>0</bRiverArt>
			<TileArtType>TILE_ART_TYPE_NONE</TileArtType>
			<LightType>LIGHT_TYPE_SUN</LightType>
			<fScale>1</fScale>
			<fInterfaceScale>1</fInterfaceScale>
			<Button>Art/Interface/Buttons/TerrainFeatures/peak.dds</Button>
			<FeatureVariety>
				<FeatureArtPieces>
					<FeatureArtPiece>
						<ModelFile>Art/Terrain/Features/peaks/peak_singleb.nif</ModelFile>
						<Connections></Connections>
					</FeatureArtPiece>
				</FeatureArtPieces>
				<FeatureDummyNodes/>
				<bGenerateRotations>0</bGenerateRotations>
				<VarietyButton>Art/Interface/Buttons/TerrainFeatures/peak.dds</VarietyButton>
			</FeatureVariety>
		</FeatureArtInfo>		
		<FeatureArtInfo>
			<Type>ART_DEF_FEATURE_PEAK3</Type>
			<bAnimated>0</bAnimated>
			<bRiverArt>0</bRiverArt>
			<TileArtType>TILE_ART_TYPE_NONE</TileArtType>
			<LightType>LIGHT_TYPE_SUN</LightType>
			<fScale>1</fScale>
			<fInterfaceScale>1</fInterfaceScale>
			<Button>Art/Interface/Buttons/TerrainFeatures/peak.dds</Button>
			<FeatureVariety>
				<FeatureArtPieces>
					<FeatureArtPiece>
						<ModelFile>Art/Terrain/Features/peaks/peak_singlec.nif</ModelFile>
						<Connections></Connections>
					</FeatureArtPiece>
				</FeatureArtPieces>
				<FeatureDummyNodes/>
				<bGenerateRotations>0</bGenerateRotations>
				<VarietyButton>Art/Interface/Buttons/TerrainFeatures/peak.dds</VarietyButton>
			</FeatureVariety>
		</FeatureArtInfo>			
	<FeatureArtInfo>
			<Type>ART_DEF_FEATURE_POLAR_ROCK_FORM1</Type>
			<bAnimated>0</bAnimated>
			<bRiverArt>0</bRiverArt>
			<TileArtType>TILE_ART_TYPE_NONE</TileArtType>
			<LightType>LIGHT_TYPE_SUN</LightType>
			<fScale>1</fScale>
			<fInterfaceScale>1</fInterfaceScale>
			<Button>Art/Interface/Buttons/TerrainFeatures/outcrop.dds</Button>
			<FeatureVariety>
				<FeatureArtPieces>
					<FeatureArtPiece>
						<ModelFile>Art/Terrain/Features/rockforms_polar/rockform1.nif</ModelFile>
						<Connections></Connections>
					</FeatureArtPiece>
				</FeatureArtPieces>
				<FeatureDummyNodes/>
				<bGenerateRotations>0</bGenerateRotations>
				<VarietyButton>Art/Interface/Buttons/TerrainFeatures/outcrop.dds</VarietyButton>
			</FeatureVariety>
		</FeatureArtInfo>	
		<FeatureArtInfo>
			<Type>ART_DEF_FEATURE_POLAR_ROCK_FORM2</Type>
			<bAnimated>0</bAnimated>
			<bRiverArt>0</bRiverArt>
			<TileArtType>TILE_ART_TYPE_NONE</TileArtType>
			<LightType>LIGHT_TYPE_SUN</LightType>
			<fScale>1</fScale>
			<fInterfaceScale>1</fInterfaceScale>
			<Button>Art/Interface/Buttons/TerrainFeatures/outcrop.dds</Button>
			<FeatureVariety>
				<FeatureArtPieces>
					<FeatureArtPiece>
						<ModelFile>Art/Terrain/Features/rockforms_polar/rockform2.nif</ModelFile>
						<Connections></Connections>
					</FeatureArtPiece>
				</FeatureArtPieces>
				<FeatureDummyNodes/>
				<bGenerateRotations>0</bGenerateRotations>
				<VarietyButton>Art/Interface/Buttons/TerrainFeatures/outcrop.dds</VarietyButton>
			</FeatureVariety>
		</FeatureArtInfo>	
		<FeatureArtInfo>
			<Type>ART_DEF_FEATURE_POLAR_ROCK_FORM3</Type>
			<bAnimated>0</bAnimated>
			<bRiverArt>0</bRiverArt>
			<TileArtType>TILE_ART_TYPE_NONE</TileArtType>
			<LightType>LIGHT_TYPE_SUN</LightType>
			<fScale>1</fScale>
			<fInterfaceScale>1</fInterfaceScale>
			<Button>Art/Interface/Buttons/TerrainFeatures/outcrop.dds</Button>
			<FeatureVariety>
				<FeatureArtPieces>
					<FeatureArtPiece>
						<ModelFile>Art/Terrain/Features/rockforms_polar/rockform3.nif</ModelFile>
						<Connections></Connections>
					</FeatureArtPiece>
				</FeatureArtPieces>
				<FeatureDummyNodes/>
				<bGenerateRotations>0</bGenerateRotations>
				<VarietyButton>Art/Interface/Buttons/TerrainFeatures/outcrop.dds</VarietyButton>
			</FeatureVariety>
		</FeatureArtInfo>	
		<FeatureArtInfo>
			<Type>ART_DEF_FEATURE_POLAR_ROCK_FORM4</Type>
			<bAnimated>0</bAnimated>
			<bRiverArt>0</bRiverArt>
			<TileArtType>TILE_ART_TYPE_NONE</TileArtType>
			<LightType>LIGHT_TYPE_SUN</LightType>
			<fScale>1</fScale>
			<fInterfaceScale>1</fInterfaceScale>
			<Button>Art/Interface/Buttons/TerrainFeatures/outcrop.dds</Button>
			<FeatureVariety>
				<FeatureArtPieces>
					<FeatureArtPiece>
						<ModelFile>Art/Terrain/Features/rockforms_polar/rockform4.nif</ModelFile>
						<Connections></Connections>
					</FeatureArtPiece>
				</FeatureArtPieces>
				<FeatureDummyNodes/>
				<bGenerateRotations>0</bGenerateRotations>
				<VarietyButton>Art/Interface/Buttons/TerrainFeatures/outcrop.dds</VarietyButton>
			</FeatureVariety>
		</FeatureArtInfo>	
		<FeatureArtInfo>
			<Type>ART_DEF_FEATURE_POLAR_ROCK_ARCH1</Type>
			<bAnimated>0</bAnimated>
			<bRiverArt>0</bRiverArt>
			<TileArtType>TILE_ART_TYPE_NONE</TileArtType>
			<LightType>LIGHT_TYPE_SUN</LightType>
			<fScale>1</fScale>
			<fInterfaceScale>1</fInterfaceScale>
			<Button>Art/Interface/Buttons/TerrainFeatures/outcrop.dds</Button>
			<FeatureVariety>
				<FeatureArtPieces>
					<FeatureArtPiece>
						<ModelFile>Art/Terrain/Features/rockforms_polar/rockarch1.nif</ModelFile>
						<Connections></Connections>
					</FeatureArtPiece>
				</FeatureArtPieces>
				<FeatureDummyNodes/>
				<bGenerateRotations>0</bGenerateRotations>
				<VarietyButton>Art/Interface/Buttons/TerrainFeatures/outcrop.dds</VarietyButton>
			</FeatureVariety>
		</FeatureArtInfo>	
		<FeatureArtInfo>
			<Type>ART_DEF_FEATURE_POLAR_ROCK_ARCH2</Type>
			<bAnimated>0</bAnimated>
			<bRiverArt>0</bRiverArt>
			<TileArtType>TILE_ART_TYPE_NONE</TileArtType>
			<LightType>LIGHT_TYPE_SUN</LightType>
			<fScale>1</fScale>
			<fInterfaceScale>1</fInterfaceScale>
			<Button>Art/Interface/Buttons/TerrainFeatures/outcrop.dds</Button>
			<FeatureVariety>
				<FeatureArtPieces>
					<FeatureArtPiece>
						<ModelFile>Art/Terrain/Features/rockforms_polar/rockarch2.nif</ModelFile>
						<Connections></Connections>
					</FeatureArtPiece>
				</FeatureArtPieces>
				<FeatureDummyNodes/>
				<bGenerateRotations>0</bGenerateRotations>
				<VarietyButton>Art/Interface/Buttons/TerrainFeatures/outcrop.dds</VarietyButton>
			</FeatureVariety>
		</FeatureArtInfo>	
		<FeatureArtInfo>
			<Type>ART_DEF_FEATURE_ROCK_FORM1</Type>
			<bAnimated>0</bAnimated>
			<bRiverArt>0</bRiverArt>
			<TileArtType>TILE_ART_TYPE_NONE</TileArtType>
			<LightType>LIGHT_TYPE_SUN</LightType>
			<fScale>1</fScale>
			<fInterfaceScale>1</fInterfaceScale>
			<Button>Art/Interface/Buttons/TerrainFeatures/outcrop.dds</Button>
			<FeatureVariety>
				<FeatureArtPieces>
					<FeatureArtPiece>
						<ModelFile>Art/Terrain/Features/rockforms/rockform1.nif</ModelFile>
						<Connections></Connections>
					</FeatureArtPiece>
				</FeatureArtPieces>
				<FeatureDummyNodes/>
				<bGenerateRotations>0</bGenerateRotations>
				<VarietyButton>Art/Interface/Buttons/TerrainFeatures/outcrop.dds</VarietyButton>
			</FeatureVariety>
		</FeatureArtInfo>	
		<FeatureArtInfo>
			<Type>ART_DEF_FEATURE_ROCK_FORM2</Type>
			<bAnimated>0</bAnimated>
			<bRiverArt>0</bRiverArt>
			<TileArtType>TILE_ART_TYPE_NONE</TileArtType>
			<LightType>LIGHT_TYPE_SUN</LightType>
			<fScale>1</fScale>
			<fInterfaceScale>1</fInterfaceScale>
			<Button>Art/Interface/Buttons/TerrainFeatures/outcrop.dds</Button>
			<FeatureVariety>
				<FeatureArtPieces>
					<FeatureArtPiece>
						<ModelFile>Art/Terrain/Features/rockforms/rockform2.nif</ModelFile>
						<Connections></Connections>
					</FeatureArtPiece>
				</FeatureArtPieces>
				<FeatureDummyNodes/>
				<bGenerateRotations>0</bGenerateRotations>
				<VarietyButton>Art/Interface/Buttons/TerrainFeatures/outcrop.dds</VarietyButton>
			</FeatureVariety>
		</FeatureArtInfo>	
		<FeatureArtInfo>
			<Type>ART_DEF_FEATURE_ROCK_FORM3</Type>
			<bAnimated>0</bAnimated>
			<bRiverArt>0</bRiverArt>
			<TileArtType>TILE_ART_TYPE_NONE</TileArtType>
			<LightType>LIGHT_TYPE_SUN</LightType>
			<fScale>1</fScale>
			<fInterfaceScale>1</fInterfaceScale>
			<Button>Art/Interface/Buttons/TerrainFeatures/outcrop.dds</Button>
			<FeatureVariety>
				<FeatureArtPieces>
					<FeatureArtPiece>
						<ModelFile>Art/Terrain/Features/rockforms/rockform3.nif</ModelFile>
						<Connections></Connections>
					</FeatureArtPiece>
				</FeatureArtPieces>
				<FeatureDummyNodes/>
				<bGenerateRotations>0</bGenerateRotations>
				<VarietyButton>Art/Interface/Buttons/TerrainFeatures/outcrop.dds</VarietyButton>
			</FeatureVariety>
		</FeatureArtInfo>	
		<FeatureArtInfo>
			<Type>ART_DEF_FEATURE_ROCK_FORM4</Type>
			<bAnimated>0</bAnimated>
			<bRiverArt>0</bRiverArt>
			<TileArtType>TILE_ART_TYPE_NONE</TileArtType>
			<LightType>LIGHT_TYPE_SUN</LightType>
			<fScale>1</fScale>
			<fInterfaceScale>1</fInterfaceScale>
			<Button>Art/Interface/Buttons/TerrainFeatures/outcrop.dds</Button>
			<FeatureVariety>
				<FeatureArtPieces>
					<FeatureArtPiece>
						<ModelFile>Art/Terrain/Features/rockforms/rockform4.nif</ModelFile>
						<Connections></Connections>
					</FeatureArtPiece>
				</FeatureArtPieces>
				<FeatureDummyNodes/>
				<bGenerateRotations>0</bGenerateRotations>
				<VarietyButton>Art/Interface/Buttons/TerrainFeatures/outcrop.dds</VarietyButton>
			</FeatureVariety>
		</FeatureArtInfo>	
		<FeatureArtInfo>
			<Type>ART_DEF_FEATURE_ROCK_ARCH1</Type>
			<bAnimated>0</bAnimated>
			<bRiverArt>0</bRiverArt>
			<TileArtType>TILE_ART_TYPE_NONE</TileArtType>
			<LightType>LIGHT_TYPE_SUN</LightType>
			<fScale>1</fScale>
			<fInterfaceScale>1</fInterfaceScale>
			<Button>Art/Interface/Buttons/TerrainFeatures/outcrop.dds</Button>
			<FeatureVariety>
				<FeatureArtPieces>
					<FeatureArtPiece>
						<ModelFile>Art/Terrain/Features/rockforms/rockarch1.nif</ModelFile>
						<Connections></Connections>
					</FeatureArtPiece>
				</FeatureArtPieces>
				<FeatureDummyNodes/>
				<bGenerateRotations>0</bGenerateRotations>
				<VarietyButton>Art/Interface/Buttons/TerrainFeatures/outcrop.dds</VarietyButton>
			</FeatureVariety>
		</FeatureArtInfo>	
		<FeatureArtInfo>
			<Type>ART_DEF_FEATURE_ROCK_ARCH2</Type>
			<bAnimated>0</bAnimated>
			<bRiverArt>0</bRiverArt>
			<TileArtType>TILE_ART_TYPE_NONE</TileArtType>
			<LightType>LIGHT_TYPE_SUN</LightType>
			<fScale>1</fScale>
			<fInterfaceScale>1</fInterfaceScale>
			<Button>Art/Interface/Buttons/TerrainFeatures/outcrop.dds</Button>
			<FeatureVariety>
				<FeatureArtPieces>
					<FeatureArtPiece>
						<ModelFile>Art/Terrain/Features/rockforms/rockarch2.nif</ModelFile>
						<Connections></Connections>
					</FeatureArtPiece>
				</FeatureArtPieces>
				<FeatureDummyNodes/>
				<bGenerateRotations>0</bGenerateRotations>
				<VarietyButton>Art/Interface/Buttons/TerrainFeatures/outcrop.dds</VarietyButton>
			</FeatureVariety>
		</FeatureArtInfo>			
		<FeatureArtInfo>
			<Type>ART_DEF_FEATURE_ROCK_FORM1D</Type>
			<bAnimated>0</bAnimated>
			<bRiverArt>0</bRiverArt>
			<TileArtType>TILE_ART_TYPE_NONE</TileArtType>
			<LightType>LIGHT_TYPE_SUN</LightType>
			<fScale>1</fScale>
			<fInterfaceScale>1</fInterfaceScale>
			<Button>Art/Interface/Buttons/TerrainFeatures/outcrop.dds</Button>
			<FeatureVariety>
				<FeatureArtPieces>
					<FeatureArtPiece>
						<ModelFile>Art/Terrain/Features/rockformsD/rockform1.nif</ModelFile>
						<Connections></Connections>
					</FeatureArtPiece>
				</FeatureArtPieces>
				<FeatureDummyNodes/>
				<bGenerateRotations>0</bGenerateRotations>
				<VarietyButton>Art/Interface/Buttons/TerrainFeatures/outcrop.dds</VarietyButton>
			</FeatureVariety>
		</FeatureArtInfo>	
		<FeatureArtInfo>
			<Type>ART_DEF_FEATURE_ROCK_FORM2D</Type>
			<bAnimated>0</bAnimated>
			<bRiverArt>0</bRiverArt>
			<TileArtType>TILE_ART_TYPE_NONE</TileArtType>
			<LightType>LIGHT_TYPE_SUN</LightType>
			<fScale>1</fScale>
			<fInterfaceScale>1</fInterfaceScale>
			<Button>Art/Interface/Buttons/TerrainFeatures/outcrop.dds</Button>
			<FeatureVariety>
				<FeatureArtPieces>
					<FeatureArtPiece>
						<ModelFile>Art/Terrain/Features/rockformsD/rockform2.nif</ModelFile>
						<Connections></Connections>
					</FeatureArtPiece>
				</FeatureArtPieces>
				<FeatureDummyNodes/>
				<bGenerateRotations>0</bGenerateRotations>
				<VarietyButton>Art/Interface/Buttons/TerrainFeatures/outcrop.dds</VarietyButton>
			</FeatureVariety>
		</FeatureArtInfo>	
		<FeatureArtInfo>
			<Type>ART_DEF_FEATURE_ROCK_FORM3D</Type>
			<bAnimated>0</bAnimated>
			<bRiverArt>0</bRiverArt>
			<TileArtType>TILE_ART_TYPE_NONE</TileArtType>
			<LightType>LIGHT_TYPE_SUN</LightType>
			<fScale>1</fScale>
			<fInterfaceScale>1</fInterfaceScale>
			<Button>Art/Interface/Buttons/TerrainFeatures/outcrop.dds</Button>
			<FeatureVariety>
				<FeatureArtPieces>
					<FeatureArtPiece>
						<ModelFile>Art/Terrain/Features/rockformsD/rockform3.nif</ModelFile>
						<Connections></Connections>
					</FeatureArtPiece>
				</FeatureArtPieces>
				<FeatureDummyNodes/>
				<bGenerateRotations>0</bGenerateRotations>
				<VarietyButton>Art/Interface/Buttons/TerrainFeatures/outcrop.dds</VarietyButton>
			</FeatureVariety>
		</FeatureArtInfo>	
		<FeatureArtInfo>
			<Type>ART_DEF_FEATURE_ROCK_FORM4D</Type>
			<bAnimated>0</bAnimated>
			<bRiverArt>0</bRiverArt>
			<TileArtType>TILE_ART_TYPE_NONE</TileArtType>
			<LightType>LIGHT_TYPE_SUN</LightType>
			<fScale>1</fScale>
			<fInterfaceScale>1</fInterfaceScale>
			<Button>Art/Interface/Buttons/TerrainFeatures/outcrop.dds</Button>
			<FeatureVariety>
				<FeatureArtPieces>
					<FeatureArtPiece>
						<ModelFile>Art/Terrain/Features/rockformsD/rockform4.nif</ModelFile>
						<Connections></Connections>
					</FeatureArtPiece>
				</FeatureArtPieces>
				<FeatureDummyNodes/>
				<bGenerateRotations>0</bGenerateRotations>
				<VarietyButton>Art/Interface/Buttons/TerrainFeatures/outcrop.dds</VarietyButton>
			</FeatureVariety>
		</FeatureArtInfo>	
		<FeatureArtInfo>
			<Type>ART_DEF_FEATURE_ROCK_ARCH1D</Type>
			<bAnimated>0</bAnimated>
			<bRiverArt>0</bRiverArt>
			<TileArtType>TILE_ART_TYPE_NONE</TileArtType>
			<LightType>LIGHT_TYPE_SUN</LightType>
			<fScale>1</fScale>
			<fInterfaceScale>1</fInterfaceScale>
			<Button>Art/Interface/Buttons/TerrainFeatures/outcrop.dds</Button>
			<FeatureVariety>
				<FeatureArtPieces>
					<FeatureArtPiece>
						<ModelFile>Art/Terrain/Features/rockformsd/rockarch1.nif</ModelFile>
						<Connections></Connections>
					</FeatureArtPiece>
				</FeatureArtPieces>
				<FeatureDummyNodes/>
				<bGenerateRotations>0</bGenerateRotations>
				<VarietyButton>Art/Interface/Buttons/TerrainFeatures/outcrop.dds</VarietyButton>
			</FeatureVariety>
		</FeatureArtInfo>	
		<FeatureArtInfo>
			<Type>ART_DEF_FEATURE_ROCK_ARCH2D</Type>
			<bAnimated>0</bAnimated>
			<bRiverArt>0</bRiverArt>
			<TileArtType>TILE_ART_TYPE_NONE</TileArtType>
			<LightType>LIGHT_TYPE_SUN</LightType>
			<fScale>1</fScale>
			<fInterfaceScale>1</fInterfaceScale>
			<Button>Art/Interface/Buttons/TerrainFeatures/outcrop.dds</Button>
			<FeatureVariety>
				<FeatureArtPieces>
					<FeatureArtPiece>
						<ModelFile>Art/Terrain/Features/rockformsd/rockarch2.nif</ModelFile>
						<Connections></Connections>
					</FeatureArtPiece>
				</FeatureArtPieces>
				<FeatureDummyNodes/>
				<bGenerateRotations>0</bGenerateRotations>
				<VarietyButton>Art/Interface/Buttons/TerrainFeatures/outcrop.dds</VarietyButton>
			</FeatureVariety>
		</FeatureArtInfo>			
		<FeatureArtInfo>
			<Type>ART_DEF_FEATURE_BORDER</Type>
			<bAnimated>0</bAnimated>
			<bRiverArt>0</bRiverArt>
			<TileArtType>TILE_ART_TYPE_HALF_TILING</TileArtType>
			<LightType>LIGHT_TYPE_SUN</LightType>
			<fScale>1.0</fScale>
			<fInterfaceScale>1.0</fInterfaceScale>
			<Button>Art/Interface/Buttons/TerrainFeatures/border.dds</Button>
			<FeatureVariety>
				<FeatureArtPieces>
					<FeatureArtPiece>
						<ModelFile>Art/Terrain/Features/border/borderns.nif</ModelFile>
						<Connections>NW</Connections>
					</FeatureArtPiece>
					<FeatureArtPiece>
						<ModelFile>Art/Terrain/Features/border/borderns.nif</ModelFile>
						<Connections>NE</Connections>
					</FeatureArtPiece>
					<FeatureArtPiece>
						<ModelFile>Art/Terrain/Features/border/borderns.nif</ModelFile>
						<Connections>NW NE</Connections>
					</FeatureArtPiece>
					<FeatureArtPiece>
						<ModelFile>Art/Terrain/Features/border/borderns.nif</ModelFile>
						<Connections>SE</Connections>
					</FeatureArtPiece>
					<FeatureArtPiece>
						<ModelFile>Art/Terrain/Features/border/borderns.nif</ModelFile>
						<Connections>NW SE</Connections>
					</FeatureArtPiece>
					<FeatureArtPiece>
						<ModelFile>Art/Terrain/Features/border/borderns.nif</ModelFile>
						<Connections>NE SE</Connections>
					</FeatureArtPiece>
					<FeatureArtPiece>
						<ModelFile>Art/Terrain/Features/border/borderns.nif</ModelFile>
						<Connections>NW NE SE</Connections>
					</FeatureArtPiece>
					<FeatureArtPiece>
						<ModelFile>Art/Terrain/Features/border/borderns.nif</ModelFile>
						<Connections>SW</Connections>
					</FeatureArtPiece>
					<FeatureArtPiece>
						<ModelFile>Art/Terrain/Features/border/borderns.nif</ModelFile>
						<Connections>NW SW</Connections>
					</FeatureArtPiece>
					<FeatureArtPiece>
						<ModelFile>Art/Terrain/Features/border/borderns.nif</ModelFile>
						<Connections>NE SW</Connections>
					</FeatureArtPiece>
					<FeatureArtPiece>
						<ModelFile>Art/Terrain/Features/border/borderns.nif</ModelFile>
						<Connections>NW NE SW</Connections>
					</FeatureArtPiece>
					<FeatureArtPiece>
						<ModelFile>Art/Terrain/Features/border/borderns.nif</ModelFile>
						<Connections>SE SW</Connections>
					</FeatureArtPiece>
					<FeatureArtPiece>
						<ModelFile>Art/Terrain/Features/border/borderns.nif</ModelFile>
						<Connections>NW SE SW</Connections>
					</FeatureArtPiece>
					<FeatureArtPiece>
						<ModelFile>Art/Terrain/Features/border/borderns.nif</ModelFile>
						<Connections>NE SE SW</Connections>
					</FeatureArtPiece>
					<FeatureArtPiece>
						<ModelFile>Art/Terrain/Features/border/borderns.nif</ModelFile>
						<Connections>NW NE SE SW</Connections>
					</FeatureArtPiece>
				</FeatureArtPieces>
				<FeatureDummyNodes/>
				<bGenerateRotations>0</bGenerateRotations>
				<VarietyButton>Art/Interface/Buttons/TerrainFeatures/border.dds</VarietyButton>
			</FeatureVariety>
		</FeatureArtInfo>

		<FeatureArtInfo>
			<Type>ART_DEF_FEATURE_SEA_BRIDGE_NS</Type>
			<bAnimated>1</bAnimated>
			<bRiverArt>0</bRiverArt>
			<TileArtType>TILE_ART_TYPE_NONE</TileArtType>
			<LightType>LIGHT_TYPE_SUN</LightType>
			<fScale>1.8</fScale>
			<fInterfaceScale>1.0</fInterfaceScale>
			<Button>Art/Interface/Buttons/Builds/SeaBridge.dds</Button>
			<FeatureVariety>
				<!-- Note from Josh (2010-03-16): Do we need to add Art Pieces? -->
				<FeatureArtPieces>
					<FeatureArtPiece>
						<ModelFile>Art/Structures/Buildings/Bridge/Bridge_E.nif</ModelFile>
						<Connections></Connections>
					</FeatureArtPiece>
				</FeatureArtPieces>
				<FeatureDummyNodes/>
				<bGenerateRotations>1</bGenerateRotations>
				<VarietyButton>Art/Interface/Buttons/Builds/SeaBridge.dds</VarietyButton>
			</FeatureVariety>
		</FeatureArtInfo>
		<FeatureArtInfo>
			<Type>ART_DEF_FEATURE_SEA_BRIDGE_EW</Type>
			<bAnimated>1</bAnimated>
			<bRiverArt>0</bRiverArt>
			<TileArtType>TILE_ART_TYPE_NONE</TileArtType>
			<LightType>LIGHT_TYPE_SUN</LightType>
			<fScale>1.8</fScale>
			<fInterfaceScale>1.0</fInterfaceScale>
			<Button>Art/Interface/Buttons/Builds/SeaBridge.dds</Button>
			<FeatureVariety>
				<!-- Note from Josh (2010-03-16): Do we need to add Art Pieces? -->
				<FeatureArtPieces>
					<FeatureArtPiece>
						<ModelFile>Art/Structures/Buildings/Bridge/Bridge_EW.nif</ModelFile>
						<Connections></Connections>
					</FeatureArtPiece>
				</FeatureArtPieces>
				<FeatureDummyNodes/>
				<bGenerateRotations>1</bGenerateRotations>
				<VarietyButton>Art/Interface/Buttons/Builds/SeaBridge.dds</VarietyButton>
			</FeatureVariety>
		</FeatureArtInfo>
		<FeatureArtInfo>
			<Type>ART_DEF_FEATURE_SEA_BRIDGE_NWSE</Type>
			<bAnimated>1</bAnimated>
			<bRiverArt>0</bRiverArt>
			<TileArtType>TILE_ART_TYPE_NONE</TileArtType>
			<LightType>LIGHT_TYPE_SUN</LightType>
			<fScale>1.8</fScale>
			<fInterfaceScale>1.0</fInterfaceScale>
			<Button>Art/Interface/Buttons/Builds/SeaBridge.dds</Button>
			<FeatureVariety>
				<!-- Note from Josh (2010-03-16): Do we need to add Art Pieces? -->
				<FeatureArtPieces>
					<FeatureArtPiece>
						<ModelFile>Art/Structures/Buildings/Bridge/Bridge_NWSE.nif</ModelFile>
						<Connections></Connections>
					</FeatureArtPiece>
				</FeatureArtPieces>
				<FeatureDummyNodes/>
				<bGenerateRotations>1</bGenerateRotations>
				<VarietyButton>Art/Interface/Buttons/Builds/SeaBridge.dds</VarietyButton>
			</FeatureVariety>
		</FeatureArtInfo>
		<FeatureArtInfo>
			<Type>ART_DEF_FEATURE_SEA_BRIDGE_NESW</Type>
			<bAnimated>1</bAnimated>
			<bRiverArt>0</bRiverArt>
			<TileArtType>TILE_ART_TYPE_NONE</TileArtType>
			<LightType>LIGHT_TYPE_SUN</LightType>
			<fScale>1.8</fScale>
			<fInterfaceScale>1.0</fInterfaceScale>
			<Button>Art/Interface/Buttons/Builds/SeaBridge.dds</Button>
			<FeatureVariety>
				<!-- Note from Josh (2010-03-16): Do we need to add Art Pieces? -->
				<FeatureArtPieces>
					<FeatureArtPiece>
						<ModelFile>Art/Structures/Buildings/Bridge/Bridge_NESW.nif</ModelFile>
						<Connections></Connections>
					</FeatureArtPiece>
				</FeatureArtPieces>
				<FeatureDummyNodes/>
				<bGenerateRotations>1</bGenerateRotations>
				<VarietyButton>Art/Interface/Buttons/Builds/SeaBridge.dds</VarietyButton>
			</FeatureVariety>
		</FeatureArtInfo>



	</FeatureArtInfos>
</Civ4ArtDefines>
