<?xml version="1.0" encoding="UTF-8"?><!-- edited with XMLSPY v2004 rel. 2 U (http://www.xmlspy.com) by Jon Shafer (Firaxis Games) --><!-- Sid Meier's Civilization 4 --><!-- Copyright Firaxis Games 2005 --><!-- --><!-- Bonus/Resource art path information --><Civ4ArtDefines xmlns="x-schema:CIV4ArtDefinesSchema.xml">
	<BonusArtInfos>
		<BonusArtInfo>
			<Type>ART_DEF_BONUS_ELK</Type>
			<fScale>1.2</fScale>
			<fInterfaceScale>1.0</fInterfaceScale>
			<NIF>Art/Terrain/Resources/elk/ArticDeer.nif</NIF>
			<KFM>Art/Terrain/Resources/Deer/Deer.kfm</KFM>
			<Button>Art/Interface/Buttons/resources/elk.dds</Button>
			<FontButtonIndex>37</FontButtonIndex>
		</BonusArtInfo>
		<BonusArtInfo>
			<Type>ART_DEF_BONUS_LOBSTER</Type>
			<fScale>1.5</fScale>
			<fInterfaceScale>1.0</fInterfaceScale>
			<NIF>Art/Terrain/Resources/lobster/lobster.nif</NIF>
			<KFM>Art/Terrain/Resources/crab/Crab.kfm</KFM>
			<SHADERNIF>Art/Terrain/Resources/lobster/lobster.nif</SHADERNIF>
			<Button>Art/Interface/Buttons/resources/lobster.dds</Button>
			<FontButtonIndex>44</FontButtonIndex>
		</BonusArtInfo>
		<BonusArtInfo>
			<Type>ART_DEF_BONUS_HORKER</Type>
			<fScale>1.0</fScale>
			<fInterfaceScale>0.9</fInterfaceScale>
			<NIF>Art/Terrain/Resources/horker/Sea_Lions.nif</NIF>
			<KFM>Art/Terrain/Resources/horker/Sea_Lions.kfm</KFM>
			<SHADERNIF>Art/Terrain/Resources/horker/Sea_Lions_fx.nif</SHADERNIF>
			<Button>Art/Interface/Buttons/resources/horker.dds</Button>
			<FontButtonIndex>42</FontButtonIndex>
		</BonusArtInfo>
		<BonusArtInfo>
			<Type>ART_DEF_BONUS_MOONSTONE</Type>
			<fScale>1.0</fScale>
			<fInterfaceScale>1.25</fInterfaceScale>
			<NIF>Art/Terrain/Resources/Moonstone/iron.nif</NIF>
			<KFM>Art/Terrain/Resources/Moonstone/iron.kfm</KFM>
			<SHADERNIF>Art/Terrain/Resources/Moonstone/iron.nif</SHADERNIF>
			<Button>Art/Interface/Buttons/resources/moonstone.dds</Button>
			<FontButtonIndex>46</FontButtonIndex>
		</BonusArtInfo>
		<BonusArtInfo>
			<Type>ART_DEF_BONUS_ORICHALCUM</Type>
			<fScale>1.0</fScale>
			<fInterfaceScale>1.25</fInterfaceScale>
			<NIF>Art/Terrain/Resources/Orichalcum/Gems.nif</NIF>
			<KFM>Art/Terrain/Resources/Orichalcum/Gems.kfm</KFM>
			<SHADERNIF>Art/Terrain/Resources/Orichalcum/Gems.nif</SHADERNIF>
			<Button>Art/Interface/Buttons/resources/orc.dds</Button>
			<FontButtonIndex>47</FontButtonIndex>
		</BonusArtInfo>
		<BonusArtInfo>
			<Type>ART_DEF_BONUS_GLASS</Type>
			<fScale>1.0</fScale>
			<fInterfaceScale>1.0</fInterfaceScale>
			<NIF>Art/Terrain/Resources/Glass/gems.nif</NIF>
			<KFM>Art/Terrain/Resources/Glass/gems.KFM</KFM>
			<SHADERNIF>Art/Terrain/Resources/glass/Gems.nif</SHADERNIF>
			<Button>Art/Interface/Buttons/resources/glass.dds</Button>
			<FontButtonIndex>38</FontButtonIndex>
		</BonusArtInfo>
		<BonusArtInfo>
			<Type>ART_DEF_BONUS_SOUL_GEMS</Type>
			<fScale>0.6</fScale>
			<fInterfaceScale>1.1</fInterfaceScale>
			<NIF>Art/Terrain/Resources/soulgems/Uranium.nif</NIF>
			<KFM>Art/Terrain/Resources/soulgems/Uranium.kfm</KFM>
			<Button>Art/Interface/Buttons/resources/soul gems.dds</Button>
			<FontButtonIndex>50</FontButtonIndex>
		</BonusArtInfo>
		<BonusArtInfo>
			<Type>ART_DEF_BONUS_RABBIT</Type>
			<fScale>1.3</fScale>
			<fInterfaceScale>0.9</fInterfaceScale>
			<NIF>Art/Terrain/Resources/Rabbit/Rabbits.nif</NIF>
			<KFM>Art/Terrain/Resources/Rabbit/Rabbits.kfm</KFM>
			<Button>Art/Interface/Buttons/resources/rabbits.dds</Button>
			<FontButtonIndex>49</FontButtonIndex>
		</BonusArtInfo>
		<BonusArtInfo>
			<Type>ART_DEF_BONUS_MOON_SUGAR</Type>
			<fScale>0.8</fScale>
			<fInterfaceScale>1.0</fInterfaceScale>
			<NIF>Art/Terrain/Resources/moonsugar/Wheat.nif</NIF>
			<KFM/>
			<Button>Art/Interface/Buttons/resources/moon sugar.dds</Button>
			<FontButtonIndex>45</FontButtonIndex>
		</BonusArtInfo>
		<BonusArtInfo>
			<Type>ART_DEF_BONUS_HOARVOR</Type>
			<fScale>1.5</fScale>
			<fInterfaceScale>0.8</fInterfaceScale>
			<NIF>Art/Terrain/Resources/hoarvor/Shrimp.nif</NIF>
			<KFM>Art/Terrain/Resources/Crab/Crab.kfm</KFM>
			<SHADERNIF>Art/Terrain/Resources/hoarvor/Shrimp.nif</SHADERNIF>
			<Button>Art/Interface/Buttons/resources/hoarvor.dds</Button>
			<FontButtonIndex>41</FontButtonIndex>
		</BonusArtInfo>
		<BonusArtInfo>
			<Type>ART_DEF_BONUS_GUAR</Type>
			<fScale>1.1</fScale>
			<fInterfaceScale>1.0</fInterfaceScale>
			<NIF>Art/Terrain/Resources/guar2/Pig_fx.nif</NIF>
			<KFM>Art/Terrain/Resources/Pig/Pig.kfm</KFM>
			<SHADERNIF>Art/Terrain/Resources/guar2/Pig_fx.nif</SHADERNIF>
			<Button>Art/Interface/Buttons/resources/guar.dds</Button>
			<FontButtonIndex>39</FontButtonIndex>
		</BonusArtInfo>
		<BonusArtInfo>
			<Type>ART_DEF_BONUS_BOAR</Type>
			<fScale>0.45</fScale>
			<fInterfaceScale>1.0</fInterfaceScale>
			<NIF>Art/Terrain/Resources/Boar/Companion_cavalry.nif</NIF>
			<KFM>Art/Terrain/Resources/Deer/Deer.kfm</KFM>
			<SHADERNIF>Art/Terrain/Resources/Boar/Companion_cavalry.nif</SHADERNIF>
			<Button>Art/Interface/Buttons/resources/Boar.dds</Button>
			<FontButtonIndex>35</FontButtonIndex>
		</BonusArtInfo>
		<BonusArtInfo>
			<Type>ART_DEF_BONUS_DATE</Type>
			<fScale>0.8</fScale>
			<fInterfaceScale>1.5</fInterfaceScale>
			<NIF>Art/Terrain/Resources/Dates/Dates.nif</NIF>
			<KFM>Art/Terrain/Resources/Dates/Banana.kfm</KFM>
			<SHADERNIF>Art/Terrain/Resources/Dates/Dates.nif</SHADERNIF>
			<Button>Art/Interface/Buttons/resources/Dates.dds</Button>
			<FontButtonIndex>36</FontButtonIndex>
		</BonusArtInfo>
		<BonusArtInfo>
			<Type>ART_DEF_BONUS_KWAMA</Type>
			<fScale>0.06</fScale>
			<fInterfaceScale>1.5</fInterfaceScale>
			<NIF>Art/Terrain/Resources/kwama/breeding grounds.nif</NIF>
			<KFM/>
			<Button>Art/Interface/Buttons/resources/kwama.dds</Button>
			<FontButtonIndex>43</FontButtonIndex>
		</BonusArtInfo>
		<BonusArtInfo>
			<Type>ART_DEF_BONUS_HERBS</Type>
			<fScale>1.0</fScale>
			<fInterfaceScale>0.8</fInterfaceScale>
			<NIF>Art/Terrain/Resources/flax/Wheat.nif</NIF>
			<KFM>Art/Terrain/Resources/flax/Wheat.kfm</KFM>
			<Button>Art/Interface/Buttons/resources/herbs.dds</Button>
			<FontButtonIndex>40</FontButtonIndex>
		</BonusArtInfo>
		<BonusArtInfo>
			<Type>ART_DEF_BONUS_POTATO</Type>
			<fScale>0.8</fScale>
			<fInterfaceScale>1.0</fInterfaceScale>
			<NIF>Art/Terrain/Resources/Potato/Wheat.nif</NIF>
			<KFM>Art/Terrain/Resources/Potato/Wheat.kfm</KFM>
			<Button>Art/Interface/Buttons/resources/potato.dds</Button>
			<FontButtonIndex>48</FontButtonIndex>
		</BonusArtInfo>
		<BonusArtInfo>
			<Type>ART_DEF_BONUS_ALUMINUM</Type>
			<fScale>1.0</fScale>
			<fInterfaceScale>1.0</fInterfaceScale>
			<NIF>Art/Terrain/Resources/Aluminum/Aluminum.nif</NIF>
			<KFM>Art/Terrain/Resources/Aluminum/Aluminum.kfm</KFM>
			<Button>,Art/Interface/Buttons/WorldBuilder/Aluminum.dds,Art/Interface/Buttons/Unit_Resource_Atlas.dds,1,12</Button>
			<FontButtonIndex>0</FontButtonIndex>
		</BonusArtInfo>
		<BonusArtInfo>
			<Type>ART_DEF_BONUS_COAL</Type>
			<fScale>1.0</fScale>
			<fInterfaceScale>1.0</fInterfaceScale>
			<NIF>Art/Terrain/Resources/Coal/Coal.nif</NIF>
			<KFM>Art/Terrain/Resources/Coal/Coal.kfm</KFM>
			<Button>,Art/Interface/Buttons/WorldBuilder/Coal.dds,Art/Interface/Buttons/Unit_Resource_Atlas.dds,4,12</Button>
			<FontButtonIndex>1</FontButtonIndex>
		</BonusArtInfo>
		<BonusArtInfo>
			<Type>ART_DEF_BONUS_COPPER</Type>
			<fScale>1.0</fScale>
			<fInterfaceScale>1.0</fInterfaceScale>
			<NIF>Art/Terrain/Resources/Copper/Copper.nif</NIF>
			<KFM>Art/Terrain/Resources/Copper/Copper.kfm</KFM>
			<Button>,Art/Interface/Buttons/WorldBuilder/Copper.dds,Art/Interface/Buttons/Unit_Resource_Atlas.dds,5,12</Button>
			<FontButtonIndex>2</FontButtonIndex>
		</BonusArtInfo>
		<BonusArtInfo>
			<Type>ART_DEF_BONUS_HORSE</Type>
			<fScale>1.2</fScale>
			<fInterfaceScale>0.9</fInterfaceScale>
			<NIF>Art/Terrain/Resources/Horse/Horse.nif</NIF>
			<KFM>Art/Terrain/Resources/Horse/Horse.kfm</KFM>
			<SHADERNIF>Art/Terrain/Resources/Horse/Horse_FX.nif</SHADERNIF>
			<Button>,Art/Interface/Buttons/WorldBuilder/Horse.dds,Art/Interface/Buttons/Unit_Resource_Atlas.dds,4,13</Button>
			<FontButtonIndex>3</FontButtonIndex>
		</BonusArtInfo>
		<BonusArtInfo>
			<Type>ART_DEF_BONUS_IRON</Type>
			<fScale>1.0</fScale>
			<fInterfaceScale>1.0</fInterfaceScale>
			<NIF>Art/Terrain/Resources/Iron/Iron.nif</NIF>
			<KFM>Art/Terrain/Resources/Iron/Iron.kfm</KFM>
			<Button>,Art/Interface/Buttons/WorldBuilder/Iron.dds,Art/Interface/Buttons/Unit_Resource_Atlas.dds,6,13</Button>
			<FontButtonIndex>4</FontButtonIndex>
		</BonusArtInfo>
		<BonusArtInfo>
			<Type>ART_DEF_BONUS_MARBLE</Type>
			<fScale>.7</fScale>
			<fInterfaceScale>1.0</fInterfaceScale>
			<NIF>Art/Terrain/Resources/Marble/Marble.nif</NIF>
			<KFM>Art/Terrain/Resources/Marble/Marble.kfm</KFM>
			<Button>,Art/Interface/Buttons/WorldBuilder/Marble.dds,Art/Interface/Buttons/Unit_Resource_Atlas.dds,8,13</Button>
			<FontButtonIndex>5</FontButtonIndex>
		</BonusArtInfo>
		<BonusArtInfo>
			<Type>ART_DEF_BONUS_OIL</Type>
			<fScale>1.0</fScale>
			<fInterfaceScale>1.0</fInterfaceScale>
			<NIF>Art/Terrain/Resources/Oil/Oil.nif</NIF>
			<KFM>Art/Terrain/Resources/Oil/Oil.kfm</KFM>
			<Button>,Art/Interface/Buttons/WorldBuilder/Oil.dds,Art/Interface/Buttons/Unit_Resource_Atlas.dds,7,15</Button>
			<FontButtonIndex>6</FontButtonIndex>
		</BonusArtInfo>
		<BonusArtInfo>
			<Type>ART_DEF_BONUS_STONE</Type>
			<fScale>0.7</fScale>
			<fInterfaceScale>1.0</fInterfaceScale>
			<NIF>Art/Terrain/Resources/Stone/Stone.nif</NIF>
			<KFM>Art/Terrain/Resources/Stone/Stone.kfm</KFM>
			<Button>,Art/Interface/Buttons/WorldBuilder/Stone.dds,Art/Interface/Buttons/Unit_Resource_Atlas.dds,6,14</Button>
			<FontButtonIndex>7</FontButtonIndex>
		</BonusArtInfo>
		<BonusArtInfo>
			<Type>ART_DEF_BONUS_URANIUM</Type>
			<fScale>1.0</fScale>
			<fInterfaceScale>1.0</fInterfaceScale>
			<NIF>Art/Terrain/Resources/Uranium/Uranium.nif</NIF>
			<KFM>Art/Terrain/Resources/Uranium/Uranium.kfm</KFM>
			<Button>,Art/Interface/Buttons/WorldBuilder/Uranium.dds,Art/Interface/Buttons/Unit_Resource_Atlas.dds,8,14</Button>
			<FontButtonIndex>8</FontButtonIndex>
		</BonusArtInfo>
		<BonusArtInfo>
			<Type>ART_DEF_BONUS_DYE</Type>
			<fScale>1.0</fScale>
			<fInterfaceScale>1.0</fInterfaceScale>
			<NIF>Art/Terrain/Resources/Dye/Dye.nif</NIF>
			<KFM>Art/Terrain/Resources/Dye/Dye.kfm</KFM>
			<Button>,Art/Interface/Buttons/WorldBuilder/Dye.dds,Art/Interface/Buttons/Unit_Resource_Atlas.dds,3,15</Button>
			<FontButtonIndex>20</FontButtonIndex>
		</BonusArtInfo>
		<BonusArtInfo>
			<Type>ART_DEF_BONUS_FUR</Type>
			<fScale>1.0</fScale>
			<fInterfaceScale>1.0</fInterfaceScale>
			<NIF>Art/Terrain/Resources/Fur/Fur.nif</NIF>
			<KFM>Art/Terrain/Resources/Fur/Fur.kfm</KFM>
			<SHADERNIF>Art/Terrain/Resources/Fur/Fur_FX.nif</SHADERNIF>
			<Button>,Art/Interface/Buttons/WorldBuilder/Fur.dds,Art/Interface/Buttons/Unit_Resource_Atlas.dds,1,13</Button>
			<FontButtonIndex>21</FontButtonIndex>
		</BonusArtInfo>
		<BonusArtInfo>
			<Type>ART_DEF_BONUS_GEMS</Type>
			<fScale>1.0</fScale>
			<fInterfaceScale>1.0</fInterfaceScale>
			<NIF>Art/Terrain/Resources/Gems/Gems.nif</NIF>
			<KFM>Art/Terrain/Resources/Gems/Gems.kfm</KFM>
			<Button>,Art/Interface/Buttons/WorldBuilder/Gems.dds,Art/Interface/Buttons/Unit_Resource_Atlas.dds,2,13</Button>
			<FontButtonIndex>22</FontButtonIndex>
		</BonusArtInfo>
		<BonusArtInfo>
			<Type>ART_DEF_BONUS_GOLD</Type>
			<fScale>1.0</fScale>
			<fInterfaceScale>1.0</fInterfaceScale>
			<NIF>Art/Terrain/Resources/Gold/Gold.nif</NIF>
			<KFM>Art/Terrain/Resources/Gold/Gold.KFM</KFM>
			<Button>,Art/Interface/Buttons/WorldBuilder/Gold.dds,Art/Interface/Buttons/Unit_Resource_Atlas.dds,3,13</Button>
			<FontButtonIndex>23</FontButtonIndex>
		</BonusArtInfo>
		<BonusArtInfo>
			<Type>ART_DEF_BONUS_INCENSE</Type>
			<fScale>1.0</fScale>
			<fInterfaceScale>1.0</fInterfaceScale>
			<NIF>Art/Terrain/Resources/Incense/Incense.nif</NIF>
			<KFM>Art/Terrain/Resources/Incense/Incense.kfm</KFM>
			<Button>,Art/Interface/Buttons/WorldBuilder/Incense.dds,Art/Interface/Buttons/Unit_Resource_Atlas.dds,5,13</Button>
			<FontButtonIndex>24</FontButtonIndex>
		</BonusArtInfo>
		<BonusArtInfo>
			<Type>ART_DEF_BONUS_IVORY</Type>
			<fScale>1.0</fScale>
			<fInterfaceScale>1.0</fInterfaceScale>
			<NIF>Art/Terrain/Resources/Mammooth/Elephant.nif</NIF>
			<KFM>Art/Terrain/Resources/Elephant/Elephant.kfm</KFM>
			<SHADERNIF>Art/Terrain/Resources/Mammooth/Elephant_FX.nif</SHADERNIF>
			<Button>,Art/Interface/Buttons/WorldBuilder/Ivory.dds,Art/Interface/Buttons/Unit_Resource_Atlas.dds,7,13</Button>
			<FontButtonIndex>25</FontButtonIndex>
		</BonusArtInfo>
		<BonusArtInfo>
			<Type>ART_DEF_BONUS_SILK</Type>
			<fScale>1.0</fScale>
			<fInterfaceScale>0.8</fInterfaceScale>
			<NIF>Art/Terrain/Resources/Silk/Silk.nif</NIF>
			<KFM/>
			<Button>,Art/Interface/Buttons/WorldBuilder/Silk.dds,Art/Interface/Buttons/Unit_Resource_Atlas.dds,3,14</Button>
			<FontButtonIndex>26</FontButtonIndex>
		</BonusArtInfo>
		<BonusArtInfo>
			<Type>ART_DEF_BONUS_SILVER</Type>
			<fScale>1.0</fScale>
			<fInterfaceScale>.8</fInterfaceScale>
			<NIF>Art/Terrain/Resources/Silver/Silver.nif</NIF>
			<KFM>Art/Terrain/Resources/Silver/Silver.kfm</KFM>
			<Button>,Art/Interface/Buttons/WorldBuilder/Silver.dds,Art/Interface/Buttons/Unit_Resource_Atlas.dds,4,14</Button>
			<FontButtonIndex>27</FontButtonIndex>
		</BonusArtInfo>
		<BonusArtInfo>
			<Type>ART_DEF_BONUS_SPICES</Type>
			<fScale>0.5</fScale>
			<fInterfaceScale>1.6</fInterfaceScale>
			<NIF>Art/Terrain/Resources/Spices/Spices.nif</NIF>
			<KFM>Art/Terrain/Resources/Spices/Spices.kfm</KFM>
			<Button>,Art/Interface/Buttons/WorldBuilder/Spices.dds,Art/Interface/Buttons/Unit_Resource_Atlas.dds,5,14</Button>
			<FontButtonIndex>28</FontButtonIndex>
		</BonusArtInfo>
		<BonusArtInfo>
			<Type>ART_DEF_BONUS_SUGAR</Type>
			<fScale>0.5</fScale>
			<fInterfaceScale>1.3</fInterfaceScale>
			<NIF>Art/Terrain/Resources/Sugar/Sugar.nif</NIF>
			<KFM>Art/Terrain/Resources/Sugar/Sugar.kfm</KFM>
			<Button>,Art/Interface/Buttons/WorldBuilder/Sugar.dds,Art/Interface/Buttons/Unit_Resource_Atlas.dds,7,14</Button>
			<FontButtonIndex>29</FontButtonIndex>
		</BonusArtInfo>
		<BonusArtInfo>
			<Type>ART_DEF_BONUS_WINE</Type>
			<fScale>1.0</fScale>
			<fInterfaceScale>1.0</fInterfaceScale>
			<NIF>Art/Terrain/Resources/Wine/Wine.nif</NIF>
			<KFM>Art/Terrain/Resources/Wine/Wine.kfm</KFM>
			<Button>,Art/Interface/Buttons/WorldBuilder/Wine.dds,Art/Interface/Buttons/Unit_Resource_Atlas.dds,3,16</Button>
			<FontButtonIndex>30</FontButtonIndex>
		</BonusArtInfo>
		<BonusArtInfo>
			<Type>ART_DEF_BONUS_WHALE</Type>
			<fScale>1.0</fScale>
			<fInterfaceScale>1.0</fInterfaceScale>
			<NIF>Art/Terrain/Resources/Whale/Whale.nif</NIF>
			<KFM>Art/Terrain/Resources/Whale/Whale.kfm</KFM>
			<Button>,Art/Interface/Buttons/WorldBuilder/Whale.dds,Art/Interface/Buttons/Unit_Resource_Atlas.dds,1,16</Button>
			<FontButtonIndex>31</FontButtonIndex>
		</BonusArtInfo>
		<BonusArtInfo>
			<Type>ART_DEF_BONUS_BANANA</Type>
			<fScale>1.0</fScale>
			<fInterfaceScale>0.7</fInterfaceScale>
			<NIF>Art/Terrain/Resources/Banana/Banana.nif</NIF>
			<KFM>Art/Terrain/Resources/Banana/Banana.kfm</KFM>
			<Button>,Art/Interface/Buttons/WorldBuilder/Banana.dds,Art/Interface/Buttons/Unit_Resource_Atlas.dds,2,12</Button>
			<FontButtonIndex>9</FontButtonIndex>
		</BonusArtInfo>
		<BonusArtInfo>
			<Type>ART_DEF_BONUS_CLAM</Type>
			<fScale>1.0</fScale>
			<fInterfaceScale>1.0</fInterfaceScale>
			<NIF>Art/Terrain/Resources/Clam/Clam.nif</NIF>
			<KFM>Art/Terrain/Resources/Clam/Clam.kfm</KFM>
			<Button>,Art/Interface/Buttons/WorldBuilder/Clam.dds,Art/Interface/Buttons/Unit_Resource_Atlas.dds,3,12</Button>
			<FontButtonIndex>10</FontButtonIndex>
		</BonusArtInfo>
		<BonusArtInfo>
			<Type>ART_DEF_BONUS_CORN</Type>
			<fScale>1.0</fScale>
			<fInterfaceScale>0.8</fInterfaceScale>
			<NIF>Art/Terrain/Resources/Corn/Corn.nif</NIF>
			<KFM/>
			<Button>,Art/Interface/Buttons/WorldBuilder/Corn.dds,Art/Interface/Buttons/Unit_Resource_Atlas.dds,6,12</Button>
			<FontButtonIndex>11</FontButtonIndex>
		</BonusArtInfo>
		<BonusArtInfo>
			<Type>ART_DEF_BONUS_COW</Type>
			<fScale>1.0</fScale>
			<fInterfaceScale>0.9</fInterfaceScale>
			<NIF>Art/Terrain/Resources/Cow/Cow.nif</NIF>
			<KFM>Art/Terrain/Resources/Cow/Cow.kfm</KFM>
			<SHADERNIF>Art/Terrain/Resources/Cow/Cow_FX.nif</SHADERNIF>
			<Button>,Art/Interface/Buttons/WorldBuilder/Cow.dds,Art/Interface/Buttons/Unit_Resource_Atlas.dds,7,12</Button>
			<FontButtonIndex>12</FontButtonIndex>
		</BonusArtInfo>
		<BonusArtInfo>
			<Type>ART_DEF_BONUS_CRAB</Type>
			<fScale>1.0</fScale>
			<fInterfaceScale>1.1</fInterfaceScale>
			<NIF>Art/Terrain/Resources/Crab/Crab.nif</NIF>
			<KFM>Art/Terrain/Resources/Crab/Crab.kfm</KFM>
			<SHADERNIF>Art/Terrain/Resources/Crab/Crab_FX.nif</SHADERNIF>
			<Button>,Art/Interface/Buttons/WorldBuilder/Crab.dds,Art/Interface/Buttons/Unit_Resource_Atlas.dds,8,12</Button>
			<FontButtonIndex>13</FontButtonIndex>
		</BonusArtInfo>
		<BonusArtInfo>
			<Type>ART_DEF_BONUS_DEER</Type>
			<fScale>1.2</fScale>
			<fInterfaceScale>1.0</fInterfaceScale>
			<NIF>Art/Terrain/Resources/Deer/Deer.nif</NIF>
			<KFM>Art/Terrain/Resources/Deer/Deer.kfm</KFM>
			<SHADERNIF>Art/Terrain/Resources/Deer/Deer_FX.nif</SHADERNIF>
			<Button>,Art/Interface/Buttons/WorldBuilder/Deer.dds,Art/Interface/Buttons/Unit_Resource_Atlas.dds,1,15</Button>
			<FontButtonIndex>14</FontButtonIndex>
		</BonusArtInfo>
		<BonusArtInfo>
			<Type>ART_DEF_BONUS_FISH</Type>
			<fScale>1.2</fScale>
			<fInterfaceScale>1.0</fInterfaceScale>
			<NIF>Art/Terrain/Resources/Fish/Fish.nif</NIF>
			<KFM>Art/Terrain/Resources/Fish/Fish.kfm</KFM>
			<SHADERNIF>Art/Terrain/Resources/Fish/Fish_FX.nif</SHADERNIF>
			<Button>,Art/Interface/Buttons/WorldBuilder/Fish.dds,Art/Interface/Buttons/Unit_Resource_Atlas.dds,4,15</Button>
			<FontButtonIndex>15</FontButtonIndex>
		</BonusArtInfo>
		<BonusArtInfo>
			<Type>ART_DEF_BONUS_PIG</Type>
			<fScale>1.1</fScale>
			<fInterfaceScale>1.0</fInterfaceScale>
			<NIF>Art/Terrain/Resources/Pig/Pig.nif</NIF>
			<KFM>Art/Terrain/Resources/Pig/Pig.kfm</KFM>
			<SHADERNIF>Art/Terrain/Resources/Pig/Pig_FX.nif</SHADERNIF>
			<Button>,Art/Interface/Buttons/WorldBuilder/Pig.dds,Art/Interface/Buttons/Unit_Resource_Atlas.dds,8,15</Button>
			<FontButtonIndex>16</FontButtonIndex>
		</BonusArtInfo>
		<BonusArtInfo>
			<Type>ART_DEF_BONUS_RICE</Type>
			<fScale>1.0</fScale>
			<fInterfaceScale>1.0</fInterfaceScale>
			<NIF>Art/Terrain/Resources/Rice/Rice.nif</NIF>
			<KFM>Art/Terrain/Resources/Rice/Rice.kfm</KFM>
			<Button>,Art/Interface/Buttons/WorldBuilder/Rice.dds,Art/Interface/Buttons/Unit_Resource_Atlas.dds,1,14</Button>
			<FontButtonIndex>17</FontButtonIndex>
		</BonusArtInfo>
		<BonusArtInfo>
			<Type>ART_DEF_BONUS_SHEEP</Type>
			<fScale>1.0</fScale>
			<fInterfaceScale>1.0</fInterfaceScale>
			<NIF>Art/Terrain/Resources/Sheep/Sheep.nif</NIF>
			<KFM>Art/Terrain/Resources/Sheep/Sheep.kfm</KFM>
			<SHADERNIF>Art/Terrain/Resources/Sheep/Sheep_FX.nif</SHADERNIF>
			<Button>,Art/Interface/Buttons/WorldBuilder/Sheep.dds,Art/Interface/Buttons/Unit_Resource_Atlas.dds,2,14</Button>
			<FontButtonIndex>18</FontButtonIndex>
		</BonusArtInfo>
		<BonusArtInfo>
			<Type>ART_DEF_BONUS_WHEAT</Type>
			<fScale>1.0</fScale>
			<fInterfaceScale>0.8</fInterfaceScale>
			<NIF>Art/Terrain/Resources/Wheat/Wheat.nif</NIF>
			<KFM>Art/Terrain/Resources/Wheat/Wheat.kfm</KFM>
			<Button>,Art/Interface/Buttons/WorldBuilder/Wheat.dds,Art/Interface/Buttons/Unit_Resource_Atlas.dds,2,16</Button>
			<FontButtonIndex>19</FontButtonIndex>
		</BonusArtInfo>
		<BonusArtInfo>
			<Type>ART_DEF_BONUS_DRAMA</Type>
			<fScale>1.0</fScale>
			<fInterfaceScale>1.0</fInterfaceScale>
			<NIF>Art/Terrain/Resources/Wheat/Wheat.nif</NIF>
			<KFM/>
			<Button>,Art/Interface/Buttons/WorldBuilder/Drama.dds,Art/Interface/Buttons/Unit_Resource_Atlas.dds,2,15</Button>
			<FontButtonIndex>32</FontButtonIndex>
		</BonusArtInfo>
		<BonusArtInfo>
			<Type>ART_DEF_BONUS_MUSIC</Type>
			<fScale>1.0</fScale>
			<fInterfaceScale>1.0</fInterfaceScale>
			<NIF>Art/Terrain/Resources/Wheat/Wheat.nif</NIF>
			<KFM/>
			<Button>,Art/Interface/Buttons/WorldBuilder/Music.dds,Art/Interface/Buttons/Unit_Resource_Atlas.dds,4,16</Button>
			<FontButtonIndex>33</FontButtonIndex>
		</BonusArtInfo>
		<BonusArtInfo>
			<Type>ART_DEF_BONUS_MOVIES</Type>
			<fScale>1.0</fScale>
			<fInterfaceScale>1.0</fInterfaceScale>
			<NIF>Art/Terrain/Resources/Wheat/Wheat.nif</NIF>
			<KFM/>
			<Button>,Art/Interface/Buttons/WorldBuilder/Movies.dds,Art/Interface/Buttons/Unit_Resource_Atlas.dds,5,15</Button>
			<FontButtonIndex>34</FontButtonIndex>
		</BonusArtInfo>
		<BonusArtInfo>
			<Type>ART_DEF_BONUS_MEAD</Type>
			<fScale>1.0</fScale>
			<fInterfaceScale>1.0</fInterfaceScale>
			<NIF>Art/Terrain/Resources/Wheat/Wheat.nif</NIF>
			<KFM/>
			<Button>Art/Interface/Buttons/resources/beer.dds</Button>
			<FontButtonIndex>32</FontButtonIndex>
		</BonusArtInfo>
		<BonusArtInfo>
			<Type>ART_DEF_BONUS_SONG</Type>
			<fScale>1.0</fScale>
			<fInterfaceScale>1.0</fInterfaceScale>
			<NIF>Art/Terrain/Resources/Wheat/Wheat.nif</NIF>
			<KFM/>
			<Button>Art/Interface/Buttons/resources/music.dds</Button>
			<FontButtonIndex>33</FontButtonIndex>
		</BonusArtInfo>
		<BonusArtInfo>
			<Type>ART_DEF_BONUS_COTTON</Type>
			<fScale>0.5</fScale>
			<fInterfaceScale>1.6</fInterfaceScale>
			<NIF>Art/Terrain/Resources/Cotton/cotton.nif</NIF>
			<KFM/>
			<Button>,Art/Interface/Buttons/WorldBuilder/Spices.dds,Art/Interface/Buttons/Warlords_Atlas_1.dds,3,14</Button>
			<FontButtonIndex>35</FontButtonIndex>
		</BonusArtInfo>
		<BonusArtInfo>
			<Type>ART_DEF_BONUS_TOBACCO</Type>
			<fScale>0.5</fScale>
			<fInterfaceScale>1.6</fInterfaceScale>
			<NIF>Art/Terrain/Resources/Tobacco/tobacco.nif</NIF>
			<KFM/>
			<Button>,Art/Interface/Buttons/WorldBuilder/Spices.dds,Art/Interface/Buttons/Warlords_Atlas_1.dds,2,14</Button>
			<FontButtonIndex>36</FontButtonIndex>
		</BonusArtInfo>
		<BonusArtInfo>
			<Type>ART_DEF_BONUS_OLIVES</Type>
			<fScale>0.5</fScale>
			<fInterfaceScale>1.6</fInterfaceScale>
			<NIF>Art/Terrain/Resources/Olives/olives.nif</NIF>
			<KFM/>
			<Button>,Art/Interface/Buttons/WorldBuilder/Spices.dds,Art/Interface/Buttons/Warlords_Atlas_1.dds,1,14</Button>
			<FontButtonIndex>37</FontButtonIndex>
		</BonusArtInfo>
		<BonusArtInfo>
			<Type>ART_DEF_BONUS_VICTORY_BLUE</Type>
			<fScale>0.5</fScale>
			<fInterfaceScale>1.6</fInterfaceScale>
			<NIF>Art/Structures/Buildings/Obelisk Marker/Obelisk_marker_blue.nif</NIF>
			<KFM/>
			<Button>,Art/Interface/Buttons/WorldBuilder/Music.dds,Art/Interface/Buttons/Warlords_Atlas_1.dds,2,13</Button>
			<FontButtonIndex>38</FontButtonIndex>
		</BonusArtInfo>
		<BonusArtInfo>
			<Type>ART_DEF_BONUS_VICTORY_PURPLE</Type>
			<fScale>0.5</fScale>
			<fInterfaceScale>1.6</fInterfaceScale>
			<NIF>Art/Structures/Buildings/Obelisk Marker/Obelisk_marker_purple.nif</NIF>
			<KFM/>
			<Button>,Art/Interface/Buttons/WorldBuilder/Music.dds,Art/Interface/Buttons/Warlords_Atlas_1.dds,3,13</Button>
			<FontButtonIndex>39</FontButtonIndex>
		</BonusArtInfo>
		<BonusArtInfo>
			<Type>ART_DEF_BONUS_VICTORY_RED</Type>
			<fScale>0.5</fScale>
			<fInterfaceScale>1.6</fInterfaceScale>
			<NIF>Art/Structures/Buildings/Obelisk Marker/Obelisk_marker_red.nif</NIF>
			<KFM/>
			<Button>,Art/Interface/Buttons/WorldBuilder/Music.dds,Art/Interface/Buttons/Warlords_Atlas_1.dds,4,13</Button>
			<FontButtonIndex>40</FontButtonIndex>
		</BonusArtInfo>
		<BonusArtInfo>
			<Type>ART_DEF_BONUS_VICTORY_YELLOW</Type>
			<fScale>0.5</fScale>
			<fInterfaceScale>1.6</fInterfaceScale>
			<NIF>Art/Structures/Buildings/Obelisk Marker/Obelisk_marker_yellow.nif</NIF>
			<KFM/>
			<Button>,Art/Interface/Buttons/WorldBuilder/Music.dds,Art/Interface/Buttons/Warlords_Atlas_1.dds,5,13</Button>
			<FontButtonIndex>41</FontButtonIndex>
		</BonusArtInfo>
		<BonusArtInfo>
			<Type>ART_DEF_BONUS_VICTORY_GREEN</Type>
			<fScale>0.5</fScale>
			<fInterfaceScale>1.6</fInterfaceScale>
			<NIF>Art/Structures/Buildings/Obelisk Marker/Obelisk_marker_green.nif</NIF>
			<KFM/>
			<Button>,Art/Interface/Buttons/WorldBuilder/Music.dds,Art/Interface/Buttons/Warlords_Atlas_1.dds,6,13</Button>
			<FontButtonIndex>42</FontButtonIndex>
		</BonusArtInfo>
		<BonusArtInfo>
			<Type>ART_DEF_BONUS_SE_AMBER</Type>
			<fScale>1.0</fScale>
			<fInterfaceScale>1.0</fInterfaceScale>
			<NIF>Art/Terrain/Resources/seresources/amber/gems.nif</NIF>
			<KFM>Art/Terrain/Resources/Glass/gems.KFM</KFM>
			<SHADERNIF>Art/Terrain/Resources/seresources/amber/gems.nif</SHADERNIF>
			<Button>Art/Interface/Buttons/resources/seamber.dds</Button>
			<FontButtonIndex>38</FontButtonIndex>
		</BonusArtInfo>
		<BonusArtInfo>
			<Type>ART_DEF_BONUS_SE_MADNES</Type>
			<fScale>1.0</fScale>
			<fInterfaceScale>1.0</fInterfaceScale>
			<NIF>Art/Terrain/Resources/seresources/madnes/markermana.nif</NIF>
			<KFM>Art/Terrain/Resources/Glass/gems.KFM</KFM>
			<SHADERNIF>Art/Terrain/Resources/seresources/madnes/markermana.nif</SHADERNIF>
			<Button>Art/Interface/Buttons/resources/semadnes.dds</Button>
			<FontButtonIndex>38</FontButtonIndex>
		</BonusArtInfo>
		<BonusArtInfo>
			<Type>ART_DEF_BONUS_SE_MUSHROOMS</Type>
			<fScale>1.0</fScale>
			<fInterfaceScale>0.8</fInterfaceScale>
			<NIF>Art\Terrain\resources\seresources\fungus/Wheat.nif</NIF>
			<KFM>Art/Terrain/Resources/Wheat/Wheat.kfm</KFM>
			<Button>Art/Interface/Buttons/resources/sefungus.dds</Button>
			<FontButtonIndex>38</FontButtonIndex>
		</BonusArtInfo>
		<BonusArtInfo>
			<Type>ART_DEF_BONUS_SE_WATERROOT</Type>
			<fScale>1.0</fScale>
			<fInterfaceScale>0.8</fInterfaceScale>
			<NIF>Art\Terrain\resources\seresources\plants/waterroot.nif</NIF>
			<KFM>Art/Terrain/Resources/Wheat/Wheat.kfm</KFM>
			<Button>Art/Interface/Buttons/resources/sewaterroot.dds</Button>
			<FontButtonIndex>38</FontButtonIndex>
		</BonusArtInfo>
		<BonusArtInfo>
			<Type>ART_DEF_BONUS_SE_ALOCASIA</Type>
			<fScale>1.0</fScale>
			<fInterfaceScale>0.8</fInterfaceScale>
			<NIF>Art\Terrain\resources\seresources\plants/alocasia.nif</NIF>
			<KFM>Art/Terrain/Resources/Wheat/Wheat.kfm</KFM>
			<Button>Art/Interface/Buttons/resources/sealocasia.dds</Button>
			<FontButtonIndex>38</FontButtonIndex>
		</BonusArtInfo>
		<BonusArtInfo>
			<Type>ART_DEF_BONUS_SE_REDKELP</Type>
			<fScale>1.0</fScale>
			<fInterfaceScale>0.8</fInterfaceScale>
			<NIF>Art\Terrain\resources\seresources\plants/redkelp.nif</NIF>
			<KFM>Art/Terrain/Resources/Wheat/Wheat.kfm</KFM>
			<Button>Art/Interface/Buttons/resources/seredkelp.dds</Button>
			<FontButtonIndex>38</FontButtonIndex>
		</BonusArtInfo>
		<BonusArtInfo>
			<Type>ART_DEF_BONUS_SE_FUNGUSSTALK</Type>
			<fScale>1.0</fScale>
			<fInterfaceScale>0.8</fInterfaceScale>
			<NIF>Art\Terrain\resources\seresources\plants/fungusstalk.nif</NIF>
			<KFM>Art/Terrain/Resources/Wheat/Wheat.kfm</KFM>
			<Button>Art/Interface/Buttons/resources/sefungusstalk.dds</Button>
			<FontButtonIndex>38</FontButtonIndex>
		</BonusArtInfo>
	</BonusArtInfos>
</Civ4ArtDefines>