<?xml version="1.0"?>
<!-- edited with XMLSPY v2004 rel. 2 U (http://www.xmlspy.com) by Firaxis Games (Firaxis Games) -->
<!-- Sid Meier's Civilization 4 -->
<!-- Copyright Firaxis Games 2005 -->
<!-- -->
<!-- Movie art path information -->
<Civ4ArtDefines xmlns="x-schema:CIV4ArtDefinesSchema.xml">
	<MovieArtInfos>
		<MovieArtInfo>
			<Type>ART_DEF_MOVIE_INGENIUM</Type>
			<Path>Art/Movies/Wonders/ingenium.bik</Path>
		</MovieArtInfo>
		<MovieArtInfo>
			<Type>ART_DEF_MOVIE_GREAT_HARBOR</Type>
			<Path>Art/Movies/Wonders/great harbor.bik</Path>
		</MovieArtInfo>
		<MovieArtInfo>
			<Type>ART_DEF_MOVIE_GHOST_FENCE</Type>
			<Path>Art/Movies/Wonders/ghostfence.bik</Path>
		</MovieArtInfo>
		<MovieArtInfo>
			<Type>ART_DEF_MOVIE_CENTRAL_MARKET</Type>
			<Path>Art/Movies/Wonders/central market.bik</Path>
		</MovieArtInfo>
		<MovieArtInfo>
			<Type>ART_DEF_MOVIE_ARCANE</Type>
			<Path>Art/Movies/Wonders/SpiralMinaret.bik</Path>
		</MovieArtInfo>
		<MovieArtInfo>
			<Type>ART_DEF_MOVIE_CLOCKWORK</Type>
			<Path>Art/Movies/Wonders/clockwork.bik</Path>
		</MovieArtInfo>
		<MovieArtInfo>
			<Type>ART_DEF_MOVIE_CRYSTAL</Type>
			<Path>Art/Movies/Wonders/crystal.bik</Path>
		</MovieArtInfo>
		<MovieArtInfo>
			<Type>ART_DEF_MOVIE_DREAMING_CAVERN</Type>
			<Path>Art/Movies/Wonders/dreaming.bik</Path>
		</MovieArtInfo>
		<MovieArtInfo>
			<Type>ART_DEF_MOVIE_WHITE_GOLD</Type>
			<Path>Art/Movies/Wonders/white gold.bik</Path>
		</MovieArtInfo>
		<MovieArtInfo>
			<Type>ART_DEF_MOVIE_MOURNHOLD</Type>
			<Path>Art/Movies/Wonders/mournhold.bik</Path>
		</MovieArtInfo>
		<MovieArtInfo>
			<Type>ART_DEF_MOVIE_VIVEC</Type>
			<Path>Art/Movies/Wonders/vivec.bik</Path>
		</MovieArtInfo>
		<MovieArtInfo>
			<Type>ART_DEF_MOVIE_CEPORAH</Type>
			<Path>Art/Movies/Wonders/ceporah.bik</Path>
		</MovieArtInfo>
		<MovieArtInfo>
			<Type>ART_DEF_MOVIE_SILVENAR</Type>
			<Path>Art/Movies/Wonders/silvenar.bik</Path>
		</MovieArtInfo>
		<MovieArtInfo>
			<Type>ART_DEF_MOVIE_ARBORETUM</Type>
			<Path>Art/Movies/Wonders/arboretum.bik</Path>
		</MovieArtInfo>
		<MovieArtInfo>
			<Type>ART_DEF_MOVIE_ORRERY</Type>
			<Path>Art/Movies/Wonders/orrery.bik</Path>
		</MovieArtInfo>
		<MovieArtInfo>
			<Type>ART_DEF_MOVIE_OBSERVATORY</Type>
			<Path>Art/Movies/Wonders/observatory.bik</Path>
		</MovieArtInfo>
		<MovieArtInfo>
			<Type>ART_DEF_MOVIE_CLOUD_RULER</Type>
			<Path>Art/Movies/Wonders/cloud ruler.bik</Path>
		</MovieArtInfo>
		<MovieArtInfo>
			<Type>ART_DEF_MOVIE_INTRO</Type>
			<Path>Art/Movies/Intros/BTS Intro Final.bik</Path>
		</MovieArtInfo>
		<MovieArtInfo>
			<Type>ART_DEF_MOVIE_2K_INTRO</Type>
			<Path>Art/Movies/Intros/2KG_NTSC.bik</Path>
		</MovieArtInfo>
		<MovieArtInfo>
			<Type>ART_DEF_MOVIE_NVIDIA_INTRO</Type>
			<Path>Art/Movies/Intros/TheWay_720x486.bik</Path>
		</MovieArtInfo>
		<MovieArtInfo>
			<Type>ART_DEF_MOVIE_PLACEHOLDER</Type>
			<Path>Art/Movies/Placeholder.bik</Path>
		</MovieArtInfo>
		<MovieArtInfo>
			<Type>ART_DEF_MOVIE_ANGKOR_WAT</Type>
			<Path>Art/Movies/Wonders/AngkorWat.bik</Path>
		</MovieArtInfo>
		<MovieArtInfo>
			<Type>ART_DEF_MOVIE_BROADWAY</Type>
			<Path>Art/Movies/Wonders/Broadway.bik</Path>
		</MovieArtInfo>
		<MovieArtInfo>
			<Type>ART_DEF_MOVIE_CHICHEN_ITZA</Type>
			<Path>Art/Movies/Wonders/ChichenItza.bik</Path>
		</MovieArtInfo>
		<MovieArtInfo>
			<Type>ART_DEF_MOVIE_COLOSSUS</Type>
			<Path>Art/Movies/Wonders/Colossus.bik</Path>
		</MovieArtInfo>
		<MovieArtInfo>
			<Type>ART_DEF_MOVIE_EIFFEL_TOWER</Type>
			<Path>Art/Movies/Wonders/EiffelTower.bik</Path>
		</MovieArtInfo>
		<MovieArtInfo>
			<Type>ART_DEF_MOVIE_GREAT_LIBRARY</Type>
			<Path>Art/Movies/Wonders/GreatLibrary.bik</Path>
		</MovieArtInfo>
		<MovieArtInfo>
			<Type>ART_DEF_MOVIE_GREAT_LIGHTHOUSE</Type>
			<Path>Art/Movies/Wonders/GreatLighthouse.bik</Path>
		</MovieArtInfo>
		<MovieArtInfo>
			<Type>ART_DEF_MOVIE_HAGIA_SOPHIA</Type>
			<Path>Art/Movies/Wonders/HagiaSophia.bik</Path>
		</MovieArtInfo>
		<MovieArtInfo>
			<Type>ART_DEF_MOVIE_HANGING_GARDENS</Type>
			<Path>Art/Movies/Wonders/HangingGardens.bik</Path>
		</MovieArtInfo>
		<MovieArtInfo>
			<Type>ART_DEF_MOVIE_HOLLYWOOD</Type>
			<Path>Art/Movies/Wonders/Hollywood.bik</Path>
		</MovieArtInfo>
		<MovieArtInfo>
			<Type>ART_DEF_MOVIE_INTERNET</Type>
			<Path>Art/Movies/Wonders/Internet.bik</Path>
		</MovieArtInfo>
		<MovieArtInfo>
			<Type>ART_DEF_MOVIE_KREMLIN</Type>
			<Path>Art/Movies/Wonders/Kremlin.bik</Path>
		</MovieArtInfo>
		<MovieArtInfo>
			<Type>ART_DEF_MOVIE_MANHATTAN_PROJECT</Type>
			<Path>Art/Movies/Wonders/ManhattanProject.bik</Path>
		</MovieArtInfo>
		<MovieArtInfo>
			<Type>ART_DEF_MOVIE_NOTRE_DAME</Type>
			<Path>Art/Movies/Wonders/NotreDame.bik</Path>
		</MovieArtInfo>
		<MovieArtInfo>
			<Type>ART_DEF_MOVIE_ORACLE</Type>
			<Path>Art/Movies/Wonders/Oracle.bik</Path>
		</MovieArtInfo>
		<MovieArtInfo>
			<Type>ART_DEF_MOVIE_PARTHENON</Type>
			<Path>Art/Movies/Wonders/Parthenon.bik</Path>
		</MovieArtInfo>
		<MovieArtInfo>
			<Type>ART_DEF_MOVIE_PENTAGON</Type>
			<Path>Art/Movies/Wonders/Pentagon.bik</Path>
		</MovieArtInfo>
		<MovieArtInfo>
			<Type>ART_DEF_MOVIE_PYRAMIDS</Type>
			<Path>Art/Movies/Wonders/GreatPyramids.bik</Path>
		</MovieArtInfo>
		<MovieArtInfo>
			<Type>ART_DEF_MOVIE_ROCK_AND_ROLL</Type>
			<Path>Art/Movies/Wonders/RockAndRoll.bik</Path>
		</MovieArtInfo>
		<MovieArtInfo>
			<Type>ART_DEF_MOVIE_SISTINE_CHAPEL</Type>
			<Path>Art/Movies/Wonders/SistineChapel.bik</Path>
		</MovieArtInfo>
		<MovieArtInfo>
			<Type>ART_DEF_MOVIE_SPACE_ELEVATOR</Type>
			<Path>Art/Movies/Wonders/SpaceElevator.bik</Path>
		</MovieArtInfo>
		<MovieArtInfo>
			<Type>ART_DEF_MOVIE_SPIRAL_MINARET</Type>
			<Path>Art/Movies/Wonders/SpiralMinaret.bik</Path>
		</MovieArtInfo>
		<MovieArtInfo>
			<Type>ART_DEF_MOVIE_STATUE_OF_LIBERTY</Type>
			<Path>Art/Movies/Wonders/StatueOfLiberty.bik</Path>
		</MovieArtInfo>
		<MovieArtInfo>
			<Type>ART_DEF_MOVIE_STONEHENGE</Type>
			<Path>Art/Movies/Wonders/Stonehenge.bik</Path>
		</MovieArtInfo>
		<MovieArtInfo>
			<Type>ART_DEF_MOVIE_TAJ_MAHAL</Type>
			<Path>Art/Movies/Wonders/TajMahal.bik</Path>
		</MovieArtInfo>
		<MovieArtInfo>
			<Type>ART_DEF_MOVIE_THREE_GORGES_DAM</Type>
			<Path>Art/Movies/Wonders/ThreeGorgesDam.bik</Path>
		</MovieArtInfo>
		<MovieArtInfo>
			<Type>ART_DEF_MOVIE_UNITED_NATIONS</Type>
			<Path>Art/Movies/Wonders/UnitedNations.bik</Path>
		</MovieArtInfo>
		<MovieArtInfo>
			<Type>ART_DEF_MOVIE_VERSAILLES</Type>
			<Path>Art/Movies/Wonders/Versailles.bik</Path>
		</MovieArtInfo>
		<MovieArtInfo>
			<Type>ART_DEF_MOVIE_ARTEMIS</Type>
			<Path>Art/Movies/Wonders/Artemis.bik</Path>
		</MovieArtInfo>
		<MovieArtInfo>
			<Type>ART_DEF_MOVIE_GREAT_WALL</Type>
			<Path>Art/Movies/Wonders/GreatWall.bik</Path>
		</MovieArtInfo>
		<MovieArtInfo>
			<Type>ART_DEF_MOVIE_UNIVERSITY_SANKORE</Type>
			<Path>Art/Movies/Wonders/SankoreUniversity.bik</Path>
		</MovieArtInfo>
		<MovieArtInfo>
			<Type>ART_DEF_MOVIE_VICTORY_CONQUEST</Type>
			<Path>Art/Movies/Victory/Conquest.bik</Path>
		</MovieArtInfo>
		<MovieArtInfo>
			<Type>ART_DEF_MOVIE_VICTORY_DOMINATION</Type>
			<Path>Art/Movies/Victory/Domination.bik</Path>
		</MovieArtInfo>
		<MovieArtInfo>
			<Type>ART_DEF_MOVIE_VICTORY_SPACE_RACE</Type>
			<Path>Art/Movies/Victory/SpaceRace.bik</Path>
		</MovieArtInfo>
		<MovieArtInfo>
			<Type>ART_DEF_MOVIE_VICTORY_CULTURAL</Type>
			<Path>Art/Movies/Victory/Cultural.bik</Path>
		</MovieArtInfo>
		<MovieArtInfo>
			<Type>ART_DEF_MOVIE_SHRINE_AEDRA</Type>
			<Path>Art/Movies/Religion/aedra.dds</Path>
		</MovieArtInfo>
		<MovieArtInfo>
			<Type>ART_DEF_MOVIE_SHRINE_DIVINES</Type>
			<Path>Art/Movies/Religion/divines.dds</Path>
		</MovieArtInfo>
		<MovieArtInfo>
			<Type>ART_DEF_MOVIE_SHRINE_DAEDRA</Type>
			<Path>Art/Movies/Religion/daedra.dds</Path>
		</MovieArtInfo>
		<MovieArtInfo>
			<Type>ART_DEF_MOVIE_SHRINE_ANCESTRAL</Type>
			<Path>Art/Movies/Religion/ancestral.dds</Path>
		</MovieArtInfo>
		<MovieArtInfo>
			<Type>ART_DEF_MOVIE_SHRINE_MONO</Type>
			<Path>Art/Movies/Religion/mono.dds</Path>
		</MovieArtInfo>
		<MovieArtInfo>
			<Type>ART_DEF_MOVIE_SHRINE_TRIBUNAL</Type>
			<Path>Art/Movies/Religion/tribunal.dds</Path>
		</MovieArtInfo>
		<MovieArtInfo>
			<Type>ART_DEF_MOVIE_APOSTOLIC_PALACE</Type>
			<Path>Art/Movies/Wonders/Apostolic Palace.bik</Path>
		</MovieArtInfo>
		<MovieArtInfo>
			<Type>ART_DEF_MOVIE_MAUSOLEUM_OF_MAUSSOLLOS</Type>
			<Path>Art/Movies/Wonders/Mausoleum.bik</Path>
		</MovieArtInfo>
		<MovieArtInfo>
			<Type>ART_DEF_MOVIE_STATUE_OF_ZEUS</Type>
			<Path>Art/Movies/Wonders/Zeus.bik</Path>
		</MovieArtInfo>
		<MovieArtInfo>
			<Type>ART_DEF_MOVIE_SHWEDAGON_PAYA</Type>
			<Path>Art/Movies/Wonders/Shwedagon Paya.bik</Path>
		</MovieArtInfo>
		<MovieArtInfo>
			<Type>ART_DEF_MOVIE_CHRIST_THE_REDEEMER</Type>
			<Path>Art/Movies/Wonders/Christ the Redeemer.bik</Path>
		</MovieArtInfo>
	</MovieArtInfos>
</Civ4ArtDefines>
