		<UnitArtInfo>
			<Type>ART_DEF_UNIT_MINOTAUR</Type>
			<Button>Art/Interface/Buttons/Units/animals/minotaur.dds</Button>
			<fScale>0.53</fScale>
			<fInterfaceScale>1</fInterfaceScale>
			<bActAsLand>0</bActAsLand>
			<bActAsAir>0</bActAsAir>
			<NIF>Art/Units/animals/minotaur/axeman.nif</NIF>
			<KFM>Art/Units/axeman/axeman.kfm</KFM>
			<SHADERNIF>Art/Units/animals/minotaur/axeman.nif</SHADERNIF>
			<ShadowDef>
				<ShadowNIF>Art/Units/01_UnitShadows/UnitShadow.nif</ShadowNIF>
				<ShadowAttachNode>BIP Pelvis</ShadowAttachNode>
				<fShadowScale>1.0</fShadowScale>
			</ShadowDef>
			<fBattleDistance>0.35</fBattleDistance>
			<fRangedDeathTime>0.31</fRangedDeathTime>
			<bActAsRanged>0</bActAsRanged>
			<TrainSound>AS2D_UNIT_BUILD_UNIT</TrainSound>
			<AudioRunSounds>
				<AudioRunTypeLoop/>
				<AudioRunTypeEnd/>
			</AudioRunSounds>
		</UnitArtInfo>
