<?xml version="1.0"?>
<!-- edited with XMLSPY v2004 rel. 2 U (http://www.xmlspy.com) by Jesse Smith (Firaxis Games) -->
<!-- Sid Meier's Civilization 4 -->
<!-- Copyright Firaxis Games 2005 -->
<!-- -->
<!-- Civic Option -->
<Civ4CivicOptionInfos xmlns="x-schema:CIV4GameInfoSchema.xml">
	<CivicOptionInfos>
		<CivicOptionInfo>
			<Type>CIVICOPTION_GOVERNMENT</Type>
			<Description>TXT_KEY_CIVICOPTION_GOVERNMENT</Description>
			<TraitNoUpkeeps/>
		</CivicOptionInfo>
		<CivicOptionInfo>
			<Type>CIVICOPTION_LEGAL</Type>
			<Description>TXT_KEY_CIVICOPTION_LEGAL</Description>
			<TraitNoUpkeeps/>
		</CivicOptionInfo>
		<CivicOptionInfo>
			<Type>CIVICOPTION_LABOR</Type>
			<Description>TXT_KEY_CIVICOPTION_LABOR</Description>
			<TraitNoUpkeeps/>
		</CivicOptionInfo>
		<CivicOptionInfo>
			<Type>CIVICOPTION_ECONOMY</Type>
			<Description>TXT_KEY_CIVICOPTION_ECONOMY</Description>
			<TraitNoUpkeeps/>
		</CivicOptionInfo>
		<CivicOptionInfo>
			<Type>CIVICOPTION_RELIGION</Type>
			<Description>TXT_KEY_CIVICOPTION_RELIGION</Description>
			<TraitNoUpkeeps/>
		</CivicOptionInfo>
		<CivicOptionInfo>
			<Type>CIVICOPTION_8_DIVINES</Type>
			<Description>Eight Divines</Description>
			<TraitNoUpkeeps/>
		</CivicOptionInfo>
		<CivicOptionInfo>
			<Type>CIVICOPTION_DAEDRA</Type>
			<Description>Daedra</Description>
			<TraitNoUpkeeps/>
		</CivicOptionInfo>
	</CivicOptionInfos>
</Civ4CivicOptionInfos>
