<?xml version="1.0"?>
<Civ4ReligionInfo xmlns="x-schema:CIV4GameInfoSchema.xml">
	<ReligionInfos>
		<ReligionInfo>
			<Type>RELIGION_JUDAISM</Type>
			<Description>TXT_KEY_RELIGION_AEDRA</Description>
			<Adjective>TXT_KEY_RELIGION_AEDRA_ADJECTIVE</Adjective>
			<Civilopedia>TXT_KEY_RELIGION_AEDRA_PEDIA</Civilopedia>
			<TechPrereq>TECH_POLYTHEISM</TechPrereq>
			<FreeUnitClass>UNITCLASS_AEDRIC_MISSIONARY</FreeUnitClass>
			<iFreeUnits>0</iFreeUnits>
			<iSpreadFactor>100</iSpreadFactor>
			<GlobalReligionCommerces>
				<iGlobalReligionCommerce>1</iGlobalReligionCommerce>
				<iGlobalReligionCommerce>0</iGlobalReligionCommerce>
				<iGlobalReligionCommerce>0</iGlobalReligionCommerce>
				<iGlobalReligionCommerce>0</iGlobalReligionCommerce>
			</GlobalReligionCommerces>
			<HolyCityCommerces>
				<iHolyCityCommerce>0</iHolyCityCommerce>
				<iHolyCityCommerce>0</iHolyCityCommerce>
				<iHolyCityCommerce>4</iHolyCityCommerce>
				<iHolyCityCommerce>0</iHolyCityCommerce>
			</HolyCityCommerces>
			<StateReligionCommerces>
				<iStateReligionCommerce>0</iStateReligionCommerce>
				<iStateReligionCommerce>0</iStateReligionCommerce>
				<iStateReligionCommerce>1</iStateReligionCommerce>
				<iStateReligionCommerce>0</iStateReligionCommerce>
			</StateReligionCommerces>
			<Button>Art/Interface/Buttons/Religions/aedra.dds</Button>
			<TechButton>Art/Interface/Buttons/Religions/aedra.dds</TechButton>
			<GenericTechButton>Art/Interface/Buttons/Religions/aedra.dds</GenericTechButton>
			<MovieFile>Art\Movies\religion\pics/aedra.dds</MovieFile>
			<MovieSound>AS2D_BUILD_JEWISH_MOVIE</MovieSound>
			<Sound>AS2D_BUILD_JEWISH</Sound>
		</ReligionInfo>
		<ReligionInfo>
			<Type>RELIGION_CHRISTIANITY</Type>
			<Description>Graybeards Cult</Description>
			<Adjective>Graybeards Cultists</Adjective>
			<Civilopedia>TXT_KEY_RELIGION_ANCESTRAL_PEDIA</Civilopedia>
			<TechPrereq>TECH_POLYTHEISM</TechPrereq>
			<FreeUnitClass>UNITCLASS_ANCESTRAL_MISSIONARY</FreeUnitClass>
			<iFreeUnits>0</iFreeUnits>
			<iSpreadFactor>100</iSpreadFactor>
			<GlobalReligionCommerces>
				<iGlobalReligionCommerce>1</iGlobalReligionCommerce>
				<iGlobalReligionCommerce>0</iGlobalReligionCommerce>
				<iGlobalReligionCommerce>0</iGlobalReligionCommerce>
				<iGlobalReligionCommerce>0</iGlobalReligionCommerce>
			</GlobalReligionCommerces>
			<HolyCityCommerces>
				<iHolyCityCommerce>0</iHolyCityCommerce>
				<iHolyCityCommerce>0</iHolyCityCommerce>
				<iHolyCityCommerce>4</iHolyCityCommerce>
				<iHolyCityCommerce>0</iHolyCityCommerce>
			</HolyCityCommerces>
			<StateReligionCommerces>
				<iStateReligionCommerce>0</iStateReligionCommerce>
				<iStateReligionCommerce>0</iStateReligionCommerce>
				<iStateReligionCommerce>1</iStateReligionCommerce>
				<iStateReligionCommerce>0</iStateReligionCommerce>
			</StateReligionCommerces>
			<Button>Art/Interface/Buttons/Religions/ancestral.dds</Button>
			<TechButton>Art/Interface/Buttons/Religions/ancestral.dds</TechButton>
			<GenericTechButton>Art/Interface/Buttons/Religions/ancestral.dds</GenericTechButton>
			<MovieFile>Art\Movies\religion\pics/dragon.dds</MovieFile>
			<MovieSound>AS2D_BUILD_HINDU_MOVIE</MovieSound>
			<Sound>AS2D_BUILD_HINDU</Sound>
		</ReligionInfo>
		<ReligionInfo>
			<Type>RELIGION_ISLAM</Type>
			<Description>TXT_KEY_RELIGION_DAEDRA</Description>
			<Adjective>TXT_KEY_RELIGION_DAEDRA_ADJECTIVE</Adjective>
			<Civilopedia>TXT_KEY_RELIGION_DAEDRA_PEDIA</Civilopedia>
			<TechPrereq>TECH_POLYTHEISM</TechPrereq>
			<FreeUnitClass>UNITCLASS_DAEDRIC_MISSIONARY</FreeUnitClass>
			<iFreeUnits>0</iFreeUnits>
			<iSpreadFactor>100</iSpreadFactor>
			<GlobalReligionCommerces>
				<iGlobalReligionCommerce>1</iGlobalReligionCommerce>
				<iGlobalReligionCommerce>0</iGlobalReligionCommerce>
				<iGlobalReligionCommerce>0</iGlobalReligionCommerce>
				<iGlobalReligionCommerce>0</iGlobalReligionCommerce>
			</GlobalReligionCommerces>
			<HolyCityCommerces>
				<iHolyCityCommerce>0</iHolyCityCommerce>
				<iHolyCityCommerce>0</iHolyCityCommerce>
				<iHolyCityCommerce>4</iHolyCityCommerce>
				<iHolyCityCommerce>0</iHolyCityCommerce>
			</HolyCityCommerces>
			<StateReligionCommerces>
				<iStateReligionCommerce>0</iStateReligionCommerce>
				<iStateReligionCommerce>0</iStateReligionCommerce>
				<iStateReligionCommerce>1</iStateReligionCommerce>
				<iStateReligionCommerce>0</iStateReligionCommerce>
			</StateReligionCommerces>
			<Button>Art/Interface/Buttons/Religions/daedra.dds</Button>
			<TechButton>Art/Interface/Buttons/Religions/daedra.dds</TechButton>
			<GenericTechButton>Art/Interface/Buttons/Religions/daedra.dds</GenericTechButton>
			<MovieFile>Art\Movies\religion\pics/daedra.dds</MovieFile>
			<MovieSound>AS2D_BUILD_HINDU_MOVIE</MovieSound>
			<Sound>AS2D_BUILD_HINDU</Sound>
		</ReligionInfo>
		<ReligionInfo>
			<Type>RELIGION_EIGHT_DIVINES</Type>
			<Description>TXT_KEY_RELIGION_EIGHT_DIVINES</Description>
			<Adjective>TXT_KEY_RELIGION_EIGHT_DIVINES_ADJECTIVE</Adjective>
			<Civilopedia>TXT_KEY_RELIGION_EIGHT_DIVINES_PEDIA</Civilopedia>
			<TechPrereq>TECH_POLYTHEISM</TechPrereq>
			<FreeUnitClass>UNITCLASS_EIGHT_DIVINES_MISSIONARY</FreeUnitClass>
			<iFreeUnits>0</iFreeUnits>
			<iSpreadFactor>100</iSpreadFactor>
			<GlobalReligionCommerces>
				<iGlobalReligionCommerce>1</iGlobalReligionCommerce>
				<iGlobalReligionCommerce>0</iGlobalReligionCommerce>
				<iGlobalReligionCommerce>0</iGlobalReligionCommerce>
				<iGlobalReligionCommerce>0</iGlobalReligionCommerce>
			</GlobalReligionCommerces>
			<HolyCityCommerces>
				<iHolyCityCommerce>0</iHolyCityCommerce>
				<iHolyCityCommerce>0</iHolyCityCommerce>
				<iHolyCityCommerce>4</iHolyCityCommerce>
				<iHolyCityCommerce>0</iHolyCityCommerce>
			</HolyCityCommerces>
			<StateReligionCommerces>
				<iStateReligionCommerce>0</iStateReligionCommerce>
				<iStateReligionCommerce>0</iStateReligionCommerce>
				<iStateReligionCommerce>1</iStateReligionCommerce>
				<iStateReligionCommerce>0</iStateReligionCommerce>
			</StateReligionCommerces>
			<Button>Art/Interface/Buttons/Religions/divines.dds</Button>
			<TechButton>Art/Interface/Buttons/Religions/divines.dds</TechButton>
			<GenericTechButton>Art/Interface/Buttons/Religions/divines.dds</GenericTechButton>
			<MovieFile>Art\Movies\religion\pics/divines.dds</MovieFile>
			<MovieSound>AS2D_BUILD_CHRISTIAN_MOVIE</MovieSound>
			<Sound>AS2D_BUILD_CHRISTIAN</Sound>
		</ReligionInfo>
		
		<ReligionInfo>
			<Type>RELIGION_MONOTHEISM</Type>
			<Description>TXT_KEY_RELIGION_MONOTHEISM</Description>
			<Adjective>TXT_KEY_RELIGION_MONOTHEISM_ADJECTIVE</Adjective>
			<Civilopedia>TXT_KEY_RELIGION_MONOTHEISM_PEDIA</Civilopedia>
			<TechPrereq>TECH_POLYTHEISM</TechPrereq>
			<FreeUnitClass>UNITCLASS_MONOTHEISTIC_MISSIONARY</FreeUnitClass>
			<iFreeUnits>1</iFreeUnits>
			<iSpreadFactor>100</iSpreadFactor>
			<GlobalReligionCommerces>
				<iGlobalReligionCommerce>1</iGlobalReligionCommerce>
				<iGlobalReligionCommerce>0</iGlobalReligionCommerce>
				<iGlobalReligionCommerce>0</iGlobalReligionCommerce>
				<iGlobalReligionCommerce>0</iGlobalReligionCommerce>
			</GlobalReligionCommerces>
			<HolyCityCommerces>
				<iHolyCityCommerce>0</iHolyCityCommerce>
				<iHolyCityCommerce>0</iHolyCityCommerce>
				<iHolyCityCommerce>4</iHolyCityCommerce>
				<iHolyCityCommerce>0</iHolyCityCommerce>
			</HolyCityCommerces>
			<StateReligionCommerces>
				<iStateReligionCommerce>0</iStateReligionCommerce>
				<iStateReligionCommerce>0</iStateReligionCommerce>
				<iStateReligionCommerce>1</iStateReligionCommerce>
				<iStateReligionCommerce>0</iStateReligionCommerce>
			</StateReligionCommerces>
			<Button>Art/Interface/Buttons/Religions/mono.dds</Button>
			<TechButton>Art/Interface/Buttons/Religions/mono.dds</TechButton>
			<GenericTechButton>Art/Interface/Buttons/Religions/mono.dds</GenericTechButton>
			<MovieFile>Art\Movies\religion\pics/mono.dds</MovieFile>
			<MovieSound>AS2D_BUILD_BUDDHIST_MOVIE</MovieSound>
			<Sound>AS2D_BUILD_BUDDHIST</Sound>
		</ReligionInfo>
		<ReligionInfo>
			<Type>RELIGION_TRIBUNAL</Type>
			<Description>TXT_KEY_RELIGION_TRIBUNAL</Description>
			<Adjective>TXT_KEY_RELIGION_TRIBUNAL_ADJECTIVE</Adjective>
			<Civilopedia>TXT_KEY_RELIGION_TRIBUNAL_PEDIA</Civilopedia>
			<TechPrereq>TECH_POLYTHEISM</TechPrereq>
			<FreeUnitClass>UNITCLASS_TRIBUNAL_MISSIONARY</FreeUnitClass>
			<iFreeUnits>1</iFreeUnits>
			<iSpreadFactor>100</iSpreadFactor>
			<GlobalReligionCommerces>
				<iGlobalReligionCommerce>1</iGlobalReligionCommerce>
				<iGlobalReligionCommerce>0</iGlobalReligionCommerce>
				<iGlobalReligionCommerce>0</iGlobalReligionCommerce>
				<iGlobalReligionCommerce>0</iGlobalReligionCommerce>
			</GlobalReligionCommerces>
			<HolyCityCommerces>
				<iHolyCityCommerce>0</iHolyCityCommerce>
				<iHolyCityCommerce>0</iHolyCityCommerce>
				<iHolyCityCommerce>4</iHolyCityCommerce>
				<iHolyCityCommerce>0</iHolyCityCommerce>
			</HolyCityCommerces>
			<StateReligionCommerces>
				<iStateReligionCommerce>0</iStateReligionCommerce>
				<iStateReligionCommerce>0</iStateReligionCommerce>
				<iStateReligionCommerce>1</iStateReligionCommerce>
				<iStateReligionCommerce>0</iStateReligionCommerce>
			</StateReligionCommerces>
			<Button>Art/Interface/Buttons/Religions/tribunal.dds</Button>
			<TechButton>Art/Interface/Buttons/Religions/tribunal.dds</TechButton>
			<GenericTechButton>Art/Interface/Buttons/Religions/tribunal.dds</GenericTechButton>
			<MovieFile>Art\Movies\religion\pics/tribunal.dds</MovieFile>
			<MovieSound>AS2D_BUILD_CONFUCIAN_MOVIE</MovieSound>
			<Sound>AS2D_BUILD_CONFUCIAN</Sound>
		</ReligionInfo>
		<ReligionInfo>
			<Type>RELIGION_HIST</Type>
			<Description>Hist Cult</Description>
			<Adjective>Sons of Hist</Adjective>
			<Civilopedia>TXT_KEY_RELIGION_HIST_PEDIA</Civilopedia>
			<TechPrereq>TECH_POLYTHEISM</TechPrereq>
			<FreeUnitClass>UNITCLASS_HIST_MISSIONARY</FreeUnitClass>
			<iFreeUnits>1</iFreeUnits>
			<iSpreadFactor>100</iSpreadFactor>
			<GlobalReligionCommerces>
				<iGlobalReligionCommerce>1</iGlobalReligionCommerce>
				<iGlobalReligionCommerce>0</iGlobalReligionCommerce>
				<iGlobalReligionCommerce>0</iGlobalReligionCommerce>
				<iGlobalReligionCommerce>0</iGlobalReligionCommerce>
			</GlobalReligionCommerces>
			<HolyCityCommerces>
				<iHolyCityCommerce>0</iHolyCityCommerce>
				<iHolyCityCommerce>0</iHolyCityCommerce>
				<iHolyCityCommerce>4</iHolyCityCommerce>
				<iHolyCityCommerce>0</iHolyCityCommerce>
			</HolyCityCommerces>
			<StateReligionCommerces>
				<iStateReligionCommerce>0</iStateReligionCommerce>
				<iStateReligionCommerce>0</iStateReligionCommerce>
				<iStateReligionCommerce>1</iStateReligionCommerce>
				<iStateReligionCommerce>0</iStateReligionCommerce>
			</StateReligionCommerces>
			<Button>Art/Interface/Buttons/Religions/hist.dds</Button>
			<TechButton>Art/Interface/Buttons/Religions/hist.dds</TechButton>
			<GenericTechButton>Art/Interface/Buttons/Religions/hist.dds</GenericTechButton>
			<MovieFile>Art\Movies\religion\pics/hist.dds</MovieFile>
			<MovieSound>AS2D_BUILD_CONFUCIAN_MOVIE</MovieSound>
			<Sound>AS2D_BUILD_CONFUCIAN</Sound>
		</ReligionInfo>
		<ReligionInfo>
			<Type>RELIGION_RIDDLETHAR</Type>
			<Description>Riddle Thar</Description>
			<Adjective>Riddletharian</Adjective>
			<Civilopedia>TXT_KEY_RELIGION_RIDDLE_THAR_PEDIA</Civilopedia>
			<TechPrereq>TECH_POLYTHEISM</TechPrereq>
			<FreeUnitClass>UNITCLASS_RIDDLE_THAR_MISSIONARY</FreeUnitClass>
			<iFreeUnits>1</iFreeUnits>
			<iSpreadFactor>100</iSpreadFactor>
			<GlobalReligionCommerces>
				<iGlobalReligionCommerce>1</iGlobalReligionCommerce>
				<iGlobalReligionCommerce>0</iGlobalReligionCommerce>
				<iGlobalReligionCommerce>0</iGlobalReligionCommerce>
				<iGlobalReligionCommerce>0</iGlobalReligionCommerce>
			</GlobalReligionCommerces>
			<HolyCityCommerces>
				<iHolyCityCommerce>0</iHolyCityCommerce>
				<iHolyCityCommerce>0</iHolyCityCommerce>
				<iHolyCityCommerce>4</iHolyCityCommerce>
				<iHolyCityCommerce>0</iHolyCityCommerce>
			</HolyCityCommerces>
			<StateReligionCommerces>
				<iStateReligionCommerce>0</iStateReligionCommerce>
				<iStateReligionCommerce>0</iStateReligionCommerce>
				<iStateReligionCommerce>1</iStateReligionCommerce>
				<iStateReligionCommerce>0</iStateReligionCommerce>
			</StateReligionCommerces>
			<Button>Art/Interface/Buttons/Religions/riddlethar.dds</Button>
			<TechButton>Art/Interface/Buttons/Religions/riddlethar.dds</TechButton>
			<GenericTechButton>Art/Interface/Buttons/Religions/riddlethar.dds</GenericTechButton>
			<MovieFile>Art\Movies\religion\pics/riddle.dds</MovieFile>
			<MovieSound>AS2D_BUILD_CONFUCIAN_MOVIE</MovieSound>
			<Sound>AS2D_BUILD_CONFUCIAN</Sound>
		</ReligionInfo>
		<ReligionInfo>
			<Type>RELIGION_MALAKAT</Type>
			<Description>Malacath Cult</Description>
			<Adjective>Malacathian</Adjective>
			<Civilopedia>TXT_KEY_RELIGION_MALAKAT_PEDIA</Civilopedia>
			<TechPrereq>TECH_POLYTHEISM</TechPrereq>
			<FreeUnitClass>UNITCLASS_MALAKAT_MISSIONARY</FreeUnitClass>
			<iFreeUnits>1</iFreeUnits>
			<iSpreadFactor>100</iSpreadFactor>
			<GlobalReligionCommerces>
				<iGlobalReligionCommerce>1</iGlobalReligionCommerce>
				<iGlobalReligionCommerce>0</iGlobalReligionCommerce>
				<iGlobalReligionCommerce>0</iGlobalReligionCommerce>
				<iGlobalReligionCommerce>0</iGlobalReligionCommerce>
			</GlobalReligionCommerces>
			<HolyCityCommerces>
				<iHolyCityCommerce>0</iHolyCityCommerce>
				<iHolyCityCommerce>0</iHolyCityCommerce>
				<iHolyCityCommerce>4</iHolyCityCommerce>
				<iHolyCityCommerce>0</iHolyCityCommerce>
			</HolyCityCommerces>
			<StateReligionCommerces>
				<iStateReligionCommerce>0</iStateReligionCommerce>
				<iStateReligionCommerce>0</iStateReligionCommerce>
				<iStateReligionCommerce>1</iStateReligionCommerce>
				<iStateReligionCommerce>0</iStateReligionCommerce>
			</StateReligionCommerces>
			<Button>Art/Interface/Buttons/Religions/malakat.dds</Button>
			<TechButton>Art/Interface/Buttons/Religions/malakat.dds</TechButton>
			<GenericTechButton>Art/Interface/Buttons/Religions/malakat.dds</GenericTechButton>
			<MovieFile>Art\Movies\religion\pics/Malacath.dds</MovieFile>
			<MovieSound>AS2D_BUILD_CONFUCIAN_MOVIE</MovieSound>
			<Sound>AS2D_BUILD_CONFUCIAN</Sound>
		</ReligionInfo>
		<ReligionInfo>
			<Type>RELIGION_YOKUDA</Type>
			<Description>Yokuda</Description>
			<Adjective>Yokudan</Adjective>
			<Civilopedia>TXT_KEY_RELIGION_YOKUDA_PEDIA</Civilopedia>
			<TechPrereq>TECH_POLYTHEISM</TechPrereq>
			<FreeUnitClass>UNITCLASS_YOKUDA_MISSIONARY</FreeUnitClass>
			<iFreeUnits>1</iFreeUnits>
			<iSpreadFactor>100</iSpreadFactor>
			<GlobalReligionCommerces>
				<iGlobalReligionCommerce>1</iGlobalReligionCommerce>
				<iGlobalReligionCommerce>0</iGlobalReligionCommerce>
				<iGlobalReligionCommerce>0</iGlobalReligionCommerce>
				<iGlobalReligionCommerce>0</iGlobalReligionCommerce>
			</GlobalReligionCommerces>
			<HolyCityCommerces>
				<iHolyCityCommerce>0</iHolyCityCommerce>
				<iHolyCityCommerce>0</iHolyCityCommerce>
				<iHolyCityCommerce>4</iHolyCityCommerce>
				<iHolyCityCommerce>0</iHolyCityCommerce>
			</HolyCityCommerces>
			<StateReligionCommerces>
				<iStateReligionCommerce>0</iStateReligionCommerce>
				<iStateReligionCommerce>0</iStateReligionCommerce>
				<iStateReligionCommerce>1</iStateReligionCommerce>
				<iStateReligionCommerce>0</iStateReligionCommerce>
			</StateReligionCommerces>
			<Button>Art/Interface/Buttons/Religions/yokuda.dds</Button>
			<TechButton>Art/Interface/Buttons/Religions/yokuda.dds</TechButton>
			<GenericTechButton>Art/Interface/Buttons/Religions/yokuda.dds</GenericTechButton>
			<MovieFile>Art\Movies\religion\pics/Yokuda.dds</MovieFile>
			<MovieSound>AS2D_BUILD_CONFUCIAN_MOVIE</MovieSound>
			<Sound>AS2D_BUILD_CONFUCIAN</Sound>
		</ReligionInfo>
		
	</ReligionInfos>
</Civ4ReligionInfo>
