<?xml version="1.0"?>
<!-- Created by Tech Tree Editor v0.7.2BtS by TheLopez-->
<!-- Sid Meier's Civilization 4 -->
<!-- Copyright Firaxis Games 2005 -->
<!-- -->
<!-- Corporation -->
<Civ4CorporationInfo xmlns="x-schema:CIV4GameInfoSchema.xml">
	<CorporationInfos>
		<CorporationInfo>
			<Type>CORPORATION_1</Type>
			<Description>Great House Hlaalu</Description>
			<Civilopedia>Great House Hlaalu</Civilopedia>
			<TechPrereq>NONE</TechPrereq>
			<FreeUnitClass>NONE</FreeUnitClass>
			<iSpreadFactor>200</iSpreadFactor>
			<iSpreadCost>50</iSpreadCost>
			<iMaintenance>100</iMaintenance>
			<PrereqBonuses>
				<BonusType>BONUS_WHEAT</BonusType>
				<BonusType>BONUS_CORN</BonusType>
				<BonusType>BONUS_RICE</BonusType>
			</PrereqBonuses>
			<HeadquarterCommerces>
				<iHeadquarterCommerce>4</iHeadquarterCommerce>
				<iHeadquarterCommerce>0</iHeadquarterCommerce>
				<iHeadquarterCommerce>0</iHeadquarterCommerce>
				<iHeadquarterCommerce>0</iHeadquarterCommerce>
			</HeadquarterCommerces>
			<BonusProduced>NONE</BonusProduced>
			<CommercesProduced>
				<iCommerceProduced>0</iCommerceProduced>
			</CommercesProduced>
			<YieldsProduced>
				<iYieldProduced>75</iYieldProduced>
				<iYieldProduced>0</iYieldProduced>
				<iYieldProduced>0</iYieldProduced>
			</YieldsProduced>
			<Button>Art\Interface\Buttons\civilizations\morrowind/hlaalu.dds</Button>
			<MovieFile>NONE</MovieFile>
			<MovieSound>NONE</MovieSound>
			<Sound>AS2D_BUILD_BANK</Sound>
		</CorporationInfo>
		<CorporationInfo>
			<Type>CORPORATION_2</Type>
			<Description>Great House Redoran</Description>
			<Civilopedia>Great House Redoran</Civilopedia>
			<TechPrereq>NONE</TechPrereq>
			<FreeUnitClass>NONE</FreeUnitClass>
			<iSpreadFactor>200</iSpreadFactor>
			<iSpreadCost>50</iSpreadCost>
			<iMaintenance>100</iMaintenance>
			<PrereqBonuses>
				<BonusType>BONUS_CRAB</BonusType>
				<BonusType>BONUS_CLAM</BonusType>
				<BonusType>BONUS_FISH</BonusType>
				<BonusType>BONUS_RICE</BonusType>
			</PrereqBonuses>
			<HeadquarterCommerces>
				<iHeadquarterCommerce>4</iHeadquarterCommerce>
				<iHeadquarterCommerce>0</iHeadquarterCommerce>
				<iHeadquarterCommerce>0</iHeadquarterCommerce>
				<iHeadquarterCommerce>0</iHeadquarterCommerce>
			</HeadquarterCommerces>
			<BonusProduced>NONE</BonusProduced>
			<CommercesProduced>
				<iCommerceProduced>0</iCommerceProduced>
				<iCommerceProduced>0</iCommerceProduced>
				<iCommerceProduced>200</iCommerceProduced>
				<iCommerceProduced>0</iCommerceProduced>
			</CommercesProduced>
			<YieldsProduced>
				<iYieldProduced>50</iYieldProduced>
				<iYieldProduced>0</iYieldProduced>
				<iYieldProduced>0</iYieldProduced>
			</YieldsProduced>
			<Button>Art\Interface\Buttons\civilizations\morrowind/redoran.dds</Button>
			<MovieFile>NONE</MovieFile>
			<MovieSound>NONE</MovieSound>
			<Sound>AS2D_BUILD_BANK</Sound>
		</CorporationInfo>
		<CorporationInfo>
			<Type>CORPORATION_3</Type>
			<Description>Great House Indoril</Description>
			<Civilopedia>Great House Indoril</Civilopedia>
			<TechPrereq>NONE</TechPrereq>
			<FreeUnitClass>NONE</FreeUnitClass>
			<iSpreadFactor>200</iSpreadFactor>
			<iSpreadCost>50</iSpreadCost>
			<iMaintenance>100</iMaintenance>
			<PrereqBonuses>
				<BonusType>BONUS_CORN</BonusType>
				<BonusType>BONUS_SUGAR</BonusType>
				<BonusType>BONUS_RICE</BonusType>
			</PrereqBonuses>
			<HeadquarterCommerces>
				<iHeadquarterCommerce>4</iHeadquarterCommerce>
				<iHeadquarterCommerce>0</iHeadquarterCommerce>
				<iHeadquarterCommerce>0</iHeadquarterCommerce>
				<iHeadquarterCommerce>0</iHeadquarterCommerce>
			</HeadquarterCommerces>
			<BonusProduced>BONUS_EBONY</BonusProduced>
			<CommercesProduced>
				<iCommerceProduced>0</iCommerceProduced>
				<iCommerceProduced>200</iCommerceProduced>
				<iCommerceProduced>0</iCommerceProduced>
				<iCommerceProduced>0</iCommerceProduced>
			</CommercesProduced>
			<YieldsProduced>
				<iYieldProduced>0</iYieldProduced>
			</YieldsProduced>
			<Button>Art\Interface\Buttons\civilizations\morrowind/indoril.dds</Button>
			<MovieFile>NONE</MovieFile>
			<MovieSound>NONE</MovieSound>
			<Sound>AS2D_BUILD_BANK</Sound>
		</CorporationInfo>
		<CorporationInfo>
			<Type>CORPORATION_4</Type>
			<Description>Great House Telvanni</Description>
			<Civilopedia>Great House Telvanni</Civilopedia>
			<TechPrereq>NONE</TechPrereq>
			<FreeUnitClass>NONE</FreeUnitClass>
			<iSpreadFactor>200</iSpreadFactor>
			<iSpreadCost>50</iSpreadCost>
			<iMaintenance>100</iMaintenance>
			<PrereqBonuses>
				<BonusType>BONUS_IRON</BonusType>
				<BonusType>BONUS_COPPER</BonusType>
				<BonusType>BONUS_MARBLE</BonusType>
				<BonusType>BONUS_STONE</BonusType>
			</PrereqBonuses>
			<HeadquarterCommerces>
				<iHeadquarterCommerce>4</iHeadquarterCommerce>
				<iHeadquarterCommerce>0</iHeadquarterCommerce>
				<iHeadquarterCommerce>0</iHeadquarterCommerce>
				<iHeadquarterCommerce>0</iHeadquarterCommerce>
			</HeadquarterCommerces>
			<BonusProduced>NONE</BonusProduced>
			<CommercesProduced>
				<iCommerceProduced>0</iCommerceProduced>
				<iCommerceProduced>0</iCommerceProduced>
				<iCommerceProduced>300</iCommerceProduced>
				<iCommerceProduced>0</iCommerceProduced>
			</CommercesProduced>
			<YieldsProduced>
				<iYieldProduced>0</iYieldProduced>
				<iYieldProduced>50</iYieldProduced>
				<iYieldProduced>0</iYieldProduced>
			</YieldsProduced>
			<Button>Art\Interface\Buttons\civilizations\morrowind/telvanni.dds</Button>
			<MovieFile>NONE</MovieFile>
			<MovieSound>NONE</MovieSound>
			<Sound>AS2D_BUILD_BANK</Sound>
		</CorporationInfo>
		<CorporationInfo>
			<Type>CORPORATION_5</Type>
			<Description>Great House Dres</Description>
			<Civilopedia>Great House Dres</Civilopedia>
			<TechPrereq>NONE</TechPrereq>
			<FreeUnitClass>NONE</FreeUnitClass>
			<iSpreadFactor>200</iSpreadFactor>
			<iSpreadCost>50</iSpreadCost>
			<iMaintenance>100</iMaintenance>
			<PrereqBonuses>
				<BonusType>BONUS_IRON</BonusType>
				<BonusType>BONUS_COPPER</BonusType>
				<BonusType>BONUS_GOLD</BonusType>
				<BonusType>BONUS_SILVER</BonusType>
			</PrereqBonuses>
			<HeadquarterCommerces>
				<iHeadquarterCommerce>4</iHeadquarterCommerce>
				<iHeadquarterCommerce>0</iHeadquarterCommerce>
				<iHeadquarterCommerce>0</iHeadquarterCommerce>
				<iHeadquarterCommerce>0</iHeadquarterCommerce>
			</HeadquarterCommerces>
			<BonusProduced>NONE</BonusProduced>
			<CommercesProduced>
				<iCommerceProduced>0</iCommerceProduced>
			</CommercesProduced>
			<YieldsProduced>
				<iYieldProduced>0</iYieldProduced>
				<iYieldProduced>100</iYieldProduced>
				<iYieldProduced>0</iYieldProduced>
			</YieldsProduced>
			<Button>Art\Interface\Buttons\civilizations\morrowind/dres.dds</Button>
			<MovieFile>NONE</MovieFile>
			<MovieSound>NONE</MovieSound>
			<Sound>AS2D_BUILD_BANK</Sound>
		</CorporationInfo>
		<CorporationInfo>
			<Type>CORPORATION_6</Type>
			<Description>Great House Sadras</Description>
			<Civilopedia>Great House Sadras</Civilopedia>
			<TechPrereq>NONE</TechPrereq>
			<FreeUnitClass>NONE</FreeUnitClass>
			<iSpreadFactor>200</iSpreadFactor>
			<iSpreadCost>50</iSpreadCost>
			<iMaintenance>100</iMaintenance>
			<PrereqBonuses>
				<BonusType>BONUS_BANANA</BonusType>
				<BonusType>BONUS_RICE</BonusType>
			</PrereqBonuses>
			<HeadquarterCommerces>
				<iHeadquarterCommerce>4</iHeadquarterCommerce>
				<iHeadquarterCommerce>0</iHeadquarterCommerce>
				<iHeadquarterCommerce>0</iHeadquarterCommerce>
				<iHeadquarterCommerce>0</iHeadquarterCommerce>
			</HeadquarterCommerces>
			<BonusProduced>BONUS_EBONY</BonusProduced>
			<CommercesProduced>
				<iCommerceProduced>0</iCommerceProduced>
				<iCommerceProduced>300</iCommerceProduced>
				<iCommerceProduced>0</iCommerceProduced>
				<iCommerceProduced>0</iCommerceProduced>
			</CommercesProduced>
			<YieldsProduced>
				<iYieldProduced>0</iYieldProduced>
			</YieldsProduced>
			<Button>Art\Interface\Buttons\civilizations\morrowind/sadras.dds</Button>
			<MovieFile>NONE</MovieFile>
			<MovieSound>NONE</MovieSound>
			<Sound>AS2D_BUILD_BANK</Sound>
		</CorporationInfo>
		<CorporationInfo>
			<Type>CORPORATION_7</Type>
			<Description>placeholder</Description>
			<Civilopedia>TXT_KEY_CORPORATION_7_PEDIA</Civilopedia>
			<TechPrereq>NONE</TechPrereq>
			<FreeUnitClass>NONE</FreeUnitClass>
			<iSpreadFactor>200</iSpreadFactor>
			<iSpreadCost>50</iSpreadCost>
			<iMaintenance>100</iMaintenance>
			<PrereqBonuses/>
			<HeadquarterCommerces>
				<iHeadquarterCommerce>4</iHeadquarterCommerce>
				<iHeadquarterCommerce>0</iHeadquarterCommerce>
				<iHeadquarterCommerce>0</iHeadquarterCommerce>
				<iHeadquarterCommerce>0</iHeadquarterCommerce>
			</HeadquarterCommerces>
			<BonusProduced>BONUS_FISH</BonusProduced>
			<CommercesProduced>
				<iCommerceProduced>100</iCommerceProduced>
				<iCommerceProduced>0</iCommerceProduced>
				<iCommerceProduced>400</iCommerceProduced>
				<iCommerceProduced>0</iCommerceProduced>
			</CommercesProduced>
			<YieldsProduced>
				<iYieldProduced>0</iYieldProduced>
			</YieldsProduced>
			<Button>Art\Interface\Buttons\civilizations\morrowind/hlaalu.dds</Button>
			<MovieFile>NONE</MovieFile>
			<MovieSound>NONE</MovieSound>
			<Sound>AS2D_BUILD_BANK</Sound>
		</CorporationInfo>
	</CorporationInfos>
</Civ4CorporationInfo>
