<?xml version="1.0"?>
<!-- Created by Tech Tree Editor v0.7.2BtS by TheLopez-->
<!-- Sid Meier's Civilization 4 -->
<!-- Copyright Firaxis Games 2005 -->
<!-- -->
<!-- Project Infos -->
<!-- You must have atleast one project in order for the game to load properly. -->
<Civ4ProjectInfo xmlns="x-schema:CIV4GameInfoSchema.xml">
	<ProjectInfos>
		<ProjectInfo>
			<Type>PROJECT_BRASS_GOD</Type>
			<Description>TXT_KEY_PROJECT_BRASS_GOD</Description>
			<Civilopedia>TXT_KEY_PROJECT_BRASS_GOD_PEDIA</Civilopedia>
			<Strategy>TXT_KEY_PROJECT_NUMIDIUM_STRATEGY</Strategy>
			<VictoryPrereq>VICTORY_SPACE_RACE</VictoryPrereq>
			<TechPrereq>TECH_ADVANCED_ENCHANTING</TechPrereq>
			<AnyonePrereqProject>NONE</AnyonePrereqProject>
			<iMaxGlobalInstances>-1</iMaxGlobalInstances>
			<iMaxTeamInstances>1</iMaxTeamInstances>
			<iCost>1000</iCost>
			<iNukeInterception>0</iNukeInterception>
			<iTechShare>0</iTechShare>
			<EveryoneSpecialUnit>NONE</EveryoneSpecialUnit>
			<EveryoneSpecialBuilding>NONE</EveryoneSpecialBuilding>
			<bSpaceship>0</bSpaceship>
			<bAllowsNukes>0</bAllowsNukes>
			<Button>Art/Interface/Buttons/Numidium/brass god.dds</Button>
			<PrereqProjects/>
			<VictoryThresholds/>
			<VictoryMinThresholds/>
			<iVictoryDelayPercent>0</iVictoryDelayPercent>
			<iSuccessRate>0</iSuccessRate>
			<BonusProductionModifiers>
				<BonusProductionModifier>
					<BonusType>BONUS_COPPER</BonusType>
					<iProductonModifier>100</iProductonModifier>
				</BonusProductionModifier>
			</BonusProductionModifiers>
			<CreateSound/>
			<MovieDefineTag/>
		</ProjectInfo>
		<ProjectInfo>
			<Type>PROJECT_BRASS_GOLEM</Type>
			<Description>TXT_KEY_PROJECT_BRASS_GOLEM</Description>
			<Civilopedia>TXT_KEY_PROJECT_BRASS_GOLEM_PEDIA</Civilopedia>
			<Strategy>TXT_KEY_PROJECT_NUMIDIUM_STRATEGY</Strategy>
			<VictoryPrereq>VICTORY_SPACE_RACE</VictoryPrereq>
			<TechPrereq>TECH_ADVANCED_CASTING</TechPrereq>
			<AnyonePrereqProject>NONE</AnyonePrereqProject>
			<iMaxGlobalInstances>-1</iMaxGlobalInstances>
			<iMaxTeamInstances>1</iMaxTeamInstances>
			<iCost>2000</iCost>
			<iNukeInterception>0</iNukeInterception>
			<iTechShare>0</iTechShare>
			<EveryoneSpecialUnit>NONE</EveryoneSpecialUnit>
			<EveryoneSpecialBuilding>NONE</EveryoneSpecialBuilding>
			<bSpaceship>1</bSpaceship>
			<bAllowsNukes>0</bAllowsNukes>
			<Button>Art/Interface/Buttons/Numidium/brass golem.dds</Button>
			<PrereqProjects>
				<PrereqProject>
					<ProjectType>PROJECT_BRASS_GOD</ProjectType>
					<iNeeded>1</iNeeded>
				</PrereqProject>
			</PrereqProjects>
			<VictoryThresholds>
				<VictoryThreshold>
					<VictoryType>VICTORY_SPACE_RACE</VictoryType>
					<iThreshold>1</iThreshold>
				</VictoryThreshold>
			</VictoryThresholds>
			<VictoryMinThresholds>
				<VictoryMinThreshold>
					<VictoryType>VICTORY_SPACE_RACE</VictoryType>
					<iThreshold>1</iThreshold>
				</VictoryMinThreshold>
			</VictoryMinThresholds>
			<iVictoryDelayPercent>0</iVictoryDelayPercent>
			<iSuccessRate>0</iSuccessRate>
			<BonusProductionModifiers/>
			<CreateSound/>
			<MovieDefineTag/>
		</ProjectInfo>
		<ProjectInfo>
			<Type>PROJECT_NUMIDIUM_DIVINITY</Type>
			<Description>TXT_KEY_PROJECT_NUMIDIUM_DIVINITY</Description>
			<Civilopedia>TXT_KEY_PROJECT_NUMIDIUM_DIVINITY_PEDIA</Civilopedia>
			<Strategy>TXT_KEY_PROJECT_NUMIDIUM_STRATEGY</Strategy>
			<VictoryPrereq>VICTORY_SPACE_RACE</VictoryPrereq>
			<TechPrereq>TECH_MYTHOPOETIC_ENCHANTMENTS</TechPrereq>
			<AnyonePrereqProject>NONE</AnyonePrereqProject>
			<iMaxGlobalInstances>-1</iMaxGlobalInstances>
			<iMaxTeamInstances>1</iMaxTeamInstances>
			<iCost>1000</iCost>
			<iNukeInterception>0</iNukeInterception>
			<iTechShare>0</iTechShare>
			<EveryoneSpecialUnit>NONE</EveryoneSpecialUnit>
			<EveryoneSpecialBuilding>NONE</EveryoneSpecialBuilding>
			<bSpaceship>1</bSpaceship>
			<bAllowsNukes>0</bAllowsNukes>
			<Button>Art/Interface/Buttons/Numidium/divinity.dds</Button>
			<PrereqProjects>
				<PrereqProject>
					<ProjectType>PROJECT_BRASS_GOD</ProjectType>
					<iNeeded>1</iNeeded>
				</PrereqProject>
				<PrereqProject>
					<ProjectType>PROJECT_BRASS_GOLEM</ProjectType>
					<iNeeded>1</iNeeded>
				</PrereqProject>
			</PrereqProjects>
			<VictoryThresholds>
				<VictoryThreshold>
					<VictoryType>VICTORY_SPACE_RACE</VictoryType>
					<iThreshold>1</iThreshold>
				</VictoryThreshold>
			</VictoryThresholds>
			<VictoryMinThresholds>
				<VictoryMinThreshold>
					<VictoryType>VICTORY_SPACE_RACE</VictoryType>
					<iThreshold>1</iThreshold>
				</VictoryMinThreshold>
			</VictoryMinThresholds>
			<iVictoryDelayPercent>0</iVictoryDelayPercent>
			<iSuccessRate>0</iSuccessRate>
			<BonusProductionModifiers>
				<BonusProductionModifier>
					<BonusType>BONUS_COPPER</BonusType>
					<iProductonModifier>100</iProductonModifier>
				</BonusProductionModifier>
			</BonusProductionModifiers>
			<CreateSound/>
			<MovieDefineTag/>
		</ProjectInfo>
		<ProjectInfo>
			<Type>PROJECT_NUMIDIUM_POWER</Type>
			<Description>TXT_KEY_PROJECT_NUMIDIUM_POWER</Description>
			<Civilopedia>TXT_KEY_PROJECT_NUMIDIUM_POWER_PEDIA</Civilopedia>
			<Strategy>TXT_KEY_PROJECT_NUMIDIUM_STRATEGY</Strategy>
			<VictoryPrereq>VICTORY_SPACE_RACE</VictoryPrereq>
			<TechPrereq>TECH_MYTHOPOETIC_ENCHANTMENTS</TechPrereq>
			<AnyonePrereqProject>NONE</AnyonePrereqProject>
			<iMaxGlobalInstances>-1</iMaxGlobalInstances>
			<iMaxTeamInstances>1</iMaxTeamInstances>
			<iCost>2000</iCost>
			<iNukeInterception>0</iNukeInterception>
			<iTechShare>0</iTechShare>
			<EveryoneSpecialUnit>NONE</EveryoneSpecialUnit>
			<EveryoneSpecialBuilding>NONE</EveryoneSpecialBuilding>
			<bSpaceship>1</bSpaceship>
			<bAllowsNukes>0</bAllowsNukes>
			<Button>Art/Interface/Buttons/Numidium/power.dds</Button>
			<PrereqProjects>
				<PrereqProject>
					<ProjectType>PROJECT_BRASS_GOD</ProjectType>
					<iNeeded>1</iNeeded>
				</PrereqProject>
				<PrereqProject>
					<ProjectType>PROJECT_BRASS_GOLEM</ProjectType>
					<iNeeded>1</iNeeded>
				</PrereqProject>
			</PrereqProjects>
			<VictoryThresholds>
				<VictoryThreshold>
					<VictoryType>VICTORY_SPACE_RACE</VictoryType>
					<iThreshold>1</iThreshold>
				</VictoryThreshold>
			</VictoryThresholds>
			<VictoryMinThresholds>
				<VictoryMinThreshold>
					<VictoryType>VICTORY_SPACE_RACE</VictoryType>
					<iThreshold>1</iThreshold>
				</VictoryMinThreshold>
			</VictoryMinThresholds>
			<iVictoryDelayPercent>0</iVictoryDelayPercent>
			<iSuccessRate>0</iSuccessRate>
			<BonusProductionModifiers/>
			<CreateSound/>
			<MovieDefineTag/>
		</ProjectInfo>
		<ProjectInfo>
			<Type>PROJECT_NUMIDIUM_TONES</Type>
			<Description>TXT_KEY_PROJECT_NUMIDIUM_TONES</Description>
			<Civilopedia>TXT_KEY_PROJECT_NUMIDIUM_TONES_PEDIA</Civilopedia>
			<Strategy>TXT_KEY_PROJECT_NUMIDIUM_STRATEGY</Strategy>
			<VictoryPrereq>VICTORY_SPACE_RACE</VictoryPrereq>
			<TechPrereq>TECH_TONAL_INFUSION</TechPrereq>
			<AnyonePrereqProject>NONE</AnyonePrereqProject>
			<iMaxGlobalInstances>-1</iMaxGlobalInstances>
			<iMaxTeamInstances>15</iMaxTeamInstances>
			<iCost>300</iCost>
			<iNukeInterception>0</iNukeInterception>
			<iTechShare>0</iTechShare>
			<EveryoneSpecialUnit>NONE</EveryoneSpecialUnit>
			<EveryoneSpecialBuilding>NONE</EveryoneSpecialBuilding>
			<bSpaceship>1</bSpaceship>
			<bAllowsNukes>0</bAllowsNukes>
			<Button>Art/Interface/Buttons/Numidium/tones.dds</Button>
			<PrereqProjects>
				<PrereqProject>
					<ProjectType>PROJECT_BRASS_GOD</ProjectType>
					<iNeeded>1</iNeeded>
				</PrereqProject>
				<PrereqProject>
					<ProjectType>PROJECT_BRASS_GOLEM</ProjectType>
					<iNeeded>1</iNeeded>
				</PrereqProject>
			</PrereqProjects>
			<VictoryThresholds>
				<VictoryThreshold>
					<VictoryType>VICTORY_SPACE_RACE</VictoryType>
					<iThreshold>15</iThreshold>
				</VictoryThreshold>
			</VictoryThresholds>
			<VictoryMinThresholds>
				<VictoryMinThreshold>
					<VictoryType>VICTORY_SPACE_RACE</VictoryType>
					<iThreshold>6</iThreshold>
				</VictoryMinThreshold>
			</VictoryMinThresholds>
			<iVictoryDelayPercent>0</iVictoryDelayPercent>
			<iSuccessRate>10</iSuccessRate>
			<BonusProductionModifiers>
				<BonusProductionModifier>
					<BonusType>BONUS_GOLD</BonusType>
					<iProductonModifier>100</iProductonModifier>
				</BonusProductionModifier>
			</BonusProductionModifiers>
			<CreateSound/>
			<MovieDefineTag/>
		</ProjectInfo>
		<ProjectInfo>
			<Type>PROJECT_NUMIDIUM_ONE_TONE</Type>
			<Description>TXT_KEY_PROJECT_NUMIDIUM_ONE_TONE</Description>
			<Civilopedia>TXT_KEY_PROJECT_NUMIDIUM_ONE_TONE_PEDIA</Civilopedia>
			<Strategy>TXT_KEY_PROJECT_NUMIDIUM_STRATEGY</Strategy>
			<VictoryPrereq>VICTORY_SPACE_RACE</VictoryPrereq>
			<TechPrereq>TECH_TONAL_INFUSION</TechPrereq>
			<AnyonePrereqProject>NONE</AnyonePrereqProject>
			<iMaxGlobalInstances>-1</iMaxGlobalInstances>
			<iMaxTeamInstances>1</iMaxTeamInstances>
			<iCost>800</iCost>
			<iNukeInterception>0</iNukeInterception>
			<iTechShare>0</iTechShare>
			<EveryoneSpecialUnit>NONE</EveryoneSpecialUnit>
			<EveryoneSpecialBuilding>NONE</EveryoneSpecialBuilding>
			<bSpaceship>1</bSpaceship>
			<bAllowsNukes>0</bAllowsNukes>
			<Button>Art/Interface/Buttons/Numidium/tone.dds</Button>
			<PrereqProjects>
				<PrereqProject>
					<ProjectType>PROJECT_BRASS_GOD</ProjectType>
					<iNeeded>1</iNeeded>
				</PrereqProject>
				<PrereqProject>
					<ProjectType>PROJECT_BRASS_GOLEM</ProjectType>
					<iNeeded>1</iNeeded>
				</PrereqProject>
			</PrereqProjects>
			<VictoryThresholds>
				<VictoryThreshold>
					<VictoryType>VICTORY_SPACE_RACE</VictoryType>
					<iThreshold>1</iThreshold>
				</VictoryThreshold>
			</VictoryThresholds>
			<VictoryMinThresholds>
				<VictoryMinThreshold>
					<VictoryType>VICTORY_SPACE_RACE</VictoryType>
					<iThreshold>1</iThreshold>
				</VictoryMinThreshold>
			</VictoryMinThresholds>
			<iVictoryDelayPercent>0</iVictoryDelayPercent>
			<iSuccessRate>0</iSuccessRate>
			<BonusProductionModifiers>
				<BonusProductionModifier>
					<BonusType>BONUS_SOUL_GEMS</BonusType>
					<iProductonModifier>100</iProductonModifier>
				</BonusProductionModifier>
			</BonusProductionModifiers>
			<CreateSound/>
			<MovieDefineTag/>
		</ProjectInfo>
		<ProjectInfo>
			<Type>PROJECT_NUMIDIUM_SKIN_LAYERS</Type>
			<Description>TXT_KEY_PROJECT_NUMIDIUM_SKIN_LAYERS</Description>
			<Civilopedia>TXT_KEY_PROJECT_NUMIDIUM_SKIN_LAYERS_PEDIA</Civilopedia>
			<Strategy>TXT_KEY_PROJECT_NUMIDIUM_STRATEGY</Strategy>
			<VictoryPrereq>VICTORY_SPACE_RACE</VictoryPrereq>
			<TechPrereq>TECH_STEAM_MAGIC</TechPrereq>
			<AnyonePrereqProject>NONE</AnyonePrereqProject>
			<iMaxGlobalInstances>-1</iMaxGlobalInstances>
			<iMaxTeamInstances>5</iMaxTeamInstances>
			<iCost>600</iCost>
			<iNukeInterception>0</iNukeInterception>
			<iTechShare>0</iTechShare>
			<EveryoneSpecialUnit>NONE</EveryoneSpecialUnit>
			<EveryoneSpecialBuilding>NONE</EveryoneSpecialBuilding>
			<bSpaceship>1</bSpaceship>
			<bAllowsNukes>0</bAllowsNukes>
			<Button>Art/Interface/Buttons/Numidium/layers.dds</Button>
			<PrereqProjects>
				<PrereqProject>
					<ProjectType>PROJECT_BRASS_GOD</ProjectType>
					<iNeeded>1</iNeeded>
				</PrereqProject>
				<PrereqProject>
					<ProjectType>PROJECT_BRASS_GOLEM</ProjectType>
					<iNeeded>1</iNeeded>
				</PrereqProject>
			</PrereqProjects>
			<VictoryThresholds>
				<VictoryThreshold>
					<VictoryType>VICTORY_SPACE_RACE</VictoryType>
					<iThreshold>5</iThreshold>
				</VictoryThreshold>
			</VictoryThresholds>
			<VictoryMinThresholds>
				<VictoryMinThreshold>
					<VictoryType>VICTORY_SPACE_RACE</VictoryType>
					<iThreshold>1</iThreshold>
				</VictoryMinThreshold>
			</VictoryMinThresholds>
			<iVictoryDelayPercent>100</iVictoryDelayPercent>
			<iSuccessRate>0</iSuccessRate>
			<BonusProductionModifiers>
				<BonusProductionModifier>
					<BonusType>BONUS_SOUL_GEMS</BonusType>
					<iProductonModifier>100</iProductonModifier>
				</BonusProductionModifier>
			</BonusProductionModifiers>
			<CreateSound/>
			<MovieDefineTag/>
		</ProjectInfo>
		<ProjectInfo>
			<Type>PROJECT_KEENING</Type>
			<Description>TXT_KEY_PROJECT_KEENING</Description>
			<Civilopedia>TXT_KEY_PROJECT_KEENING_PEDIA</Civilopedia>
			<Strategy>TXT_KEY_PROJECT_NUMIDIUM_STRATEGY</Strategy>
			<VictoryPrereq>VICTORY_SPACE_RACE</VictoryPrereq>
			<TechPrereq>TECH_PROFANE_TOOLS</TechPrereq>
			<AnyonePrereqProject>NONE</AnyonePrereqProject>
			<iMaxGlobalInstances>-1</iMaxGlobalInstances>
			<iMaxTeamInstances>1</iMaxTeamInstances>
			<iCost>1000</iCost>
			<iNukeInterception>0</iNukeInterception>
			<iTechShare>0</iTechShare>
			<EveryoneSpecialUnit>NONE</EveryoneSpecialUnit>
			<EveryoneSpecialBuilding>NONE</EveryoneSpecialBuilding>
			<bSpaceship>1</bSpaceship>
			<bAllowsNukes>0</bAllowsNukes>
			<Button>Art/Interface/Buttons/Numidium/keening.dds</Button>
			<PrereqProjects>
				<PrereqProject>
					<ProjectType>PROJECT_BRASS_GOD</ProjectType>
					<iNeeded>1</iNeeded>
				</PrereqProject>
				<PrereqProject>
					<ProjectType>PROJECT_BRASS_GOLEM</ProjectType>
					<iNeeded>1</iNeeded>
				</PrereqProject>
			</PrereqProjects>
			<VictoryThresholds>
				<VictoryThreshold>
					<VictoryType>VICTORY_SPACE_RACE</VictoryType>
					<iThreshold>1</iThreshold>
				</VictoryThreshold>
			</VictoryThresholds>
			<VictoryMinThresholds>
				<VictoryMinThreshold>
					<VictoryType>VICTORY_SPACE_RACE</VictoryType>
					<iThreshold>1</iThreshold>
				</VictoryMinThreshold>
			</VictoryMinThresholds>
			<iVictoryDelayPercent>0</iVictoryDelayPercent>
			<iSuccessRate>0</iSuccessRate>
			<BonusProductionModifiers/>
			<CreateSound/>
			<MovieDefineTag/>
		</ProjectInfo>
		<ProjectInfo>
			<Type>PROJECT_SUNDER</Type>
			<Description>TXT_KEY_PROJECT_SUNDER</Description>
			<Civilopedia>TXT_KEY_PROJECT_SUNDER_PEDIA</Civilopedia>
			<Strategy>TXT_KEY_PROJECT_NUMIDIUM_STRATEGY</Strategy>
			<VictoryPrereq>VICTORY_SPACE_RACE</VictoryPrereq>
			<TechPrereq>TECH_PROFANE_TOOLS</TechPrereq>
			<AnyonePrereqProject>NONE</AnyonePrereqProject>
			<iMaxGlobalInstances>-1</iMaxGlobalInstances>
			<iMaxTeamInstances>1</iMaxTeamInstances>
			<iCost>1600</iCost>
			<iNukeInterception>0</iNukeInterception>
			<iTechShare>0</iTechShare>
			<EveryoneSpecialUnit>NONE</EveryoneSpecialUnit>
			<EveryoneSpecialBuilding>NONE</EveryoneSpecialBuilding>
			<bSpaceship>1</bSpaceship>
			<bAllowsNukes>0</bAllowsNukes>
			<Button>Art/Interface/Buttons/Numidium/sunder.dds</Button>
			<PrereqProjects>
				<PrereqProject>
					<ProjectType>PROJECT_BRASS_GOD</ProjectType>
					<iNeeded>1</iNeeded>
				</PrereqProject>
				<PrereqProject>
					<ProjectType>PROJECT_BRASS_GOLEM</ProjectType>
					<iNeeded>1</iNeeded>
				</PrereqProject>
			</PrereqProjects>
			<VictoryThresholds>
				<VictoryThreshold>
					<VictoryType>VICTORY_SPACE_RACE</VictoryType>
					<iThreshold>1</iThreshold>
				</VictoryThreshold>
			</VictoryThresholds>
			<VictoryMinThresholds>
				<VictoryMinThreshold>
					<VictoryType>VICTORY_SPACE_RACE</VictoryType>
					<iThreshold>1</iThreshold>
				</VictoryMinThreshold>
			</VictoryMinThresholds>
			<iVictoryDelayPercent>0</iVictoryDelayPercent>
			<iSuccessRate>0</iSuccessRate>
			<BonusProductionModifiers>
				<BonusProductionModifier>
					<BonusType>BONUS_EBONY</BonusType>
					<iProductonModifier>100</iProductonModifier>
				</BonusProductionModifier>
			</BonusProductionModifiers>
			<CreateSound/>
			<MovieDefineTag/>
		</ProjectInfo>
		<ProjectInfo>
			<Type>PROJECT_WRAITHGUARD</Type>
			<Description>TXT_KEY_PROJECT_WRAITHGUARD</Description>
			<Civilopedia>TXT_KEY_PROJECT_WRAITHGUARD_PEDIA</Civilopedia>
			<Strategy>TXT_KEY_PROJECT_NUMIDIUM_STRATEGY</Strategy>
			<VictoryPrereq>VICTORY_SPACE_RACE</VictoryPrereq>
			<TechPrereq>TECH_PROFANE_TOOLS</TechPrereq>
			<AnyonePrereqProject>NONE</AnyonePrereqProject>
			<iMaxGlobalInstances>-1</iMaxGlobalInstances>
			<iMaxTeamInstances>1</iMaxTeamInstances>
			<iCost>1200</iCost>
			<iNukeInterception>0</iNukeInterception>
			<iTechShare>0</iTechShare>
			<EveryoneSpecialUnit>NONE</EveryoneSpecialUnit>
			<EveryoneSpecialBuilding>NONE</EveryoneSpecialBuilding>
			<bSpaceship>1</bSpaceship>
			<bAllowsNukes>0</bAllowsNukes>
			<Button>Art/Interface/Buttons/Numidium/wraithguard.dds</Button>
			<PrereqProjects>
				<PrereqProject>
					<ProjectType>PROJECT_BRASS_GOD</ProjectType>
					<iNeeded>1</iNeeded>
				</PrereqProject>
				<PrereqProject>
					<ProjectType>PROJECT_BRASS_GOLEM</ProjectType>
					<iNeeded>1</iNeeded>
				</PrereqProject>
			</PrereqProjects>
			<VictoryThresholds>
				<VictoryThreshold>
					<VictoryType>VICTORY_SPACE_RACE</VictoryType>
					<iThreshold>1</iThreshold>
				</VictoryThreshold>
			</VictoryThresholds>
			<VictoryMinThresholds>
				<VictoryMinThreshold>
					<VictoryType>VICTORY_SPACE_RACE</VictoryType>
					<iThreshold>1</iThreshold>
				</VictoryMinThreshold>
			</VictoryMinThresholds>
			<iVictoryDelayPercent>0</iVictoryDelayPercent>
			<iSuccessRate>0</iSuccessRate>
			<BonusProductionModifiers>
				<BonusProductionModifier>
					<BonusType>BONUS_EBONY</BonusType>
					<iProductonModifier>100</iProductonModifier>
				</BonusProductionModifier>
			</BonusProductionModifiers>
			<CreateSound/>
			<MovieDefineTag/>
		</ProjectInfo>
		
	</ProjectInfos>
</Civ4ProjectInfo>
