<?xml version="1.0"?>
<!-- edited with XMLSPY v2004 rel. 2 U (http://www.xmlspy.com) by Alex Mantzaris (Firaxis Games) -->
<!-- Sid Meier's Civilization 4 -->
<!-- Copyright Firaxis Games 2005 -->
<!-- -->
<!-- Vote Infos -->
<Civ4VoteInfo xmlns="x-schema:CIV4GameInfoSchema.xml">
	<VoteInfos>
		<VoteInfo>
			<Type>VOTE_SECRETARY_GENERAL</Type>
			<Description>TXT_KEY_VOTE_SECRETARY_GENERAL</Description>
			<iPopulationThreshold>40</iPopulationThreshold>
			<bCityVoting>0</bCityVoting>
			<bCivVoting>0</bCivVoting>
			<iMinVoters>3</iMinVoters>
			<iStateReligionVotePercent>0</iStateReligionVotePercent>
			<iTradeRoutes>0</iTradeRoutes>
			<bSecretaryGeneral>1</bSecretaryGeneral>
			<bVictory>0</bVictory>
			<bFreeTrade>0</bFreeTrade>
			<bNoNukes>0</bNoNukes>
			<bDefensivePact>0</bDefensivePact>
			<bOpenBorders>0</bOpenBorders>
			<bForcePeace>0</bForcePeace>
			<bForceNoTrade>0</bForceNoTrade>
			<bForceWar>0</bForceWar>
			<bAssignCity>0</bAssignCity>
			<ForceCivics/>
			<DiploVotes>
				<DiploVote>
					<DiploVoteType>DIPLOVOTE_UN</DiploVoteType>
					<bValid>1</bValid>
				</DiploVote>
			</DiploVotes>
		</VoteInfo>
	</VoteInfos>
</Civ4VoteInfo>
