<?xml version="1.0"?>
<!-- edited with XMLSPY v2004 rel. 2 U (http://www.xmlspy.com) by Alex Mantzaris (Firaxis Games) -->
<!-- Sid Meier's Civilization 4 -->
<!-- Copyright Firaxis Games 2005 -->
<!-- -->
<!-- EraInfo - This structure describes the name and soundtracks for each era. -->
<!-- -->
<!-- MODDERS: Removing ERA's can cause problems if you are not careful. If you must remove them, you need to do the following: -->
<!-- 1. Clean up the references to the ERA's in CIV4BuildingInfos -->
<!-- 2. Clean up the references to the ERA's in CIV4TechInfos -->
<!-- 3. Clean up the references to the ERA's in CIV4LeaderHeadInfos -->
<!-- 4. Clean up the references to the ERA's in CIV4CityLSystem -->
<!-- 5. Clean up the references to the ERA's in CIV4PlotLSystem -->
<!-- Good luck! -->
<Civ4EraInfos xmlns="x-schema:CIV4GameInfoSchema.xml">
	<EraInfos>
		<EraInfo>
			<Type>ERA_ANCIENT</Type>
			<Description>TXT_KEY_ERA_ANCIENT</Description>
			<Strategy>TXT_KEY_ERA_ANCIENT_STRATEGY</Strategy>
			<bNoGoodies>0</bNoGoodies>
			<bNoAnimals>0</bNoAnimals>
			<bNoBarbUnits>0</bNoBarbUnits>
			<bNoBarbCities>0</bNoBarbCities>
			<iAdvancedStartPoints>600</iAdvancedStartPoints>
			<iStartingUnitMultiplier>1</iStartingUnitMultiplier>
			<iStartingDefenseUnits>0</iStartingDefenseUnits>
			<iStartingWorkerUnits>0</iStartingWorkerUnits>
			<iStartingExploreUnits>1</iStartingExploreUnits>
			<iStartingGold>0</iStartingGold>
			<iFreePopulation>0</iFreePopulation>
			<iStartPercent>0</iStartPercent>
			<iGrowthPercent>100</iGrowthPercent>
			<iTrainPercent>100</iTrainPercent>
			<iConstructPercent>100</iConstructPercent>
			<iCreatePercent>100</iCreatePercent>
			<iResearchPercent>100</iResearchPercent>
			<iBuildPercent>100</iBuildPercent>
			<iImprovementPercent>100</iImprovementPercent>
			<iGreatPeoplePercent>100</iGreatPeoplePercent>
			<iCulturePercent>100</iCulturePercent>
			<iAnarchyPercent>50</iAnarchyPercent>
			<iEventChancePerTurn>1</iEventChancePerTurn>
			<iSoundtrackSpace>0</iSoundtrackSpace>
			<bFirstSoundtrackFirst>0</bFirstSoundtrackFirst>
			<EraInfoSoundtracks>
				<EraInfoSoundtrack>AS2D_SONG_TAMRIEL_1</EraInfoSoundtrack>
				<EraInfoSoundtrack>AS2D_SONG_TAMRIEL_2</EraInfoSoundtrack>
				<EraInfoSoundtrack>AS2D_SONG_TAMRIEL_3</EraInfoSoundtrack>
				<EraInfoSoundtrack>AS2D_SONG_TAMRIEL_4</EraInfoSoundtrack>
				<EraInfoSoundtrack>AS2D_SONG_TAMRIEL_5</EraInfoSoundtrack>
				<EraInfoSoundtrack>AS2D_SONG_TAMRIEL_6</EraInfoSoundtrack>
				<EraInfoSoundtrack>AS2D_SONG_TAMRIEL_7</EraInfoSoundtrack>
				<EraInfoSoundtrack>AS2D_SONG_TAMRIEL_8</EraInfoSoundtrack>
				<EraInfoSoundtrack>AS2D_SONG_TAMRIEL_9</EraInfoSoundtrack>
				<EraInfoSoundtrack>AS2D_SONG_TAMRIEL_10</EraInfoSoundtrack>
				<EraInfoSoundtrack>AS2D_SONG_TAMRIEL_11</EraInfoSoundtrack>
				<EraInfoSoundtrack>AS2D_SONG_TAMRIEL_12</EraInfoSoundtrack>
				<EraInfoSoundtrack>AS2D_SONG_TAMRIEL_13</EraInfoSoundtrack>
				<EraInfoSoundtrack>AS2D_SONG_TAMRIEL_14</EraInfoSoundtrack>
				<EraInfoSoundtrack>AS2D_SONG_TAMRIEL_15</EraInfoSoundtrack>
				<EraInfoSoundtrack>AS2D_SONG_TAMRIEL_16</EraInfoSoundtrack>
				<EraInfoSoundtrack>AS2D_SONG_TAMRIEL_17</EraInfoSoundtrack>
				<EraInfoSoundtrack>AS2D_SONG_TAMRIEL_18</EraInfoSoundtrack>
				<EraInfoSoundtrack>AS2D_SONG_TAMRIEL_19</EraInfoSoundtrack>
				<EraInfoSoundtrack>AS2D_SONG_TAMRIEL_20</EraInfoSoundtrack>
				<EraInfoSoundtrack>AS2D_SONG_TAMRIEL_21</EraInfoSoundtrack>
			</EraInfoSoundtracks>
			<CitySoundscapes>
				<CitySoundscape>
					<CitySizeType>CITYSIZE_SMALL</CitySizeType>
					<SoundscapeScript>ASSS_CITY_ANCIENT_SMALL_SELECT_AMB</SoundscapeScript>
				</CitySoundscape>
				<CitySoundscape>
					<CitySizeType>CITYSIZE_MEDIUM</CitySizeType>
					<SoundscapeScript>ASSS_CITY_ANCIENT_SMALL_SELECT_AMB</SoundscapeScript>
				</CitySoundscape>
				<CitySoundscape>
					<CitySizeType>CITYSIZE_LARGE</CitySizeType>
					<SoundscapeScript>ASSS_CITY_ANCIENT_LARGE_SELECT_AMB</SoundscapeScript>
				</CitySoundscape>
			</CitySoundscapes>
			<AudioUnitVictoryScript>AS2D_VICTORY_EARLY</AudioUnitVictoryScript>
			<AudioUnitDefeatScript>AS2D_LOSS_EARLY</AudioUnitDefeatScript>
		</EraInfo>
		<EraInfo>
			<Type>ERA_CLASSICAL</Type>
			<Description>TXT_KEY_ERA_CLASSICAL</Description>
			<Strategy>TXT_KEY_ERA_CLASSICAL_STRATEGY</Strategy>
			<bNoGoodies>0</bNoGoodies>
			<bNoAnimals>0</bNoAnimals>
			<bNoBarbUnits>0</bNoBarbUnits>
			<bNoBarbCities>0</bNoBarbCities>
			<iAdvancedStartPoints>1200</iAdvancedStartPoints>
			<iStartingUnitMultiplier>1</iStartingUnitMultiplier>
			<iStartingDefenseUnits>1</iStartingDefenseUnits>
			<iStartingWorkerUnits>1</iStartingWorkerUnits>
			<iStartingExploreUnits>1</iStartingExploreUnits>
			<iStartingGold>10</iStartingGold>
			<iFreePopulation>0</iFreePopulation>
			<iStartPercent>10</iStartPercent>
			<iGrowthPercent>100</iGrowthPercent>
			<iTrainPercent>100</iTrainPercent>
			<iConstructPercent>100</iConstructPercent>
			<iCreatePercent>100</iCreatePercent>
			<iResearchPercent>90</iResearchPercent>
			<iBuildPercent>100</iBuildPercent>
			<iImprovementPercent>100</iImprovementPercent>
			<iGreatPeoplePercent>100</iGreatPeoplePercent>
			<iCulturePercent>100</iCulturePercent>
			<iAnarchyPercent>50</iAnarchyPercent>
			<iEventChancePerTurn>2</iEventChancePerTurn>
			<iSoundtrackSpace>400</iSoundtrackSpace>
			<bFirstSoundtrackFirst>0</bFirstSoundtrackFirst>
			<EraInfoSoundtracks>
				<EraInfoSoundtrack>AS2D_SONG_TAMRIEL_1</EraInfoSoundtrack>
				<EraInfoSoundtrack>AS2D_SONG_TAMRIEL_2</EraInfoSoundtrack>
				<EraInfoSoundtrack>AS2D_SONG_TAMRIEL_3</EraInfoSoundtrack>
				<EraInfoSoundtrack>AS2D_SONG_TAMRIEL_4</EraInfoSoundtrack>
				<EraInfoSoundtrack>AS2D_SONG_TAMRIEL_5</EraInfoSoundtrack>
				<EraInfoSoundtrack>AS2D_SONG_TAMRIEL_6</EraInfoSoundtrack>
				<EraInfoSoundtrack>AS2D_SONG_TAMRIEL_7</EraInfoSoundtrack>
				<EraInfoSoundtrack>AS2D_SONG_TAMRIEL_8</EraInfoSoundtrack>
				<EraInfoSoundtrack>AS2D_SONG_TAMRIEL_9</EraInfoSoundtrack>
				<EraInfoSoundtrack>AS2D_SONG_TAMRIEL_10</EraInfoSoundtrack>
				<EraInfoSoundtrack>AS2D_SONG_TAMRIEL_11</EraInfoSoundtrack>
				<EraInfoSoundtrack>AS2D_SONG_TAMRIEL_12</EraInfoSoundtrack>
				<EraInfoSoundtrack>AS2D_SONG_TAMRIEL_13</EraInfoSoundtrack>
				<EraInfoSoundtrack>AS2D_SONG_TAMRIEL_14</EraInfoSoundtrack>
				<EraInfoSoundtrack>AS2D_SONG_TAMRIEL_15</EraInfoSoundtrack>
				<EraInfoSoundtrack>AS2D_SONG_TAMRIEL_16</EraInfoSoundtrack>
				<EraInfoSoundtrack>AS2D_SONG_TAMRIEL_17</EraInfoSoundtrack>
				<EraInfoSoundtrack>AS2D_SONG_TAMRIEL_18</EraInfoSoundtrack>
				<EraInfoSoundtrack>AS2D_SONG_TAMRIEL_19</EraInfoSoundtrack>
				<EraInfoSoundtrack>AS2D_SONG_TAMRIEL_20</EraInfoSoundtrack>
				<EraInfoSoundtrack>AS2D_SONG_TAMRIEL_21</EraInfoSoundtrack>
			</EraInfoSoundtracks>
			<CitySoundscapes>
				<CitySoundscape>
					<CitySizeType>CITYSIZE_SMALL</CitySizeType>
					<SoundscapeScript>ASSS_CITY_ANCIENT_SMALL_SELECT_AMB</SoundscapeScript>
				</CitySoundscape>
				<CitySoundscape>
					<CitySizeType>CITYSIZE_MEDIUM</CitySizeType>
					<SoundscapeScript>ASSS_CITY_ANCIENT_SMALL_SELECT_AMB</SoundscapeScript>
				</CitySoundscape>
				<CitySoundscape>
					<CitySizeType>CITYSIZE_LARGE</CitySizeType>
					<SoundscapeScript>ASSS_CITY_ANCIENT_LARGE_SELECT_AMB</SoundscapeScript>
				</CitySoundscape>
			</CitySoundscapes>
			<AudioUnitVictoryScript>AS2D_VICTORY_EARLY</AudioUnitVictoryScript>
			<AudioUnitDefeatScript>AS2D_LOSS_EARLY</AudioUnitDefeatScript>
		</EraInfo>
		<EraInfo>
			<Type>ERA_MEDIEVAL</Type>
			<Description>TXT_KEY_ERA_MEDIEVAL</Description>
			<Strategy>TXT_KEY_ERA_MEDIEVAL_STRATEGY</Strategy>
			<bNoGoodies>0</bNoGoodies>
			<bNoAnimals>0</bNoAnimals>
			<bNoBarbUnits>0</bNoBarbUnits>
			<bNoBarbCities>0</bNoBarbCities>
			<iAdvancedStartPoints>1800</iAdvancedStartPoints>
			<iStartingUnitMultiplier>2</iStartingUnitMultiplier>
			<iStartingDefenseUnits>2</iStartingDefenseUnits>
			<iStartingWorkerUnits>1</iStartingWorkerUnits>
			<iStartingExploreUnits>1</iStartingExploreUnits>
			<iStartingGold>25</iStartingGold>
			<iFreePopulation>0</iFreePopulation>
			<iStartPercent>25</iStartPercent>
			<iGrowthPercent>100</iGrowthPercent>
			<iTrainPercent>100</iTrainPercent>
			<iConstructPercent>100</iConstructPercent>
			<iCreatePercent>100</iCreatePercent>
			<iResearchPercent>80</iResearchPercent>
			<iBuildPercent>100</iBuildPercent>
			<iImprovementPercent>100</iImprovementPercent>
			<iGreatPeoplePercent>100</iGreatPeoplePercent>
			<iCulturePercent>100</iCulturePercent>
			<iAnarchyPercent>40</iAnarchyPercent>
			<iEventChancePerTurn>4</iEventChancePerTurn>
			<iSoundtrackSpace>200</iSoundtrackSpace>
			<bFirstSoundtrackFirst>0</bFirstSoundtrackFirst>
			<EraInfoSoundtracks>
				<EraInfoSoundtrack>AS2D_SONG_TAMRIEL_1</EraInfoSoundtrack>
				<EraInfoSoundtrack>AS2D_SONG_TAMRIEL_2</EraInfoSoundtrack>
				<EraInfoSoundtrack>AS2D_SONG_TAMRIEL_3</EraInfoSoundtrack>
				<EraInfoSoundtrack>AS2D_SONG_TAMRIEL_4</EraInfoSoundtrack>
				<EraInfoSoundtrack>AS2D_SONG_TAMRIEL_5</EraInfoSoundtrack>
				<EraInfoSoundtrack>AS2D_SONG_TAMRIEL_6</EraInfoSoundtrack>
				<EraInfoSoundtrack>AS2D_SONG_TAMRIEL_7</EraInfoSoundtrack>
				<EraInfoSoundtrack>AS2D_SONG_TAMRIEL_8</EraInfoSoundtrack>
				<EraInfoSoundtrack>AS2D_SONG_TAMRIEL_9</EraInfoSoundtrack>
				<EraInfoSoundtrack>AS2D_SONG_TAMRIEL_10</EraInfoSoundtrack>
				<EraInfoSoundtrack>AS2D_SONG_TAMRIEL_11</EraInfoSoundtrack>
				<EraInfoSoundtrack>AS2D_SONG_TAMRIEL_12</EraInfoSoundtrack>
				<EraInfoSoundtrack>AS2D_SONG_TAMRIEL_13</EraInfoSoundtrack>
				<EraInfoSoundtrack>AS2D_SONG_TAMRIEL_14</EraInfoSoundtrack>
				<EraInfoSoundtrack>AS2D_SONG_TAMRIEL_15</EraInfoSoundtrack>
				<EraInfoSoundtrack>AS2D_SONG_TAMRIEL_16</EraInfoSoundtrack>
				<EraInfoSoundtrack>AS2D_SONG_TAMRIEL_17</EraInfoSoundtrack>
				<EraInfoSoundtrack>AS2D_SONG_TAMRIEL_18</EraInfoSoundtrack>
				<EraInfoSoundtrack>AS2D_SONG_TAMRIEL_19</EraInfoSoundtrack>
				<EraInfoSoundtrack>AS2D_SONG_TAMRIEL_20</EraInfoSoundtrack>
				<EraInfoSoundtrack>AS2D_SONG_TAMRIEL_21</EraInfoSoundtrack>
			</EraInfoSoundtracks>
			<CitySoundscapes>
				<CitySoundscape>
					<CitySizeType>CITYSIZE_SMALL</CitySizeType>
					<SoundscapeScript>ASSS_CITY_MIDDLE_SMALL_SELECT_AMB</SoundscapeScript>
				</CitySoundscape>
				<CitySoundscape>
					<CitySizeType>CITYSIZE_MEDIUM</CitySizeType>
					<SoundscapeScript>ASSS_CITY_MIDDLE_SMALL_SELECT_AMB</SoundscapeScript>
				</CitySoundscape>
				<CitySoundscape>
					<CitySizeType>CITYSIZE_LARGE</CitySizeType>
					<SoundscapeScript>ASSS_CITY_MIDDLE_LARGE_SELECT_AMB</SoundscapeScript>
				</CitySoundscape>
			</CitySoundscapes>
			<AudioUnitVictoryScript>AS2D_VICTORY_MIDDLE</AudioUnitVictoryScript>
			<AudioUnitDefeatScript>AS2D_LOSS_MIDDLE</AudioUnitDefeatScript>
		</EraInfo>
		<EraInfo>
			<Type>ERA_RENAISSANCE</Type>
			<Description>TXT_KEY_ERA_RENAISSANCE</Description>
			<Strategy>TXT_KEY_ERA_RENAISSANCE_STRATEGY</Strategy>
			<bNoGoodies>1</bNoGoodies>
			<bNoAnimals>0</bNoAnimals>
			<bNoBarbUnits>0</bNoBarbUnits>
			<bNoBarbCities>0</bNoBarbCities>
			<iAdvancedStartPoints>2700</iAdvancedStartPoints>
			<iStartingUnitMultiplier>2</iStartingUnitMultiplier>
			<iStartingDefenseUnits>2</iStartingDefenseUnits>
			<iStartingWorkerUnits>1</iStartingWorkerUnits>
			<iStartingExploreUnits>1</iStartingExploreUnits>
			<iStartingGold>50</iStartingGold>
			<iFreePopulation>1</iFreePopulation>
			<iStartPercent>37</iStartPercent>
			<iGrowthPercent>90</iGrowthPercent>
			<iTrainPercent>90</iTrainPercent>
			<iConstructPercent>90</iConstructPercent>
			<iCreatePercent>90</iCreatePercent>
			<iResearchPercent>70</iResearchPercent>
			<iBuildPercent>90</iBuildPercent>
			<iImprovementPercent>90</iImprovementPercent>
			<iGreatPeoplePercent>90</iGreatPeoplePercent>
			<iCulturePercent>90</iCulturePercent>
			<iAnarchyPercent>40</iAnarchyPercent>
			<iEventChancePerTurn>4</iEventChancePerTurn>
			<iSoundtrackSpace>160</iSoundtrackSpace>
			<bFirstSoundtrackFirst>0</bFirstSoundtrackFirst>
			<EraInfoSoundtracks>
				<EraInfoSoundtrack>AS2D_SONG_TAMRIEL_1</EraInfoSoundtrack>
				<EraInfoSoundtrack>AS2D_SONG_TAMRIEL_2</EraInfoSoundtrack>
				<EraInfoSoundtrack>AS2D_SONG_TAMRIEL_3</EraInfoSoundtrack>
				<EraInfoSoundtrack>AS2D_SONG_TAMRIEL_4</EraInfoSoundtrack>
				<EraInfoSoundtrack>AS2D_SONG_TAMRIEL_5</EraInfoSoundtrack>
				<EraInfoSoundtrack>AS2D_SONG_TAMRIEL_6</EraInfoSoundtrack>
				<EraInfoSoundtrack>AS2D_SONG_TAMRIEL_7</EraInfoSoundtrack>
				<EraInfoSoundtrack>AS2D_SONG_TAMRIEL_8</EraInfoSoundtrack>
				<EraInfoSoundtrack>AS2D_SONG_TAMRIEL_9</EraInfoSoundtrack>
				<EraInfoSoundtrack>AS2D_SONG_TAMRIEL_10</EraInfoSoundtrack>
				<EraInfoSoundtrack>AS2D_SONG_TAMRIEL_11</EraInfoSoundtrack>
				<EraInfoSoundtrack>AS2D_SONG_TAMRIEL_12</EraInfoSoundtrack>
				<EraInfoSoundtrack>AS2D_SONG_TAMRIEL_13</EraInfoSoundtrack>
				<EraInfoSoundtrack>AS2D_SONG_TAMRIEL_14</EraInfoSoundtrack>
				<EraInfoSoundtrack>AS2D_SONG_TAMRIEL_15</EraInfoSoundtrack>
				<EraInfoSoundtrack>AS2D_SONG_TAMRIEL_16</EraInfoSoundtrack>
				<EraInfoSoundtrack>AS2D_SONG_TAMRIEL_17</EraInfoSoundtrack>
				<EraInfoSoundtrack>AS2D_SONG_TAMRIEL_18</EraInfoSoundtrack>
				<EraInfoSoundtrack>AS2D_SONG_TAMRIEL_19</EraInfoSoundtrack>
				<EraInfoSoundtrack>AS2D_SONG_TAMRIEL_20</EraInfoSoundtrack>
				<EraInfoSoundtrack>AS2D_SONG_TAMRIEL_21</EraInfoSoundtrack>
			</EraInfoSoundtracks>
			<CitySoundscapes>
				<CitySoundscape>
					<CitySizeType>CITYSIZE_SMALL</CitySizeType>
					<SoundscapeScript>ASSS_CITY_MIDDLE_SMALL_SELECT_AMB</SoundscapeScript>
				</CitySoundscape>
				<CitySoundscape>
					<CitySizeType>CITYSIZE_MEDIUM</CitySizeType>
					<SoundscapeScript>ASSS_CITY_MIDDLE_SMALL_SELECT_AMB</SoundscapeScript>
				</CitySoundscape>
				<CitySoundscape>
					<CitySizeType>CITYSIZE_LARGE</CitySizeType>
					<SoundscapeScript>ASSS_CITY_MIDDLE_LARGE_SELECT_AMB</SoundscapeScript>
				</CitySoundscape>
			</CitySoundscapes>
			<AudioUnitVictoryScript>AS2D_VICTORY_MIDDLE</AudioUnitVictoryScript>
			<AudioUnitDefeatScript>AS2D_LOSS_MIDDLE</AudioUnitDefeatScript>
		</EraInfo>
		<EraInfo>
			<Type>ERA_INDUSTRIAL</Type>
			<Description>TXT_KEY_ERA_INDUSTRIAL</Description>
			<Strategy>TXT_KEY_ERA_INDUSTRIAL_STRATEGY</Strategy>
			<bNoGoodies>1</bNoGoodies>
			<bNoAnimals>0</bNoAnimals>
			<bNoBarbUnits>0</bNoBarbUnits>
			<bNoBarbCities>0</bNoBarbCities>
			<iAdvancedStartPoints>4000</iAdvancedStartPoints>
			<iStartingUnitMultiplier>3</iStartingUnitMultiplier>
			<iStartingDefenseUnits>3</iStartingDefenseUnits>
			<iStartingWorkerUnits>2</iStartingWorkerUnits>
			<iStartingExploreUnits>2</iStartingExploreUnits>
			<iStartingGold>100</iStartingGold>
			<iFreePopulation>2</iFreePopulation>
			<iStartPercent>50</iStartPercent>
			<iGrowthPercent>80</iGrowthPercent>
			<iTrainPercent>80</iTrainPercent>
			<iConstructPercent>80</iConstructPercent>
			<iCreatePercent>80</iCreatePercent>
			<iResearchPercent>60</iResearchPercent>
			<iBuildPercent>80</iBuildPercent>
			<iImprovementPercent>80</iImprovementPercent>
			<iGreatPeoplePercent>80</iGreatPeoplePercent>
			<iCulturePercent>80</iCulturePercent>
			<iAnarchyPercent>34</iAnarchyPercent>
			<iEventChancePerTurn>6</iEventChancePerTurn>
			<iSoundtrackSpace>120</iSoundtrackSpace>
			<bFirstSoundtrackFirst>0</bFirstSoundtrackFirst>
			<EraInfoSoundtracks>
				<EraInfoSoundtrack>AS2D_SONG_TAMRIEL_1</EraInfoSoundtrack>
				<EraInfoSoundtrack>AS2D_SONG_TAMRIEL_2</EraInfoSoundtrack>
				<EraInfoSoundtrack>AS2D_SONG_TAMRIEL_3</EraInfoSoundtrack>
				<EraInfoSoundtrack>AS2D_SONG_TAMRIEL_4</EraInfoSoundtrack>
				<EraInfoSoundtrack>AS2D_SONG_TAMRIEL_5</EraInfoSoundtrack>
				<EraInfoSoundtrack>AS2D_SONG_TAMRIEL_6</EraInfoSoundtrack>
				<EraInfoSoundtrack>AS2D_SONG_TAMRIEL_7</EraInfoSoundtrack>
				<EraInfoSoundtrack>AS2D_SONG_TAMRIEL_8</EraInfoSoundtrack>
				<EraInfoSoundtrack>AS2D_SONG_TAMRIEL_9</EraInfoSoundtrack>
				<EraInfoSoundtrack>AS2D_SONG_TAMRIEL_10</EraInfoSoundtrack>
				<EraInfoSoundtrack>AS2D_SONG_TAMRIEL_11</EraInfoSoundtrack>
				<EraInfoSoundtrack>AS2D_SONG_TAMRIEL_12</EraInfoSoundtrack>
				<EraInfoSoundtrack>AS2D_SONG_TAMRIEL_13</EraInfoSoundtrack>
				<EraInfoSoundtrack>AS2D_SONG_TAMRIEL_14</EraInfoSoundtrack>
				<EraInfoSoundtrack>AS2D_SONG_TAMRIEL_15</EraInfoSoundtrack>
				<EraInfoSoundtrack>AS2D_SONG_TAMRIEL_16</EraInfoSoundtrack>
				<EraInfoSoundtrack>AS2D_SONG_TAMRIEL_17</EraInfoSoundtrack>
				<EraInfoSoundtrack>AS2D_SONG_TAMRIEL_18</EraInfoSoundtrack>
				<EraInfoSoundtrack>AS2D_SONG_TAMRIEL_19</EraInfoSoundtrack>
				<EraInfoSoundtrack>AS2D_SONG_TAMRIEL_20</EraInfoSoundtrack>
				<EraInfoSoundtrack>AS2D_SONG_TAMRIEL_21</EraInfoSoundtrack>
			</EraInfoSoundtracks>
			<CitySoundscapes>
				<CitySoundscape>
					<CitySizeType>CITYSIZE_SMALL</CitySizeType>
					<SoundscapeScript>ASSS_CITY_MIDDLE_SMALL_SELECT_AMB</SoundscapeScript>
				</CitySoundscape>
				<CitySoundscape>
					<CitySizeType>CITYSIZE_MEDIUM</CitySizeType>
					<SoundscapeScript>ASSS_CITY_MIDDLE_SMALL_SELECT_AMB</SoundscapeScript>
				</CitySoundscape>
				<CitySoundscape>
					<CitySizeType>CITYSIZE_LARGE</CitySizeType>
					<SoundscapeScript>ASSS_CITY_MIDDLE_LARGE_SELECT_AMB</SoundscapeScript>
				</CitySoundscape>
			</CitySoundscapes>
			<AudioUnitVictoryScript>AS2D_VICTORY_MIDDLE</AudioUnitVictoryScript>
			<AudioUnitDefeatScript>AS2D_LOSS_MIDDLE</AudioUnitDefeatScript>
		</EraInfo>
		<EraInfo>
			<Type>ERA_MODERN</Type>
			<Description>TXT_KEY_ERA_MODERN</Description>
			<Strategy>TXT_KEY_ERA_MODERN_STRATEGY</Strategy>
			<bNoGoodies>1</bNoGoodies>
			<bNoAnimals>1</bNoAnimals>
			<bNoBarbUnits>1</bNoBarbUnits>
			<bNoBarbCities>1</bNoBarbCities>
			<iAdvancedStartPoints>5500</iAdvancedStartPoints>
			<iStartingUnitMultiplier>3</iStartingUnitMultiplier>
			<iStartingDefenseUnits>3</iStartingDefenseUnits>
			<iStartingWorkerUnits>2</iStartingWorkerUnits>
			<iStartingExploreUnits>2</iStartingExploreUnits>
			<iStartingGold>200</iStartingGold>
			<iFreePopulation>3</iFreePopulation>
			<iStartPercent>65</iStartPercent>
			<iGrowthPercent>70</iGrowthPercent>
			<iTrainPercent>70</iTrainPercent>
			<iConstructPercent>70</iConstructPercent>
			<iCreatePercent>70</iCreatePercent>
			<iResearchPercent>50</iResearchPercent>
			<iBuildPercent>70</iBuildPercent>
			<iImprovementPercent>70</iImprovementPercent>
			<iGreatPeoplePercent>70</iGreatPeoplePercent>
			<iCulturePercent>70</iCulturePercent>
			<iAnarchyPercent>34</iAnarchyPercent>
			<iEventChancePerTurn>8</iEventChancePerTurn>
			<iSoundtrackSpace>80</iSoundtrackSpace>
			<bFirstSoundtrackFirst>0</bFirstSoundtrackFirst>
			<EraInfoSoundtracks>
				<EraInfoSoundtrack>AS2D_SONG_TAMRIEL_1</EraInfoSoundtrack>
				<EraInfoSoundtrack>AS2D_SONG_TAMRIEL_2</EraInfoSoundtrack>
				<EraInfoSoundtrack>AS2D_SONG_TAMRIEL_3</EraInfoSoundtrack>
				<EraInfoSoundtrack>AS2D_SONG_TAMRIEL_4</EraInfoSoundtrack>
				<EraInfoSoundtrack>AS2D_SONG_TAMRIEL_5</EraInfoSoundtrack>
				<EraInfoSoundtrack>AS2D_SONG_TAMRIEL_6</EraInfoSoundtrack>
				<EraInfoSoundtrack>AS2D_SONG_TAMRIEL_7</EraInfoSoundtrack>
				<EraInfoSoundtrack>AS2D_SONG_TAMRIEL_8</EraInfoSoundtrack>
				<EraInfoSoundtrack>AS2D_SONG_TAMRIEL_9</EraInfoSoundtrack>
				<EraInfoSoundtrack>AS2D_SONG_TAMRIEL_10</EraInfoSoundtrack>
				<EraInfoSoundtrack>AS2D_SONG_TAMRIEL_11</EraInfoSoundtrack>
				<EraInfoSoundtrack>AS2D_SONG_TAMRIEL_12</EraInfoSoundtrack>
				<EraInfoSoundtrack>AS2D_SONG_TAMRIEL_13</EraInfoSoundtrack>
				<EraInfoSoundtrack>AS2D_SONG_TAMRIEL_14</EraInfoSoundtrack>
				<EraInfoSoundtrack>AS2D_SONG_TAMRIEL_15</EraInfoSoundtrack>
				<EraInfoSoundtrack>AS2D_SONG_TAMRIEL_16</EraInfoSoundtrack>
				<EraInfoSoundtrack>AS2D_SONG_TAMRIEL_17</EraInfoSoundtrack>
				<EraInfoSoundtrack>AS2D_SONG_TAMRIEL_18</EraInfoSoundtrack>
				<EraInfoSoundtrack>AS2D_SONG_TAMRIEL_19</EraInfoSoundtrack>
				<EraInfoSoundtrack>AS2D_SONG_TAMRIEL_20</EraInfoSoundtrack>
				<EraInfoSoundtrack>AS2D_SONG_TAMRIEL_21</EraInfoSoundtrack>
			</EraInfoSoundtracks>
			<CitySoundscapes>
				<CitySoundscape>
					<CitySizeType>CITYSIZE_SMALL</CitySizeType>
					<SoundscapeScript>ASSS_CITY_LATE_SMALL_SELECT_AMB</SoundscapeScript>
				</CitySoundscape>
				<CitySoundscape>
					<CitySizeType>CITYSIZE_MEDIUM</CitySizeType>
					<SoundscapeScript>ASSS_CITY_LATE_SMALL_SELECT_AMB</SoundscapeScript>
				</CitySoundscape>
				<CitySoundscape>
					<CitySizeType>CITYSIZE_LARGE</CitySizeType>
					<SoundscapeScript>ASSS_CITY_LATE_LARGE_SELECT_AMB</SoundscapeScript>
				</CitySoundscape>
			</CitySoundscapes>
			<AudioUnitVictoryScript>AS2D_VICTORY_LATE</AudioUnitVictoryScript>
			<AudioUnitDefeatScript>AS2D_LOSS_LATE</AudioUnitDefeatScript>
		</EraInfo>
		<EraInfo>
			<Type>ERA_FUTURE</Type>
			<Description>TXT_KEY_ERA_FUTURE</Description>
			<Strategy>TXT_KEY_ERA_FUTURE_STRATEGY</Strategy>
			<bNoGoodies>1</bNoGoodies>
			<bNoAnimals>1</bNoAnimals>
			<bNoBarbUnits>1</bNoBarbUnits>
			<bNoBarbCities>1</bNoBarbCities>
			<iAdvancedStartPoints>7000</iAdvancedStartPoints>
			<iStartingUnitMultiplier>3</iStartingUnitMultiplier>
			<iStartingDefenseUnits>3</iStartingDefenseUnits>
			<iStartingWorkerUnits>3</iStartingWorkerUnits>
			<iStartingExploreUnits>2</iStartingExploreUnits>
			<iStartingGold>400</iStartingGold>
			<iFreePopulation>4</iFreePopulation>
			<iStartPercent>80</iStartPercent>
			<iGrowthPercent>60</iGrowthPercent>
			<iTrainPercent>60</iTrainPercent>
			<iConstructPercent>60</iConstructPercent>
			<iCreatePercent>60</iCreatePercent>
			<iResearchPercent>40</iResearchPercent>
			<iBuildPercent>60</iBuildPercent>
			<iImprovementPercent>60</iImprovementPercent>
			<iGreatPeoplePercent>60</iGreatPeoplePercent>
			<iCulturePercent>60</iCulturePercent>
			<iAnarchyPercent>34</iAnarchyPercent>
			<iEventChancePerTurn>10</iEventChancePerTurn>
			<iSoundtrackSpace>40</iSoundtrackSpace>
			<bFirstSoundtrackFirst>0</bFirstSoundtrackFirst>
			<EraInfoSoundtracks>
				<EraInfoSoundtrack>AS2D_SONG_TAMRIEL_1</EraInfoSoundtrack>
				<EraInfoSoundtrack>AS2D_SONG_TAMRIEL_2</EraInfoSoundtrack>
				<EraInfoSoundtrack>AS2D_SONG_TAMRIEL_3</EraInfoSoundtrack>
				<EraInfoSoundtrack>AS2D_SONG_TAMRIEL_4</EraInfoSoundtrack>
				<EraInfoSoundtrack>AS2D_SONG_TAMRIEL_5</EraInfoSoundtrack>
				<EraInfoSoundtrack>AS2D_SONG_TAMRIEL_6</EraInfoSoundtrack>
				<EraInfoSoundtrack>AS2D_SONG_TAMRIEL_7</EraInfoSoundtrack>
				<EraInfoSoundtrack>AS2D_SONG_TAMRIEL_8</EraInfoSoundtrack>
				<EraInfoSoundtrack>AS2D_SONG_TAMRIEL_9</EraInfoSoundtrack>
				<EraInfoSoundtrack>AS2D_SONG_TAMRIEL_10</EraInfoSoundtrack>
				<EraInfoSoundtrack>AS2D_SONG_TAMRIEL_11</EraInfoSoundtrack>
				<EraInfoSoundtrack>AS2D_SONG_TAMRIEL_12</EraInfoSoundtrack>
				<EraInfoSoundtrack>AS2D_SONG_TAMRIEL_13</EraInfoSoundtrack>
				<EraInfoSoundtrack>AS2D_SONG_TAMRIEL_14</EraInfoSoundtrack>
				<EraInfoSoundtrack>AS2D_SONG_TAMRIEL_15</EraInfoSoundtrack>
				<EraInfoSoundtrack>AS2D_SONG_TAMRIEL_16</EraInfoSoundtrack>
				<EraInfoSoundtrack>AS2D_SONG_TAMRIEL_17</EraInfoSoundtrack>
				<EraInfoSoundtrack>AS2D_SONG_TAMRIEL_18</EraInfoSoundtrack>
				<EraInfoSoundtrack>AS2D_SONG_TAMRIEL_19</EraInfoSoundtrack>
				<EraInfoSoundtrack>AS2D_SONG_TAMRIEL_20</EraInfoSoundtrack>
				<EraInfoSoundtrack>AS2D_SONG_TAMRIEL_21</EraInfoSoundtrack>
			</EraInfoSoundtracks>
			<CitySoundscapes>
				<CitySoundscape>
					<CitySizeType>CITYSIZE_SMALL</CitySizeType>
					<SoundscapeScript>ASSS_CITY_LATE_SMALL_SELECT_AMB</SoundscapeScript>
				</CitySoundscape>
				<CitySoundscape>
					<CitySizeType>CITYSIZE_MEDIUM</CitySizeType>
					<SoundscapeScript>ASSS_CITY_LATE_SMALL_SELECT_AMB</SoundscapeScript>
				</CitySoundscape>
				<CitySoundscape>
					<CitySizeType>CITYSIZE_LARGE</CitySizeType>
					<SoundscapeScript>ASSS_CITY_LATE_LARGE_SELECT_AMB</SoundscapeScript>
				</CitySoundscape>
			</CitySoundscapes>
			<AudioUnitVictoryScript>AS2D_VICTORY_LATE</AudioUnitVictoryScript>
			<AudioUnitDefeatScript>AS2D_LOSS_LATE</AudioUnitDefeatScript>
		</EraInfo>
	</EraInfos>
</Civ4EraInfos>
