<?xml version="1.0"?>
<!-- edited with XMLSPY v2004 rel. 2 U (http://www.xmlspy.com) by Alex Mantzaris (Firaxis Games) -->
<!-- Sid Meier's Civilization 4 -->
<!-- Copyright Firaxis Games 2005 -->
<!-- -->
<!-- Route Infos -->
<Civ4RouteInfos xmlns="x-schema:CIV4MiscSchema.xml">
	<RouteInfos>
		<RouteInfo>
			<Type>ROUTE_ROAD</Type>
			<Description>TXT_KEY_ROUTE_ROAD</Description>
			<iValue>1</iValue>
			<iAdvancedStartCost>12</iAdvancedStartCost>
			<iAdvancedStartCostIncrease>0</iAdvancedStartCostIncrease>
			<iMovement>30</iMovement>
			<iFlatMovement>30</iFlatMovement>
			<BonusType>NONE</BonusType>
			<PrereqOrBonuses/>
			<Yields/>
			<TechMovementChanges>
				<TechMovementChange>
					<PrereqTech>TECH_ENGINEERING</PrereqTech>
					<iMovementChange>-10</iMovementChange>
				</TechMovementChange>
			</TechMovementChanges>
			<Button>Art/Interface/Buttons/Builds/BuildRoad.dds</Button>
		</RouteInfo>
		<RouteInfo>
			<Type>ROUTE_RAILROAD</Type>
			<Description>TXT_KEY_ROUTE_RAILROAD</Description>
			<iValue>2</iValue>
			<iAdvancedStartCost>18</iAdvancedStartCost>
			<iAdvancedStartCostIncrease>0</iAdvancedStartCostIncrease>
			<iMovement>20</iMovement>
			<iFlatMovement>6</iFlatMovement>
			<BonusType>NONE</BonusType>
			<PrereqOrBonuses/>
			<Yields/>
			<TechMovementChanges/>
			<Button>Art/Interface/Buttons/Builds/BuildRailroad.dds</Button>
		</RouteInfo>
	</RouteInfos>
</Civ4RouteInfos>
