<?xml version="1.0"?>
<!-- edited with XMLSPY v2004 rel. 2 U (http://www.xmlspy.com) by Dean Ray Johnson (Firaxis Games) -->
<!-- Sid Meier's Civilization 4 -->
<!-- Copyright Firaxis Games 2005 -->
<!-- -->
<!-- Soundscapes -->
<ScriptSoundscapes xmlns="x-schema:AudioScriptSchema.xml">
	<ScriptSoundscape>
		<ScriptID>ASSS_CITY_ANCIENT_SMALL_SELECT_AMB</ScriptID>
		<iMinVolume>100</iMinVolume>
		<iMaxVolume>100</iMaxVolume>
		<SoundscapeElement>
			<ScriptType>2D</ScriptType>
			<ScriptID>AS2D_SS_ANCIENT_SMALL_CITYLOOP</ScriptID>
		</SoundscapeElement>
		<SoundscapeElement>
			<ScriptType>3D</ScriptType>
			<ScriptID>AS3D_SS_DOG</ScriptID>
		</SoundscapeElement>
		<SoundscapeElement>
			<ScriptType>3D</ScriptType>
			<ScriptID>AS3D_SS_CHICKENS</ScriptID>
		</SoundscapeElement>
		<SoundscapeElement>
			<ScriptType>3D</ScriptType>
			<ScriptID>AS3D_SS_TALK</ScriptID>
		</SoundscapeElement>
	</ScriptSoundscape>
	<ScriptSoundscape>
		<ScriptID>ASSS_CITY_ANCIENT_LARGE_SELECT_AMB</ScriptID>
		<iMinVolume>100</iMinVolume>
		<iMaxVolume>100</iMaxVolume>
		<SoundscapeElement>
			<ScriptType>2D</ScriptType>
			<ScriptID>AS2D_SS_CITY_ANCIENT_LARGE_BED</ScriptID>
		</SoundscapeElement>
		<SoundscapeElement>
			<ScriptType>3D</ScriptType>
			<ScriptID>AS3D_SS_DOG</ScriptID>
		</SoundscapeElement>
		<SoundscapeElement>
			<ScriptType>3D</ScriptType>
			<ScriptID>AS3D_SS_CHICKENS</ScriptID>
		</SoundscapeElement>
		<SoundscapeElement>
			<ScriptType>3D</ScriptType>
			<ScriptID>AS3D_SS_TALK</ScriptID>
		</SoundscapeElement>
	</ScriptSoundscape>
	<ScriptSoundscape>
		<ScriptID>ASSS_CITY_MIDDLE_SMALL_SELECT_AMB</ScriptID>
		<iMinVolume>100</iMinVolume>
		<iMaxVolume>100</iMaxVolume>
		<SoundscapeElement>
			<ScriptType>2D</ScriptType>
			<ScriptID>AS2D_SS_CITY_MIDDLE_SMALL_BED</ScriptID>
		</SoundscapeElement>
		<SoundscapeElement>
			<ScriptType>3D</ScriptType>
			<ScriptID>AS3D_SS_CHURCH_BELLS</ScriptID>
		</SoundscapeElement>
		<SoundscapeElement>
			<ScriptType>3D</ScriptType>
			<ScriptID>AS3D_SS_HORSE_COBBLESTONES</ScriptID>
		</SoundscapeElement>
		<SoundscapeElement>
			<ScriptType>3D</ScriptType>
			<ScriptID>AS3D_SS_HORSE_VOX</ScriptID>
		</SoundscapeElement>
		<SoundscapeElement>
			<ScriptType>3D</ScriptType>
			<ScriptID>AS3D_SS_CART</ScriptID>
		</SoundscapeElement>
	</ScriptSoundscape>
	<ScriptSoundscape>
		<ScriptID>ASSS_CITY_MIDDLE_LARGE_SELECT_AMB</ScriptID>
		<iMinVolume>100</iMinVolume>
		<iMaxVolume>100</iMaxVolume>
		<SoundscapeElement>
			<ScriptType>2D</ScriptType>
			<ScriptID>AS2D_SS_CITY_MIDDLE_LARGE_BED</ScriptID>
		</SoundscapeElement>
		<SoundscapeElement>
			<ScriptType>3D</ScriptType>
			<ScriptID>AS3D_SS_CHURCH_BELLS</ScriptID>
		</SoundscapeElement>
		<SoundscapeElement>
			<ScriptType>3D</ScriptType>
			<ScriptID>AS3D_SS_HORSE_COBBLESTONES</ScriptID>
		</SoundscapeElement>
		<SoundscapeElement>
			<ScriptType>3D</ScriptType>
			<ScriptID>AS3D_SS_HORSE_VOX</ScriptID>
		</SoundscapeElement>
		<SoundscapeElement>
			<ScriptType>3D</ScriptType>
			<ScriptID>AS3D_SS_CART</ScriptID>
		</SoundscapeElement>
	</ScriptSoundscape>
	<ScriptSoundscape>
		<ScriptID>ASSS_CITY_LATE_SMALL_SELECT_AMB</ScriptID>
		<iMinVolume>100</iMinVolume>
		<iMaxVolume>100</iMaxVolume>
		<SoundscapeElement>
			<ScriptType>2D</ScriptType>
			<ScriptID>AS2D_SS_CITY_LATE_SMALL_BED</ScriptID>
		</SoundscapeElement>
		<SoundscapeElement>
			<ScriptType>3D</ScriptType>
			<ScriptID>AS3D_SS_HORN</ScriptID>
		</SoundscapeElement>
		<SoundscapeElement>
			<ScriptType>3D</ScriptType>
			<ScriptID>AS3D_SS_AUTO_PASSING</ScriptID>
		</SoundscapeElement>
		<SoundscapeElement>
			<ScriptType>3D</ScriptType>
			<ScriptID>AS3D_SS_FOOTSTEPS</ScriptID>
		</SoundscapeElement>
	</ScriptSoundscape>
	<ScriptSoundscape>
		<ScriptID>ASSS_CITY_LATE_LARGE_SELECT_AMB</ScriptID>
		<iMinVolume>100</iMinVolume>
		<iMaxVolume>100</iMaxVolume>
		<SoundscapeElement>
			<ScriptType>2D</ScriptType>
			<ScriptID>AS2D_SS_CITY_LATE_LARGE_BED</ScriptID>
		</SoundscapeElement>
		<SoundscapeElement>
			<ScriptType>3D</ScriptType>
			<ScriptID>AS3D_SS_HORN</ScriptID>
		</SoundscapeElement>
		<SoundscapeElement>
			<ScriptType>3D</ScriptType>
			<ScriptID>AS3D_SS_AUTO_PASSING</ScriptID>
		</SoundscapeElement>
		<SoundscapeElement>
			<ScriptType>3D</ScriptType>
			<ScriptID>AS3D_SS_FOOTSTEPS</ScriptID>
		</SoundscapeElement>
		<SoundscapeElement>
			<ScriptType>3D</ScriptType>
			<ScriptID>AS3D_SS_HORN_DOPPLER</ScriptID>
		</SoundscapeElement>
		<SoundscapeElement>
			<ScriptType>3D</ScriptType>
			<ScriptID>AS3D_SS_SIREN</ScriptID>
		</SoundscapeElement>
	</ScriptSoundscape>
	<ScriptSoundscape>
		<ScriptID>ASSS_CITY_NEXTWAR_SMALL_SELECT_AMB</ScriptID>
		<iMinVolume>100</iMinVolume>
		<iMaxVolume>100</iMaxVolume>
		<SoundscapeElement>
			<ScriptType>2D</ScriptType>
			<ScriptID>AS2D_SS_CITY_LATE_SMALL_BED</ScriptID>
		</SoundscapeElement>
		<SoundscapeElement>
			<ScriptType>3D</ScriptType>
			<ScriptID>AS3D_SS_AUTO_PASSING</ScriptID>
		</SoundscapeElement>
		<SoundscapeElement>
			<ScriptType>3D</ScriptType>
			<ScriptID>AS3D_SS_FOOTSTEPS</ScriptID>
		</SoundscapeElement>
		<SoundscapeElement>
			<ScriptType>3D</ScriptType>
			<ScriptID>AS3D_SS_FF_CITY_FLYBY_SMALL</ScriptID>
		</SoundscapeElement>
		<SoundscapeElement>
			<ScriptType>3D</ScriptType>
			<ScriptID>AS3D_SS_FF_CITY_FLYBY_MED</ScriptID>
		</SoundscapeElement>
		<SoundscapeElement>
			<ScriptType>3D</ScriptType>
			<ScriptID>AS3D_SS_FF_CITY_FLYBY_MED2</ScriptID>
		</SoundscapeElement>
		<SoundscapeElement>
			<ScriptType>3D</ScriptType>
			<ScriptID>AS3D_SS_FF_CITY_NOISE</ScriptID>
		</SoundscapeElement>
		<SoundscapeElement>
			<ScriptType>3D</ScriptType>
			<ScriptID>AS3D_SS_FF_CITY_CROWD</ScriptID>
		</SoundscapeElement>
	</ScriptSoundscape>
	<ScriptSoundscape>
		<ScriptID>ASSS_CITY_NEXTWAR_LARGE_SELECT_AMB</ScriptID>
		<iMinVolume>100</iMinVolume>
		<iMaxVolume>100</iMaxVolume>
		<SoundscapeElement>
			<ScriptType>2D</ScriptType>
			<ScriptID>AS2D_SS_CITY_LATE_LARGE_BED</ScriptID>
		</SoundscapeElement>
		<SoundscapeElement>
			<ScriptType>3D</ScriptType>
			<ScriptID>AS3D_SS_AUTO_PASSING</ScriptID>
		</SoundscapeElement>
		<SoundscapeElement>
			<ScriptType>3D</ScriptType>
			<ScriptID>AS3D_SS_FOOTSTEPS</ScriptID>
		</SoundscapeElement>
		<SoundscapeElement>
			<ScriptType>3D</ScriptType>
			<ScriptID>AS3D_SS_FF_CITY_FLYBY_SMALL</ScriptID>
		</SoundscapeElement>
		<SoundscapeElement>
			<ScriptType>3D</ScriptType>
			<ScriptID>AS3D_SS_FF_CITY_FLYBY_SMALL2</ScriptID>
		</SoundscapeElement>
		<SoundscapeElement>
			<ScriptType>3D</ScriptType>
			<ScriptID>AS3D_SS_FF_CITY_FLYBY_MED</ScriptID>
		</SoundscapeElement>
		<SoundscapeElement>
			<ScriptType>3D</ScriptType>
			<ScriptID>AS3D_SS_FF_CITY_FLYBY_MED2</ScriptID>
		</SoundscapeElement>
		<SoundscapeElement>
			<ScriptType>3D</ScriptType>
			<ScriptID>AS3D_SS_FF_CITY_CROWD_2</ScriptID>
		</SoundscapeElement>
		<SoundscapeElement>
			<ScriptType>3D</ScriptType>
			<ScriptID>AS3D_SS_FF_CITY_VOICE</ScriptID>
		</SoundscapeElement>
		<SoundscapeElement>
			<ScriptType>3D</ScriptType>
			<ScriptID>AS3D_SS_SIREN</ScriptID>
		</SoundscapeElement>
	</ScriptSoundscape>
	<ScriptSoundscape>
		<ScriptID>ASSS_FOREST_SELECT_AMB</ScriptID>
		<iMinVolume>100</iMinVolume>
		<iMaxVolume>100</iMaxVolume>
		<SoundscapeElement>
			<ScriptType>2D</ScriptType>
			<ScriptID>AS2D_SS_FORESTLOOP</ScriptID>
		</SoundscapeElement>
		<SoundscapeElement>
			<ScriptType>3D</ScriptType>
			<ScriptID>AS3D_SS_BIRD</ScriptID>
		</SoundscapeElement>
		<SoundscapeElement>
			<ScriptType>3D</ScriptType>
			<ScriptID>AS3D_SS_BIRD</ScriptID>
		</SoundscapeElement>
	</ScriptSoundscape>
	<ScriptSoundscape>
		<ScriptID>ASSS_TUNDRA_SELECT_AMB</ScriptID>
		<iMinVolume>100</iMinVolume>
		<iMaxVolume>100</iMaxVolume>
		<SoundscapeElement>
			<ScriptType>2D</ScriptType>
			<ScriptID>AS2D_SS_TUNDRALOOP</ScriptID>
		</SoundscapeElement>
		<SoundscapeElement>
			<ScriptType>3D</ScriptType>
			<ScriptID>AS3D_SS_WIND_GUST</ScriptID>
		</SoundscapeElement>
	</ScriptSoundscape>
	<ScriptSoundscape>
		<ScriptID>ASSS_JUNGLE_SELECT_AMB</ScriptID>
		<iMinVolume>100</iMinVolume>
		<iMaxVolume>100</iMaxVolume>
		<SoundscapeElement>
			<ScriptType>2D</ScriptType>
			<ScriptID>AS2D_SS_JUNGLELOOP</ScriptID>
		</SoundscapeElement>
		<SoundscapeElement>
			<ScriptType>3D</ScriptType>
			<ScriptID>AS3D_SS_JUNGLE_BIRD</ScriptID>
		</SoundscapeElement>
		<SoundscapeElement>
			<ScriptType>3D</ScriptType>
			<ScriptID>AS3D_SS_JUNGLE_BIRD</ScriptID>
		</SoundscapeElement>
	</ScriptSoundscape>
	<ScriptSoundscape>
		<ScriptID>ASSS_OCEAN_SELECT_AMB</ScriptID>
		<iMinVolume>100</iMinVolume>
		<iMaxVolume>100</iMaxVolume>
		<SoundscapeElement>
			<ScriptType>2D</ScriptType>
			<ScriptID>AS2D_SS_OCEANLOOP</ScriptID>
		</SoundscapeElement>
		<SoundscapeElement>
			<ScriptType>3D</ScriptType>
			<ScriptID>AS3D_SS_OCEAN-WAVES</ScriptID>
		</SoundscapeElement>
	</ScriptSoundscape>
	<ScriptSoundscape>
		<ScriptID>ASSS_OASIS_SELECT_AMB</ScriptID>
		<iMinVolume>100</iMinVolume>
		<iMaxVolume>100</iMaxVolume>
		<SoundscapeElement>
			<ScriptType>2D</ScriptType>
			<ScriptID>AS2D_SS_OASISLOOP</ScriptID>
		</SoundscapeElement>
		<SoundscapeElement>
			<ScriptType>3D</ScriptType>
			<ScriptID>AS3D_SS_OASIS_WAVES</ScriptID>
		</SoundscapeElement>
	</ScriptSoundscape>
	<ScriptSoundscape>
		<ScriptID>ASSS_COAST_SELECT_AMB</ScriptID>
		<iMinVolume>100</iMinVolume>
		<iMaxVolume>100</iMaxVolume>
		<SoundscapeElement>
			<ScriptType>2D</ScriptType>
			<ScriptID>AS2D_SS_COASTLOOP</ScriptID>
		</SoundscapeElement>
	</ScriptSoundscape>
	<ScriptSoundscape>
		<ScriptID>ASSS_DESERT_SELECT_AMB</ScriptID>
		<iMinVolume>100</iMinVolume>
		<iMaxVolume>100</iMaxVolume>
		<SoundscapeElement>
			<ScriptType>2D</ScriptType>
			<ScriptID>AS2D_SS_DESERTLOOP</ScriptID>
		</SoundscapeElement>
		<SoundscapeElement>
			<ScriptType>3D</ScriptType>
			<ScriptID>AS3D_SS_DESERT_SAND</ScriptID>
		</SoundscapeElement>
		<SoundscapeElement>
			<ScriptType>3D</ScriptType>
			<ScriptID>AS3D_SS_DESERT_HAWK</ScriptID>
		</SoundscapeElement>
	</ScriptSoundscape>
	<ScriptSoundscape>
		<ScriptID>ASSS_PLAINS_SELECT_AMB</ScriptID>
		<iMinVolume>100</iMinVolume>
		<iMaxVolume>100</iMaxVolume>
		<SoundscapeElement>
			<ScriptType>2D</ScriptType>
			<ScriptID>AS2D_SS_PLAINSLOOP</ScriptID>
		</SoundscapeElement>
	</ScriptSoundscape>
	<ScriptSoundscape>
		<ScriptID>ASSS_GRASSLAND_SELECT_AMB</ScriptID>
		<iMinVolume>100</iMinVolume>
		<iMaxVolume>100</iMaxVolume>
		<SoundscapeElement>
			<ScriptType>2D</ScriptType>
			<ScriptID>AS2D_SS_GRASSLANDLOOP</ScriptID>
		</SoundscapeElement>
	</ScriptSoundscape>
	<ScriptSoundscape>
		<ScriptID>ASSS_AFTERWORLD_SELECT_AMB</ScriptID>
		<iMinVolume>100</iMinVolume>
		<iMaxVolume>100</iMaxVolume>
		<SoundscapeElement>
			<ScriptType>2D</ScriptType>
			<ScriptID>AS2D_SS_AFTERWORLD_AMB_BED_LP</ScriptID>
		</SoundscapeElement>
		<SoundscapeElement>
			<ScriptType>3D</ScriptType>
			<ScriptID>AS3D_SS_WIND_GUST_LOW</ScriptID>
		</SoundscapeElement>
		<SoundscapeElement>
			<ScriptType>3D</ScriptType>
			<ScriptID>AS3D_SS_CHOIR_PAD</ScriptID>
		</SoundscapeElement>
		<SoundscapeElement>
			<ScriptType>3D</ScriptType>
			<ScriptID>AS3D_SS_ICY_PAD</ScriptID>
		</SoundscapeElement>
		<SoundscapeElement>
			<ScriptType>3D</ScriptType>
			<ScriptID>AS3D_SS_POUND_GROWL</ScriptID>
		</SoundscapeElement>
		<SoundscapeElement>
			<ScriptType>3D</ScriptType>
			<ScriptID>AS3D_SS_SCARY_WIND</ScriptID>
		</SoundscapeElement>
		<SoundscapeElement>
			<ScriptType>3D</ScriptType>
			<ScriptID>AS3D_SS_BLEEDER_FOG_VOX</ScriptID>
		</SoundscapeElement>
		<SoundscapeElement>
			<ScriptType>3D</ScriptType>
			<ScriptID>AS3D_SS_FERAL_FOG_VOX</ScriptID>
		</SoundscapeElement>
	</ScriptSoundscape>
	<ScriptSoundscape>
		<ScriptID>ASSS_FILLER</ScriptID>
		<iMinVolume>100</iMinVolume>
		<iMaxVolume>100</iMaxVolume>
		<SoundscapeElement>
			<ScriptType>3D</ScriptType>
			<ScriptID>AS3D_SS_DOG</ScriptID>
		</SoundscapeElement>
	</ScriptSoundscape>
	<ScriptSoundscape>
		<ScriptID>ASSS_SUPERNOVA_SELECT_AMB</ScriptID>
		<iMinVolume>100</iMinVolume>
		<iMaxVolume>100</iMaxVolume>
		<SoundscapeElement>
			<ScriptType>2D</ScriptType>
			<ScriptID>AS2D_SUPERNOVA_AMB_BED_LP</ScriptID>
		</SoundscapeElement>
		<SoundscapeElement>
			<ScriptType>3D</ScriptType>
			<ScriptID>AS3D_SS_SUPERNOVA_BLAST</ScriptID>
		</SoundscapeElement>
	</ScriptSoundscape>
	<ScriptSoundscape>
		<ScriptID>ASSS_BLACK_HOLE_SELECT_AMB</ScriptID>
		<iMinVolume>100</iMinVolume>
		<iMaxVolume>100</iMaxVolume>
		<SoundscapeElement>
			<ScriptType>2D</ScriptType>
			<ScriptID>AS2D_BLACK_HOLE_AMB_BED_LP</ScriptID>
		</SoundscapeElement>
	</ScriptSoundscape>
	<ScriptSoundscape>
		<ScriptID>ASSS_ASTEROIDS_SELECT_AMB</ScriptID>
		<iMinVolume>100</iMinVolume>
		<iMaxVolume>100</iMaxVolume>
		<SoundscapeElement>
			<ScriptType>2D</ScriptType>
			<ScriptID>AS2D_ASTEROIDS_AMB_BED_LP</ScriptID>
		</SoundscapeElement>
	</ScriptSoundscape>
	<ScriptSoundscape>
		<ScriptID>ASSS_SPACE_RADIATION_SELECT_AMB</ScriptID>
		<iMinVolume>100</iMinVolume>
		<iMaxVolume>100</iMaxVolume>
		<SoundscapeElement>
			<ScriptType>2D</ScriptType>
			<ScriptID>AS2D_SPACE_RADIATION_AMB_BED_LP</ScriptID>
		</SoundscapeElement>
	</ScriptSoundscape>
</ScriptSoundscapes>
